customer_id,customer_name,address,city,state,zip
CUST000001,Olive Garden,935 Sunset St,Brooklyn,NY,11256
CUST000002,Bar Louie,7985 Main Pl,Queens,NY,11392
CUST000003,Chipotle Mexican Grill,"8399 Washington Ct, Unit B",Atlanta,GA,30363
CUST000004,Grand by Hyatt Pittsburgh,"5785 Bay Way, Unit B",Pittsburgh,PA,15274
CUST000005,House by Hyatt Providence,"5018 Highland Dr, Ste A",Providence,RI,02993
CUST000006,Nguyen's Diner,"3088 Sunset Pl, Ste A",New Orleans,LA,70102
CUST000007,Mama Miller's,"3748 Sunset St, Ste A",Queens,NY,11342
CUST000008,Safeway,"1846 Broad Blvd, Unit B",Chicago,IL,60691
CUST000009,Wingstop,"3506 Industrial Pl, Ste A",Tampa,FL,33610
CUST000010,Applebee's,"975 Church Rd, Unit B",Buffalo,NY,14238
CUST000011,Holiday Inn Express Boston,573 Lake Ct,Memphis,TN,38143
CUST000012,Corner Pocket Billiards & Bar,"8343 Park Dr, Unit B",Virginia Beach,VA,23411
CUST000013,HEB,"7419 Green St, Suite 100",Madison,WI,53751
CUST000014,Denver Taproom,"6503 Green Rd, Suite 200",Denver,CO,80257
CUST000015,House by Hyatt Cleveland,"5603 Market Pl, #101",Cleveland,OH,44146
CUST000016,Mama DeLuca's,"7592 Oak Pl, Suite 100",Fort Worth,TX,76118
CUST000017,Blu by Radisson Wilmington,"3155 Elm Pkwy, Unit B",Wilmington,DE,19889
CUST000018,Safeway,"3348 Commerce Ct, Unit B",Brooklyn,NY,11213
CUST000019,Yard House,"3333 Division Rd, Suite 100",Atlanta,GA,30365
CUST000020,ABC Fine Wine & Spirits,"8471 Walnut Pl, Ste A",Eugene,OR,97475
CUST000021,Jones's Liquor Store,"9552 Main Ave, Unit B",Orlando,FL,32862
CUST000022,Mama Patel's Kitchen,9460 Maple Ave,New York,NY,10099
CUST000023,Binny's Beverage Depot,5580 Garden Ln,Sioux Falls,SD,57114
CUST000024,Homewood Suites by Hilton Las Vegas,5388 Green Pl,Las Vegas,NV,89159
CUST000025,The Cheesecake Factory,"2963 Broad Ct, Suite 200",Omaha,NE,68120
CUST000026,The Richmond Grille,"9966 Green Blvd, Unit B",Richmond,VA,23271
CUST000027,Meijer,3123 Commerce Ct,Dallas,TX,75296
CUST000028,Cheers Bar & Grill,4040 Washington Ln,Lexington,KY,40577
CUST000029,Premier Wine & Spirits,"8268 Park Way, Ste A",Phoenix,AZ,85072
CUST000030,Pilot Flying J #3023,"9024 Market Way, Suite 100",Cincinnati,OH,45257
CUST000031,Total Spirits Reno,"5020 Highland Way, #101",Reno,NV,89575
CUST000032,Sam's Club,5929 Green Ln,Sioux Falls,SD,57117
CUST000033,Waffle House,"6712 Elm Ct, Suite 100",Honolulu,HI,96859
CUST000034,Trader Joe's,8008 Spring Way,Fargo,ND,58146
CUST000035,The Saddle & Saddle,"4963 Division Pkwy, Ste A",Lexington,KY,40568
CUST000036,Sam's Club,"4638 Chestnut Blvd, Unit B",Los Angeles,CA,90028
CUST000037,Kwik Trip #228,8736 Chestnut Blvd,Tampa,FL,33645
CUST000038,Al's Bar & Grill,"9722 Hill Blvd, Suite 100",Detroit,MI,48262
CUST000039,Pat's Grill,"4022 Green Pl, Suite 100",San Diego,CA,92185
CUST000040,Nick's Grill,"6035 Forest Ln, Unit B",Las Vegas,NV,89168
CUST000041,Walgreens,3190 Main Dr,Memphis,TN,38137
CUST000042,The Rusty Nail,4990 Washington Ave,Annapolis,MD,21493
CUST000043,Springhill Suites by Marriott Fargo,"4574 Center Pl, Suite 200",Fargo,ND,58129
CUST000044,Hooters,"8522 Harbor Rd, Suite 200",Oklahoma City,OK,73111
CUST000045,Corner Pocket Billiards & Bar,2408 Washington Blvd,Memphis,TN,38170
CUST000046,Buffalo Wild Wings,6608 Meadow Pkwy,Jacksonville,FL,32251
CUST000047,Steak 'n Shake,2294 Hill Rd,New Orleans,LA,70112
CUST000048,Holiday Inn by IHG Memphis,3604 Peach Ct,Memphis,TN,38103
CUST000049,Staybridge Suites by IHG Pittsburgh,7720 Chestnut St,Pittsburgh,PA,15202
CUST000050,Speedway #4630,4021 Main Pl,New York,NY,10026
CUST000051,Main Street Liquors,"533 Sunset Ave, Suite 200",Jackson,MS,39285
CUST000052,Sam's Club,8570 Pine Dr,Brooklyn,NY,11201
CUST000053,Trader Joe's,"5006 Meadow Blvd, Suite 200",Columbia,SC,29240
CUST000054,Omni Dallas Hotel,5739 Magnolia Ln,Anchorage,AK,99535
CUST000055,Anchorage Liquors,8651 Commerce Ave,Anchorage,AK,99511
CUST000056,Mama Patel's Pizzeria,"3060 Church Ave, Suite 200",Oklahoma City,OK,73162
CUST000057,Lidl,"4017 Cherry Rd, Ste A",Pittsburgh,PA,15240
CUST000058,Walgreens,8425 Walnut St,Virginia Beach,VA,23433
CUST000059,Pilot Flying J #4119,"7298 Garden Pkwy, Unit B",Sacramento,CA,95800
CUST000060,Holiday Inn Express by IHG Jackson,3583 Highland Dr,Jackson,MS,39269
CUST000061,New York Liquors,"1106 Magnolia St, Unit B",New York,NY,10001
CUST000062,Johnson Family Restaurant,"8510 Magnolia Ct, Suite 200",Cincinnati,OH,45208
CUST000063,Lidl,8500 Garden Pl,Austin,TX,78719
CUST000064,Choice Hotels Econo Lodge Los Angeles,"6501 Forest Pl, Suite 100",Los Angeles,CA,90069
CUST000065,Bob Evans,4922 Maple Dr,Atlanta,GA,30335
CUST000066,Leo's Seafood,8236 Park St,Tampa,FL,33671
CUST000067,Albertsons,"3231 Highland Way, Suite 200",Tulsa,OK,74154
CUST000068,Courtyard by Marriott Chicago,"1809 Washington Ct, Suite 200",Seattle,WA,98180
CUST000069,Phil's Grill,4573 Union Way,Queens,NY,11315
CUST000070,Stop & Shop,7508 Lake Pkwy,Jersey City,NJ,07340
CUST000071,Corner Pocket Billiards & Bar,"8548 Hill Ave, Ste A",Madison,WI,53758
CUST000072,Joe & Pete's Steakhouse,2785 Lake Pl,Newark,NJ,07154
CUST000073,Waffle House,9903 Walnut Ct,San Francisco,CA,94126
CUST000074,Total Wine & More,6681 Washington Ln,Chicago,IL,60679
CUST000075,Casey's General Store #2028,5062 Spring Pkwy,Boston,MA,02118
CUST000076,Jacksonville Kitchen,"8514 Chestnut St, #101",Jacksonville,FL,32259
CUST000077,Blu by Radisson Detroit,5037 River Pl,Detroit,MI,48292
CUST000078,Tom & Luigi's Steakhouse,"7464 Valley Dr, #101",Sacramento,CA,95819
CUST000079,Miami Bottle Shop,"7109 Market Ct, Ste A",Miami,FL,33153
CUST000080,LongHorn Steakhouse,"2796 Garden Way, Suite 200",Raleigh,NC,27675
CUST000081,Wawa #9981,"7344 Sunset Ct, #101",St. Paul,MN,55137
CUST000082,Omni Dallas Hotel,"4022 Willow Blvd, Ste A",Jackson,MS,39240
CUST000083,Albuquerque Brewing Co.,"7700 Oak St, Suite 100",Albuquerque,NM,87109
CUST000084,Omni Dallas Hotel,5593 Pine Ct,Reno,NV,89513
CUST000085,Sonic Drive-In,8081 Chestnut Rd,Kansas City,MO,64186
CUST000086,Birmingham Bistro,"1748 Washington Ct, Suite 100",Birmingham,AL,35272
CUST000087,Grand by Hyatt Richmond,"9728 Peach Pl, Suite 100",Richmond,VA,23227
CUST000088,Old Indianapolis Tavern,6519 Division Blvd,Indianapolis,IN,46210
CUST000089,Luigi's Bar & Grill,4452 Broad Pl,Madison,WI,53768
CUST000090,Cheers Bar & Grill,"5762 Highland Rd, #101",Jackson,MS,39228
CUST000091,Red by Radisson Orlando,"5556 Commerce Pkwy, Ste A",Orlando,FL,32879
CUST000092,The Williams House,4213 Harbor Ct,San Diego,CA,92175
CUST000093,Williams's Diner,"8219 Willow Rd, #101",Oklahoma City,OK,73127
CUST000094,Piggly Wiggly,"1834 Valley Ln, Ste A",Albuquerque,NM,87154
CUST000095,In-N-Out Burger,9880 Walnut Blvd,Omaha,NE,68122
CUST000096,Rite Aid,4651 Church Way,Burlington,VT,05467
CUST000097,Kwik Trip #8506,8978 Park Way,Kansas City,MO,64196
CUST000098,Buffalo Wild Wings,"7666 Union Ave, #101",Baltimore,MD,21284
CUST000099,Sports Page Bar,7327 Magnolia Ln,St. Louis,MO,63146
CUST000100,World of Beer,"4476 Forest St, Unit B",Little Rock,AR,72222
CUST000101,Best Western Jacksonville,"8104 Commerce Pkwy, Unit B",Jacksonville,FL,32231
CUST000102,Place by Hyatt Richmond,"1907 Washington Rd, Suite 200",Richmond,VA,23286
CUST000103,World of Beer,5904 Park Pl,New York,NY,10079
CUST000104,Best Western Plus Wilmington,"2589 Peach Dr, Suite 200",Wilmington,DE,19863
CUST000105,Rite Aid,"6061 Highland Ct, Suite 100",Boston,MA,02196
CUST000106,Cheers Bar & Grill,5908 Willow Rd,Grand Rapids,MI,49599
CUST000107,The Rusty Nail,6016 Maple St,Atlanta,GA,30399
CUST000108,BevMo,"3768 Spring Rd, #101",Louisville,KY,40248
CUST000109,The Cheesecake Factory,5674 Willow Ave,Columbia,SC,29249
CUST000110,Outback Steakhouse,"4197 Cherry Ln, Unit B",Lexington,KY,40503
CUST000111,Holiday Inn Express Boston,"7721 Division Pl, Suite 200",Columbia,SC,29231
CUST000112,Punch Bowl Social,3393 Cedar Pl,Miami,FL,33140
CUST000113,Yard House,"5976 Center Pkwy, #101",Omaha,NE,68160
CUST000114,Casa Nguyen,"4983 Magnolia Blvd, #101",Raleigh,NC,27677
CUST000115,The Rusty Tap,1006 River Blvd,Minneapolis,MN,55425
CUST000116,Best Western Sacramento,6165 Church Ct,Sacramento,CA,95852
CUST000117,Sam's Grill,"8039 Commerce Rd, Ste A",Reno,NV,89503
CUST000118,Best Western Plus Buffalo,2411 Cedar Pkwy,Buffalo,NY,14243
CUST000119,Holiday Inn Express by IHG Columbia,"4014 Forest Pl, Suite 200",Columbia,SC,29216
CUST000120,The Rossi House,"9516 Broad Ln, Suite 200",Lexington,KY,40553
CUST000121,Regency by Hyatt Austin,"1907 Cedar Blvd, Suite 100",Austin,TX,78707
CUST000122,The Rusty Nail,8881 Willow St,Kansas City,MO,64133
CUST000123,The Bottle Shop,"8297 Union Pkwy, Ste A",Savannah,GA,31480
CUST000124,Chipotle Mexican Grill,"2822 Cedar Pkwy, Suite 100",Columbia,SC,29229
CUST000125,Portland Liquors,6363 Green St,Portland,OR,97244
CUST000126,BevMo,"8192 Sunset Blvd, Suite 100",Springfield,IL,62740
CUST000127,Romano's BBQ,"3172 Valley Ct, #101",Miami,FL,33151
CUST000128,Mama Rossi's,8145 Peach Rd,Reno,NV,89541
CUST000129,Sioux Falls Bottle Shop,5664 Washington Ave,Sioux Falls,SD,57184
CUST000130,Walgreens,1315 Broad Dr,Queens,NY,11358
CUST000131,Sonic Drive-In,5831 Magnolia Blvd,Raleigh,NC,27690
CUST000132,Miami Ale House,9554 Elm Pl,Miami,FL,33162
CUST000133,Choice Hotels Clarion Tampa,"3185 Cedar Pl, Suite 200",Tampa,FL,33630
CUST000134,Golden Corral,9006 Peach Way,Grand Rapids,MI,49547
CUST000135,Chili's,"8302 Broad Rd, Suite 200",Portland,OR,97215
CUST000136,Olive Garden,"6708 Cherry Pkwy, #101",Pittsburgh,PA,15297
CUST000137,Sonic Drive-In,"5558 Bay Ave, #101",Raleigh,NC,27608
CUST000138,Fairfield Inn by Marriott Detroit,6994 Union Rd,Detroit,MI,48281
CUST000139,Perkins Restaurant,"4081 Garden Dr, #101",Houston,TX,77068
CUST000140,Golden Corral,7797 Walnut Rd,Jersey City,NJ,07314
CUST000141,Central Liquors,1567 Cedar Blvd,New York,NY,10041
CUST000142,Cincinnati Grill,"1222 Magnolia Blvd, #101",Cincinnati,OH,45267
CUST000143,Choice Hotels Econo Lodge Oklahoma City,4206 Garden Ave,Oklahoma City,OK,73141
CUST000144,Marketview Liquor,"1603 Church Ln, Unit B",Tulsa,OK,74103
CUST000145,Panera Bread,"446 Elm Pkwy, #101",Jackson,MS,39215
CUST000146,Hooters,8873 Division Blvd,Baton Rouge,LA,70827
CUST000147,Safeway,"8539 Hill Pkwy, Suite 200",Brooklyn,NY,11268
CUST000148,Bob Evans,"878 Magnolia Way, #101",Pittsburgh,PA,15285
CUST000149,Papa Patel's,2718 Green Ct,Newark,NJ,07174
CUST000150,Madison Ale House,6222 Union Pl,Madison,WI,53776
CUST000151,Fine Wine & Spirits,773 Bay Way,Queens,NY,11389
CUST000152,Papa Ferreira's,7305 Oak St,Buffalo,NY,14204
CUST000153,Buffalo Wild Wings,"6032 Broad St, Suite 100",St. Louis,MO,63168
CUST000154,LongHorn Steakhouse,"8993 Chestnut Way, Suite 100",Little Rock,AR,72293
CUST000155,Publix,"3397 Garden Ct, Suite 100",St. Louis,MO,63156
CUST000156,Neighborhood Bar & Grill,"1570 Church Way, #101",Fargo,ND,58183
CUST000157,Food Lion,"5284 Sunset St, Ste A",Newark,NJ,07180
CUST000158,Gino & Pat's Steakhouse,9122 Highland Pkwy,Jacksonville,FL,32237
CUST000159,Red Robin,"6238 Bay Pkwy, Unit B",Jackson,MS,39272
CUST000160,Best Western Premier Portland,"4383 Highland Dr, Ste A",Portland,OR,97257
CUST000161,Speedway #6684,"7775 Walnut St, Suite 100",Omaha,NE,68154
CUST000162,Neighborhood Bar & Grill,"5746 Division St, Suite 100",Columbia,SC,29299
CUST000163,Chipotle Mexican Grill,1285 Oak Dr,Annapolis,MD,21452
CUST000164,Mama Williams's Kitchen,"5630 Hill Ave, #101",Jackson,MS,39266
CUST000165,Bar Louie,1713 Elm Dr,Springfield,IL,62786
CUST000166,Old Buffalo Tavern,5080 Hill Pkwy,Buffalo,NY,14207
CUST000167,Ingles Markets,1298 Sunset Blvd,Reno,NV,89553
CUST000168,Lidl,7353 Walnut Dr,Spokane,WA,99269
CUST000169,Tulsa Kitchen,1899 Sunset Way,Tulsa,OK,74150
CUST000170,Chili's,"3897 Park St, Suite 100",Virginia Beach,VA,23411
CUST000171,Albertsons,"9703 Division Ct, Suite 100",Eugene,OR,97486
CUST000172,Garden Inn by Hilton St. Paul,"1588 Elm Ct, Suite 200",St. Paul,MN,55146
CUST000173,Ingles Markets,"9997 Industrial Pl, Unit B",Kansas City,MO,64187
CUST000174,In-N-Out Burger,"8818 Industrial Blvd, Suite 200",St. Louis,MO,63125
CUST000175,Sam & Mike's Steakhouse,4663 Peach Ct,Wilmington,DE,19883
CUST000176,Waffle House,"5805 Broad Ave, Unit B",Seattle,WA,98169
CUST000177,Trader Joe's,"1480 Main Pl, Suite 100",San Diego,CA,92181
CUST000178,Waffle House,"7162 Division Rd, Suite 100",Portland,OR,97269
CUST000179,Chipotle Mexican Grill,7729 Harbor Blvd,Jacksonville,FL,32296
CUST000180,The Tap Room,6262 Lake Pkwy,Birmingham,AL,35287
CUST000181,Corner Pocket Billiards & Bar,662 Spring Blvd,Cleveland,OH,44193
CUST000182,Sacramento Taproom,"5000 Garden Ct, Ste A",Sacramento,CA,95841
CUST000183,Sam's Club,"8984 Cedar Dr, Ste A",Atlanta,GA,30324
CUST000184,New Orleans Kitchen,8328 Broad Dr,New Orleans,LA,70161
CUST000185,Luigi's Seafood,4397 Main Rd,Burlington,VT,05405
CUST000186,CVS Pharmacy,"7130 Lake Pl, #101",Newark,NJ,07152
CUST000187,Wawa #6727,"5418 Meadow Ct, Suite 100",Milwaukee,WI,53268
CUST000188,Sheraton New York Times Square,4793 Elm Ln,Seattle,WA,98128
CUST000189,Seattle Brewing Co.,4378 Commerce Dr,Seattle,WA,98169
CUST000190,Walgreens,"9624 Park Ave, #101",Kansas City,MO,64114
CUST000191,BJ's Wholesale Club,6654 Chestnut Ct,Queens,NY,11323
CUST000192,Cracker Barrel,"7280 Cherry Way, #101",Columbus,OH,43205
CUST000193,BevMo,"2727 Union St, Suite 200",Pittsburgh,PA,15294
CUST000194,Meijer,"1324 Commerce Rd, Ste A",Columbus,OH,43294
CUST000195,Total Spirits Milwaukee,"2881 Walnut Dr, Suite 100",Milwaukee,WI,53267
CUST000196,Cheers Bar & Grill,7787 Meadow St,Austin,TX,78771
CUST000197,TGI Fridays,2045 Union Dr,Tulsa,OK,74118
CUST000198,Wingstop,7032 Bay St,Birmingham,AL,35272
CUST000199,Outback Steakhouse,"9796 Oak Pl, Suite 100",Chicago,IL,60679
CUST000200,Phil's Bar & Grill,"5073 Valley Way, #101",St. Paul,MN,55182
CUST000201,Homewood Suites by Hilton Virginia Beach,"7197 Commerce Ct, #101",Virginia Beach,VA,23448
CUST000202,Sonic Drive-In,3474 River Ct,Seattle,WA,98130
CUST000203,Raley's,"5539 Division Pl, Suite 200",Albuquerque,NM,87170
CUST000204,Jimmy's Grill,"5176 Garden Ln, #101",Las Vegas,NV,89168
CUST000205,GetGo #902,"5298 Cherry Blvd, Ste A",Atlanta,GA,30375
CUST000206,Las Vegas Bottle Shop,"5397 River Rd, Suite 100",Las Vegas,NV,89169
CUST000207,Sam's Club,"2381 Division Dr, Unit B",Cleveland,OH,44106
CUST000208,Wawa #5071,4526 Broad Blvd,Birmingham,AL,35276
CUST000209,Wawa #8560,"326 River Dr, #101",Orlando,FL,32882
CUST000210,House by Hyatt Philadelphia,"1873 Maple Ave, Unit B",Philadelphia,PA,19136
CUST000211,Chen Kitchen,"3154 Peach Ct, #101",Birmingham,AL,35297
CUST000212,Liquor Barn,"5867 Division Ct, Unit B",Newark,NJ,07136
CUST000213,Casa Park,"4114 Peach Ave, #101",Sacramento,CA,95822
CUST000214,P.F. Chang's,7408 Willow Pkwy,Dallas,TX,75226
CUST000215,Total Spirits Savannah,"6956 Broad Dr, Suite 100",Savannah,GA,31470
CUST000216,Kona Grill,836 Maple St,Seattle,WA,98143
CUST000217,Sunset Lounge,"4306 Main Ave, Ste A",Austin,TX,78721
CUST000218,Costco Wholesale,"4773 Park Pkwy, Suite 200",St. Paul,MN,55149
CUST000219,House by Hyatt Tampa,"8662 Pine St, Suite 200",Tampa,FL,33619
CUST000220,Red Robin,"2543 Willow Way, Ste A",Indianapolis,IN,46244
CUST000221,TGI Fridays,"793 Walnut Way, #101",Fargo,ND,58155
CUST000222,Meijer,7974 Union Ct,San Antonio,TX,78220
CUST000223,The Draft House,4361 Market Rd,Madison,WI,53791
CUST000224,Hy-Vee,"9199 Bay St, Unit B",Providence,RI,02954
CUST000225,Outback Steakhouse,"9841 Sunset Blvd, Suite 200",Annapolis,MD,21473
CUST000226,Old Louisville Tavern,"9416 Pine St, Unit B",Louisville,KY,40254
CUST000227,Dave & Buster's,5306 Garden Ln,Little Rock,AR,72200
CUST000228,Wegmans,"1656 Meadow Pl, Ste A",Wilmington,DE,19882
CUST000229,Papa Brown's,4978 Church Rd,Dallas,TX,75270
CUST000230,Meijer,"1703 Elm Ct, Suite 100",Little Rock,AR,72216
CUST000231,Costco Wholesale,"2492 Peach Dr, Suite 200",San Diego,CA,92169
CUST000232,Aldi,"6896 Highland Ct, Ste A",Memphis,TN,38102
CUST000233,Kroger,"1773 Park Rd, #101",Baton Rouge,LA,70875
CUST000234,Pittsburgh Bistro,6613 Oak Blvd,Pittsburgh,PA,15266
CUST000235,Place by Hyatt Dallas,9302 Hill Ave,Dallas,TX,75280
CUST000236,Raley's,"1307 Highland Dr, Suite 200",Charlotte,NC,28214
CUST000237,The Grand Rapids Grille,"327 Chestnut Pl, Ste A",Grand Rapids,MI,49547
CUST000238,Shake Shack,"8817 Peach Rd, Unit B",Houston,TX,77001
CUST000239,Shake Shack,"8851 Cedar Ln, Suite 100",Fargo,ND,58169
CUST000240,Bar Louie,9074 Division Ave,Dallas,TX,75241
CUST000241,Cheers Bar & Grill,7538 Willow Ave,Wilmington,DE,19896
CUST000242,Sunset Lounge,1381 Valley Rd,Grand Rapids,MI,49511
CUST000243,Total Wine & More,"9930 Hill Dr, Suite 200",Dallas,TX,75279
CUST000244,Casa Park,"6371 Maple Pl, #101",Colorado Springs,CO,80901
CUST000245,The Sioux Falls Grille,3132 Forest Ln,Sioux Falls,SD,57115
CUST000246,Mama Rizzo's,"8100 Bay Pl, Suite 100",Omaha,NE,68119
CUST000247,Chris's Seafood,4401 Valley Dr,Tulsa,OK,74138
CUST000248,Jackson Kitchen,"5643 Pine Dr, Suite 200",Jackson,MS,39288
CUST000249,Omni Dallas Hotel,"4002 Division Ct, #101",Spokane,WA,99294
CUST000250,Stop & Shop,"4791 Division St, #101",Minneapolis,MN,55472
CUST000251,Martinez Kitchen,"3294 Center Ln, Ste A",Spokane,WA,99267
CUST000252,Memphis Taproom,787 Walnut Dr,Memphis,TN,38138
CUST000253,Five Guys,8292 Industrial Way,Queens,NY,11365
CUST000254,In-N-Out Burger,"5055 Garden Ct, Unit B",Providence,RI,02911
CUST000255,Shake Shack,"8334 Main Rd, Suite 200",Boston,MA,02177
CUST000256,Holiday Inn by IHG Providence,"1055 Elm St, Unit B",Providence,RI,02993
CUST000257,Grand by Hyatt Kansas City,"6786 Park Ln, Unit B",Kansas City,MO,64198
CUST000258,Red Robin,"667 Highland Ct, Ste A",Cleveland,OH,44141
CUST000259,Nguyen's BBQ,"3856 Cherry Pl, #101",Sioux Falls,SD,57166
CUST000260,Panera Bread,"4570 Pine Ave, Unit B",Salt Lake City,UT,84119
CUST000261,Mama Miller's,9265 Division Dr,Savannah,GA,31406
CUST000262,Yard House,"1322 Center Pl, Suite 100",Phoenix,AZ,85087
CUST000263,Garcia's Liquor Store,5854 Cedar Way,Orlando,FL,32809
CUST000264,Olive Garden,"4230 Willow Ave, Unit B",Newark,NJ,07157
CUST000265,Mama Chen's,3583 Market Pkwy,San Diego,CA,92161
CUST000266,The Atlanta Grille,2563 Cedar Ct,Atlanta,GA,30390
CUST000267,Texas Roadhouse,2586 Hill Blvd,Little Rock,AR,72269
CUST000268,Best Western Plus Minneapolis,"572 Harbor Rd, Unit B",Minneapolis,MN,55450
CUST000269,Trader Joe's,"7618 Union Ave, #101",Jersey City,NJ,07369
CUST000270,Red Robin,"8618 Hill Way, Suite 200",Nashville,TN,37217
CUST000271,Ingles Markets,"314 Main St, Suite 100",Detroit,MI,48249
CUST000272,Blu by Radisson Burlington,"1833 Peach Rd, #101",Burlington,VT,05425
CUST000273,The Hound & Barrel,1360 Peach Blvd,Worcester,MA,01650
CUST000274,IHOP,"8581 Broad Blvd, Ste A",Miami,FL,33176
CUST000275,Sunset Lounge,"3499 Center Pl, #101",Tulsa,OK,74138
CUST000276,Tulsa Bottle Shop,5434 Walnut Pkwy,Tulsa,OK,74110
CUST000277,The Rusty Nail,"2574 Maple St, Suite 100",Fort Worth,TX,76153
CUST000278,Main Street Liquors,"4446 Main St, #101",New Orleans,LA,70101
CUST000279,Down the Hatch,"9870 Chestnut Pl, Suite 200",Dallas,TX,75280
CUST000280,Red Robin,"9437 Peach Pkwy, #101",Minneapolis,MN,55478
CUST000281,Kona Grill,"1381 Lake Ave, Suite 200",Grand Rapids,MI,49535
CUST000282,Orlando Bottle Shop,"8348 Main Ln, #101",Orlando,FL,32890
CUST000283,The Romano House,2194 Elm Rd,Sioux Falls,SD,57198
CUST000284,San Francisco Ale House,"715 Lake Blvd, Suite 100",San Francisco,CA,94143
CUST000285,Down the Hatch,8418 Park Ln,Minneapolis,MN,55487
CUST000286,7-Eleven Store #7767,"3509 Chestnut Ct, Suite 200",Richmond,VA,23279
CUST000287,BJ's Wholesale Club,"1899 Lake Rd, Suite 100",Denver,CO,80211
CUST000288,Buffalo Wild Wings,"8988 Harbor Pkwy, #101",Columbia,SC,29241
CUST000289,Sheetz #6098,"9189 Peach Ave, Unit B",Seattle,WA,98191
CUST000290,Price Chopper,"4932 Division Way, #101",Fargo,ND,58122
CUST000291,Texas Roadhouse,"4474 Commerce Rd, Suite 100",Virginia Beach,VA,23462
CUST000292,Providence Taproom,"9569 Cedar Pl, Suite 200",Providence,RI,02948
CUST000293,Columbus Diner,"253 Pine Rd, #101",Columbus,OH,43209
CUST000294,Raley's,"4539 Magnolia Ct, Unit B",Orlando,FL,32841
CUST000295,Premier Wine & Spirits,"3063 Pine Rd, Unit B",Savannah,GA,31431
CUST000296,Kwik Trip #516,723 Bay Pl,Atlanta,GA,30350
CUST000297,Smart & Final,"4525 Washington Pl, Suite 200",Seattle,WA,98127
CUST000298,Jones's Liquor Store,"4318 Chestnut Ave, #101",Chicago,IL,60623
CUST000299,Central Liquors,"4500 Highland Pl, Suite 200",Sioux Falls,SD,57192
CUST000300,Ramada by Wyndham Sacramento,"5946 Chestnut Ct, #101",Sacramento,CA,95842
CUST000301,Mama Kim's Pizzeria,"9167 Highland Pl, Suite 100",Hartford,CT,06186
CUST000302,Staybridge Suites by IHG Raleigh,"3081 Highland Ct, #101",Raleigh,NC,27699
CUST000303,St. Paul Bistro,9419 Valley Blvd,St. Paul,MN,55187
CUST000304,Chicago Kitchen,"3918 Oak Dr, Suite 100",Chicago,IL,60641
CUST000305,Keg Liquors,7324 Pine Ct,Honolulu,HI,96808
CUST000306,Carlos's Seafood,"8617 Peach Ln, Unit B",Virginia Beach,VA,23483
CUST000307,Old Houston Tavern,7782 Elm Blvd,Houston,TX,77050
CUST000308,Mama Nguyen's Pizzeria,5455 Garden Pl,St. Louis,MO,63168
CUST000309,Love's Travel Stop #5827,8532 Sunset Dr,Jersey City,NJ,07350
CUST000310,Rossi Kitchen,"3810 Division Rd, Suite 100",Nashville,TN,37214
CUST000311,Chen's Diner,"8720 Sunset Dr, #101",San Francisco,CA,94189
CUST000312,Winn-Dixie,9168 Harbor Pl,Charlotte,NC,28254
CUST000313,Williams Family Restaurant,"2519 Broad Pkwy, Suite 100",St. Louis,MO,63196
CUST000314,Smart & Final,2133 Oak Ave,Burlington,VT,05469
CUST000315,Premier Wine & Spirits,332 Green Way,Oklahoma City,OK,73137
CUST000316,Ingles Markets,"2641 Maple Pl, Ste A",Portland,OR,97259
CUST000317,Rite Aid,"5626 Green Dr, #101",Queens,NY,11391
CUST000318,Residence Inn by Marriott Las Vegas,9004 Willow Ave,Las Vegas,NV,89141
CUST000319,Raley's,6667 Washington Way,Tulsa,OK,74192
CUST000320,Kim Kitchen,"7206 Main St, #101",Buffalo,NY,14237
CUST000321,Binny's Beverage Depot,"3688 Division Pl, #101",Oklahoma City,OK,73170
CUST000322,Jacksonville Tap Room,"1955 Division Ct, Suite 200",Jacksonville,FL,32231
CUST000323,Atlanta Wine & Spirits,4891 Meadow Dr,Atlanta,GA,30304
CUST000324,Eugene Kitchen,1745 Walnut Ave,Eugene,OR,97413
CUST000325,BevMo,"5551 Industrial Pl, Suite 100",Nashville,TN,37221
CUST000326,BJ's Wholesale Club,5790 Harbor Way,Lexington,KY,40506
CUST000327,Casa Jones,834 Pine Way,Tampa,FL,33691
CUST000328,Wingstop,"8868 Washington Way, Suite 200",Tampa,FL,33691
CUST000329,Crowne Plaza by IHG Houston,"5992 Forest Ct, Suite 100",Houston,TX,77047
CUST000330,Food Lion,"1662 Magnolia St, Suite 100",Lexington,KY,40518
CUST000331,Texas Roadhouse,3088 Division Ln,Pittsburgh,PA,15281
CUST000332,Smith Kitchen,"7637 Commerce Blvd, Ste A",Omaha,NE,68191
CUST000333,Cracker Barrel,"9271 Broad Blvd, Unit B",Newark,NJ,07156
CUST000334,Blu by Radisson Pittsburgh,"5173 Highland Way, #101",Pittsburgh,PA,15264
CUST000335,Liquor Barn,"6793 Cherry Dr, Unit B",Tucson,AZ,85718
CUST000336,LongHorn Steakhouse,"7397 Bay Blvd, Suite 200",Eugene,OR,97480
CUST000337,Panera Bread,3800 Broad Pl,Chicago,IL,60609
CUST000338,Denny's,"2549 Magnolia St, Unit B",Kansas City,MO,64184
CUST000339,Outback Steakhouse,"1362 Harbor Pl, Suite 100",Sioux Falls,SD,57131
CUST000340,Sunset Lounge,"2402 Green Dr, Ste A",Madison,WI,53701
CUST000341,Milwaukee Kitchen,8187 Spring Ct,Milwaukee,WI,53262
CUST000342,Down the Hatch,"7241 Peach Ln, Suite 200",Salt Lake City,UT,84190
CUST000343,Doubletree by Hilton Seattle,5562 Willow Way,Cleveland,OH,44156
CUST000344,Down the Hatch,"9882 Magnolia Rd, Suite 100",Eugene,OR,97425
CUST000345,Central Liquors,"218 Broad Dr, Suite 200",Hartford,CT,06149
CUST000346,The Honolulu Grille,"8634 Cherry Ln, Suite 200",Honolulu,HI,96890
CUST000347,Fine Wine & Spirits,1984 Spring Ln,Spokane,WA,99213
CUST000348,Spec's Liquor,8874 Valley Rd,Sioux Falls,SD,57155
CUST000349,Pittsburgh Wine & Spirits,"5353 Lake Rd, Ste A",Pittsburgh,PA,15237
CUST000350,Virginia Beach Brewing Co.,3775 Sunset Pkwy,Virginia Beach,VA,23470
CUST000351,Corner Pocket Billiards & Bar,"1778 Commerce Ln, Unit B",Reno,NV,89507
CUST000352,Red by Radisson Burlington,8709 Market Rd,Burlington,VT,05405
CUST000353,Sheetz #4138,"7441 Pine Pkwy, Ste A",Fort Worth,TX,76160
CUST000354,Papa Romano's,"5822 Spring Pl, Unit B",Salt Lake City,UT,84149
CUST000355,DeLuca Kitchen,"6464 Division Way, #101",New York,NY,10076
CUST000356,Keg Liquors,"9998 Center Pkwy, Unit B",Louisville,KY,40258
CUST000357,Speedway #7622,4663 Meadow Ave,Salt Lake City,UT,84138
CUST000358,Miami Tap Room,"6237 Pine Ct, Suite 200",Miami,FL,33161
CUST000359,Baltimore Tap Room,7019 Division St,Baltimore,MD,21280
CUST000360,Detroit Liquors,8630 Chestnut Ave,Detroit,MI,48252
CUST000361,Pat's Seafood,"5871 Harbor Ave, #101",Pittsburgh,PA,15268
CUST000362,Steak 'n Shake,"1099 Bay Ct, Suite 100",Wilmington,DE,19847
CUST000363,Providence Kitchen,"3843 Elm Pkwy, Unit B",Providence,RI,02969
CUST000364,Red by Radisson Annapolis,"2885 Sunset Ln, Suite 100",Annapolis,MD,21425
CUST000365,LongHorn Steakhouse,"9558 Park Way, Suite 200",Memphis,TN,38109
CUST000366,Sonic Drive-In,8191 Main Rd,Charleston,SC,29453
CUST000367,Reno Liquors,3993 Forest Ave,Reno,NV,89589
CUST000368,CVS Pharmacy,"6556 Magnolia Pl, Suite 100",Wilmington,DE,19842
CUST000369,Panera Bread,"2240 Maple Pl, Unit B",San Francisco,CA,94165
CUST000370,Los Angeles Wine & Spirits,"948 Pine Ln, #101",Los Angeles,CA,90062
CUST000371,Honolulu Taproom,8373 Valley Ln,Honolulu,HI,96818
CUST000372,Lidl,"9484 River Ct, Ste A",Tucson,AZ,85770
CUST000373,Staybridge Suites by IHG Annapolis,5414 Peach Dr,Annapolis,MD,21432
CUST000374,Wingstop,"4235 Oak Pkwy, Ste A",San Francisco,CA,94163
CUST000375,Bob & Mike's Steakhouse,3585 Market St,Albuquerque,NM,87179
CUST000376,Mama Esposito's Pizzeria,8653 River Ct,Anchorage,AK,99595
CUST000377,Sports Page Bar,"7884 Union St, Ste A",Madison,WI,53754
CUST000378,Steak 'n Shake,"3468 Broad Blvd, Suite 100",Burlington,VT,05477
CUST000379,Patel Kitchen,7893 Harbor Blvd,Seattle,WA,98198
CUST000380,Denny's,"6078 Lake Ave, Suite 200",Annapolis,MD,21472
CUST000381,Chipotle Mexican Grill,"7047 Washington St, #101",Wilmington,DE,19829
CUST000382,Binny's Beverage Depot,9995 Cherry Pkwy,Madison,WI,53781
CUST000383,Davis's Diner,"5360 Bay Way, Suite 100",Phoenix,AZ,85018
CUST000384,Hilton Garden Inn Dallas,"2040 Garden Rd, Suite 200",Eugene,OR,97417
CUST000385,Atlanta Taproom,"8248 Chestnut Ct, Unit B",Atlanta,GA,30395
CUST000386,Garden Inn by Hilton Newark,"3782 Forest Pl, Suite 100",Newark,NJ,07131
CUST000387,Chen's Tavern,1719 Garden Way,Omaha,NE,68128
CUST000388,Price Chopper,8433 Forest Ct,Indianapolis,IN,46245
CUST000389,Meijer,"4857 Washington Ave, Unit B",Birmingham,AL,35230
CUST000390,Bar Louie,9941 Main Blvd,Columbus,OH,43233
CUST000391,Neighborhood Bar & Grill,"6935 Park Rd, #101",Newark,NJ,07122
CUST000392,Liquor Barn,4464 Union Way,Buffalo,NY,14275
CUST000393,Stop & Shop,"8108 Church Pl, Suite 200",San Francisco,CA,94162
CUST000394,Raleigh Taproom,"2892 Sunset Ln, Suite 200",Raleigh,NC,27690
CUST000395,Keg Liquors,527 Forest Pkwy,Denver,CO,80263
CUST000396,CVS Pharmacy,"2452 Magnolia Pl, Unit B",Memphis,TN,38149
CUST000397,Corner Pocket Billiards & Bar,6593 Center Pkwy,Kansas City,MO,64195
CUST000398,Applebee's,"3640 Willow Blvd, Suite 100",Tampa,FL,33617
CUST000399,LongHorn Steakhouse,"4674 Walnut Dr, Ste A",Lexington,KY,40510
CUST000400,Discount Liquor Mart,9528 Magnolia Way,St. Paul,MN,55104
CUST000401,Fine Wine & Spirits,5895 Main Ln,Phoenix,AZ,85041
CUST000402,CVS Pharmacy,403 River Ln,Madison,WI,53747
CUST000403,Raley's,4635 Union Ct,Austin,TX,78704
CUST000404,Denny's,9721 Spring Rd,Salt Lake City,UT,84191
CUST000405,Burlington Kitchen,"6734 Center Pl, Suite 100",Burlington,VT,05434
CUST000406,Golden Corral,"9834 Commerce Ave, Suite 100",New York,NY,10025
CUST000407,Pat & Pete's Steakhouse,"1751 Union Ct, Ste A",Pittsburgh,PA,15266
CUST000408,Sioux Falls Liquors,8919 Oak Ct,Sioux Falls,SD,57141
CUST000409,Ingles Markets,"1365 Market Way, Suite 100",Oklahoma City,OK,73127
CUST000410,Circle K #8140,6459 Elm Way,Madison,WI,53737
CUST000411,P.F. Chang's,"8685 Spring Rd, Unit B",Jacksonville,FL,32260
CUST000412,Stater Bros.,1804 River Dr,Columbia,SC,29282
CUST000413,Sonic Drive-In,7481 Maple Dr,Birmingham,AL,35261
CUST000414,Neighborhood Bar & Grill,"2459 Peach Blvd, Ste A",Worcester,MA,01657
CUST000415,Binny's Beverage Depot,"9549 Magnolia Ct, Unit B",Little Rock,AR,72252
CUST000416,Phil & Pete's Steakhouse,"9129 River Rd, Unit B",Colorado Springs,CO,80970
CUST000417,Annapolis Grill,"5178 Spring St, Unit B",Annapolis,MD,21457
CUST000418,WinCo Foods,"4229 Sunset Ave, Suite 200",Jacksonville,FL,32236
CUST000419,Outback Steakhouse,"5032 Broad Pkwy, Suite 200",Denver,CO,80233
CUST000420,Golden Corral,7706 Magnolia Blvd,Detroit,MI,48287
CUST000421,Fairfield Inn by Marriott Pittsburgh,"900 Maple Dr, #101",Pittsburgh,PA,15218
CUST000422,Total Spirits Philadelphia,"9333 Market Ct, Ste A",Philadelphia,PA,19134
CUST000423,The Rizzo House,5402 Green Rd,Wilmington,DE,19884
CUST000424,Chipotle Mexican Grill,1913 Union Pl,Cleveland,OH,44148
CUST000425,The Amber Stein,"3644 Lake Ln, Suite 200",Kansas City,MO,64171
CUST000426,The Draft House,337 Park Way,Las Vegas,NV,89103
CUST000427,Rizzo's Diner,"7515 Magnolia Ct, Ste A",Orlando,FL,32893
CUST000428,Residence Inn by Marriott Worcester,5071 Valley St,Worcester,MA,01684
CUST000429,CVS Pharmacy,"9643 Washington Way, Ste A",Louisville,KY,40234
CUST000430,Cracker Barrel,9182 Harbor Ln,Newark,NJ,07153
CUST000431,Kona Grill,121 Meadow Ct,San Diego,CA,92110
CUST000432,Casa Patel,"9922 River Ct, Unit B",Worcester,MA,01608
CUST000433,The Cheesecake Factory,"2093 Willow Way, Suite 100",Chicago,IL,60688
CUST000434,Miller's Liquor Store,6242 Sunset Way,Eugene,OR,97470
CUST000435,Mama Rossi's Kitchen,"3774 Maple Way, Unit B",Jackson,MS,39208
CUST000436,Casey's General Store #7167,"6097 Magnolia Dr, #101",Salt Lake City,UT,84101
CUST000437,Casey's General Store #340,"6101 Washington Pl, Unit B",Providence,RI,02973
CUST000438,Papa Esposito's,"594 Park Ct, Ste A",Brooklyn,NY,11241
CUST000439,CVS Pharmacy,"7632 Meadow Pl, Suite 200",Buffalo,NY,14270
CUST000440,Buffalo Wild Wings,"5551 Meadow Dr, Unit B",Milwaukee,WI,53284
CUST000441,Binny's Beverage Depot,8166 Oak St,Seattle,WA,98119
CUST000442,Spec's Liquor,965 River Dr,Tulsa,OK,74146
CUST000443,Waffle House,1558 Walnut Ave,Jacksonville,FL,32211
CUST000444,Premier Wine & Spirits,"8691 Valley Way, #101",Worcester,MA,01621
CUST000445,Holiday Inn by IHG Tulsa,"4979 Maple Dr, Suite 200",Tulsa,OK,74160
CUST000446,Wegmans,"5953 Center Blvd, Suite 100",Grand Rapids,MI,49597
CUST000447,Applebee's,"4796 Maple Pl, Unit B",Jacksonville,FL,32239
CUST000448,Spec's Liquor,8391 Bay Way,Austin,TX,78711
CUST000449,CVS Pharmacy,"9640 Church Pkwy, Suite 100",Jersey City,NJ,07319
CUST000450,Las Vegas Bottle Shop,3846 Market Blvd,Las Vegas,NV,89119
CUST000451,Twin Peaks,"1221 Cherry Blvd, Suite 100",Hartford,CT,06145
CUST000452,Old Virginia Beach Tavern,"7967 Cedar Blvd, Suite 100",Virginia Beach,VA,23405
CUST000453,The Broken Spoke,1642 Main Dr,Honolulu,HI,96806
CUST000454,Steak 'n Shake,"5035 Hill Blvd, Suite 200",Brooklyn,NY,11298
CUST000455,Main Street Liquors,"809 Commerce Dr, Suite 200",Detroit,MI,48281
CUST000456,Savannah Liquors,"7536 Peach Ct, #101",Savannah,GA,31414
CUST000457,Best Western Premier Miami,"7233 Union Ct, #101",Miami,FL,33199
CUST000458,Mama Esposito's,"3976 Commerce Ave, Suite 200",Buffalo,NY,14296
CUST000459,Choice Hotels Clarion Richmond,3379 Broad Blvd,Richmond,VA,23267
CUST000460,Best Western Premier Savannah,481 Walnut Way,Savannah,GA,31483
CUST000461,Casa Kim,9426 Chestnut St,Lexington,KY,40517
CUST000462,Pilot Flying J #6609,5789 Union Ave,Columbus,OH,43243
CUST000463,La Quinta by Wyndham Atlanta,4132 Center St,Atlanta,GA,30363
CUST000464,Davis's Diner,"5522 Willow Blvd, Suite 200",Pittsburgh,PA,15252
CUST000465,Sam's Club,2106 Commerce St,Columbia,SC,29297
CUST000466,Old Virginia Beach Tavern,3231 Forest Ct,Virginia Beach,VA,23418
CUST000467,Wingstop,"2994 Cherry Blvd, #101",Anchorage,AK,99504
CUST000468,BevMo,"2655 Broad Ave, Ste A",San Antonio,TX,78297
CUST000469,Choice Hotels Econo Lodge New York,223 Hill Pl,New York,NY,10046
CUST000470,Yard House,9032 Bay Ln,New York,NY,10022
CUST000471,Red by Radisson Queens,1400 Washington Pl,Queens,NY,11354
CUST000472,Corner Pocket Billiards & Bar,6554 Union Pl,Miami,FL,33123
CUST000473,Red Robin,9470 Elm St,Baton Rouge,LA,70856
CUST000474,Sam & Anna's Steakhouse,"5679 Peach Way, Ste A",Seattle,WA,98179
CUST000475,Rossi's BBQ,3286 Maple Dr,Grand Rapids,MI,49589
CUST000476,Total Spirits Raleigh,"2577 Maple Dr, Suite 200",Raleigh,NC,27625
CUST000477,Keg Liquors,"3419 Bay Ct, Unit B",New York,NY,10042
CUST000478,Bar Louie,"1949 Spring Pl, Suite 200",Lexington,KY,40558
CUST000479,Central Liquors,7854 Oak Ave,Austin,TX,78778
CUST000480,Whataburger,8208 Commerce Ct,Little Rock,AR,72268
CUST000481,Chipotle Mexican Grill,"495 Chestnut Pl, Unit B",Honolulu,HI,96873
CUST000482,Steak 'n Shake,"2773 Green Pkwy, Suite 200",Fort Worth,TX,76195
CUST000483,Circle K #8875,7913 Park Dr,Eugene,OR,97467
CUST000484,Savannah Grill,"2518 Harbor Dr, Ste A",Savannah,GA,31446
CUST000485,Sunset Lounge,5173 Hill Blvd,Tulsa,OK,74148
CUST000486,Whataburger,"1645 Magnolia Ln, Ste A",Las Vegas,NV,89163
CUST000487,Binny's Beverage Depot,6611 Broad Blvd,Queens,NY,11341
CUST000488,IHOP,3314 Chestnut Ln,Tampa,FL,33671
CUST000489,Denny's,"1014 Oak Way, Unit B",Fort Worth,TX,76169
CUST000490,The Broken Spoke,"4661 Market Ave, Suite 200",Tampa,FL,33645
CUST000491,Twin Peaks,"5297 Center Ave, Unit B",Seattle,WA,98152
CUST000492,Total Wine & More,"3358 Union Way, Ste A",Oklahoma City,OK,73173
CUST000493,Chipotle Mexican Grill,"4241 Oak Rd, Unit B",Madison,WI,53772
CUST000494,Albertsons,8857 Lake Ave,Sioux Falls,SD,57103
CUST000495,Rizzo's Diner,"1429 Cherry Ave, #101",Pittsburgh,PA,15222
CUST000496,Bob Evans,"4658 Cherry Pl, #101",Savannah,GA,31459
CUST000497,The Smith House,2631 Sunset Rd,St. Paul,MN,55143
CUST000498,Maria's Bar & Grill,"7400 Commerce Pkwy, Unit B",Little Rock,AR,72251
CUST000499,Binny's Beverage Depot,2286 Magnolia Ln,Portland,OR,97246
CUST000500,Liquor Barn,"5655 Union Pl, Suite 100",Sacramento,CA,95840
CUST000501,Little Rock Bistro,"7175 Industrial Ln, Suite 200",Little Rock,AR,72289
CUST000502,Mama Ferreira's,5445 Magnolia Rd,Orlando,FL,32873
CUST000503,Sunset Lounge,1483 Chestnut Pkwy,Colorado Springs,CO,80964
CUST000504,Central Liquors,7615 Forest Ln,Virginia Beach,VA,23468
CUST000505,Winn-Dixie,4874 Hill Dr,Chicago,IL,60602
CUST000506,Spec's Liquor,8692 Maple Way,Grand Rapids,MI,49560
CUST000507,Garden Inn by Hilton Springfield,8816 Division Pl,Springfield,IL,62725
CUST000508,Mama DeLuca's Pizzeria,"7535 Garden Pl, Ste A",Chicago,IL,60622
CUST000509,P.F. Chang's,"7508 Elm Blvd, Ste A",Los Angeles,CA,90031
CUST000510,DeLuca Family Restaurant,"9507 Pine Pkwy, Unit B",Dallas,TX,75283
CUST000511,Twin Peaks,7546 Lake Blvd,San Diego,CA,92158
CUST000512,Choice Hotels Clarion Hartford,"5877 Division Blvd, Ste A",Hartford,CT,06100
CUST000513,The Houston Grille,"3106 Lake Ln, #101",Houston,TX,77088
CUST000514,Bob Evans,4991 Union Pkwy,Eugene,OR,97485
CUST000515,Winn-Dixie,"6320 Main Pl, Suite 100",Colorado Springs,CO,80958
CUST000516,The Caruso House,"6622 Cherry Dr, #101",Phoenix,AZ,85031
CUST000517,Meijer,8175 Maple Pkwy,Jacksonville,FL,32264
CUST000518,Love's Travel Stop #7498,186 Maple Ave,Salt Lake City,UT,84102
CUST000519,Rite Aid,"6409 Bay Way, Ste A",Cleveland,OH,44126
CUST000520,Buffalo Wild Wings,"5318 Market Ave, Suite 200",Houston,TX,77076
CUST000521,Punch Bowl Social,655 Lake Way,Madison,WI,53747
CUST000522,House by Hyatt Cleveland,8369 Magnolia Rd,Cleveland,OH,44181
CUST000523,Red by Radisson Spokane,"225 Forest Ave, Suite 100",Spokane,WA,99282
CUST000524,Hyatt Place Denver,1615 Highland Rd,Springfield,IL,62758
CUST000525,Martinez's Liquor Store,"1332 Meadow Rd, Ste A",Grand Rapids,MI,49548
CUST000526,Raising Cane's,3409 Bay Pkwy,Spokane,WA,99287
CUST000527,Albertsons,"6439 Church Rd, Unit B",St. Louis,MO,63108
CUST000528,The Eagle & Mug,"1658 Elm Ln, Suite 100",Hartford,CT,06122
CUST000529,Blu by Radisson San Antonio,"6622 Chestnut St, Suite 100",San Antonio,TX,78231
CUST000530,Central Liquors,"8744 Church Way, Suite 100",Portland,OR,97230
CUST000531,Davis Kitchen,2325 Pine Blvd,Minneapolis,MN,55400
CUST000532,Central Liquors,596 Park Rd,Savannah,GA,31480
CUST000533,Main Street Liquors,4155 Cherry Ln,Houston,TX,77001
CUST000534,Down the Hatch,"9494 Maple Pkwy, #101",Chicago,IL,60668
CUST000535,Yard House,"3164 Broad St, Ste A",Pittsburgh,PA,15270
CUST000536,The Tap Room,523 Magnolia Rd,Sioux Falls,SD,57156
CUST000537,Papa Brown's,"8145 Highland Ct, #101",Indianapolis,IN,46204
CUST000538,Twin Peaks,5228 Forest Rd,Columbia,SC,29294
CUST000539,The Tucson Grille,"5832 Forest Dr, Suite 100",Tucson,AZ,85746
CUST000540,The Blue Mug,3565 Cherry Way,Fargo,ND,58154
CUST000541,Choice Hotels Comfort Inn Austin,"5051 Washington Ave, #101",Austin,TX,78781
CUST000542,Neighborhood Bar & Grill,"1457 Chestnut St, Ste A",Fort Worth,TX,76197
CUST000543,Best Western Plus Fort Worth,"6446 Elm Pkwy, Suite 200",Fort Worth,TX,76108
CUST000544,CVS Pharmacy,"4871 Magnolia St, Suite 100",Albuquerque,NM,87119
CUST000545,Wawa #1564,9277 Washington Ave,Colorado Springs,CO,80940
CUST000546,Smith's Diner,"7651 Main St, Suite 200",Raleigh,NC,27613
CUST000547,Meijer,7014 Elm Way,Charleston,SC,29477
CUST000548,Garden Inn by Hilton Atlanta,"9361 Cedar Rd, #101",Atlanta,GA,30339
CUST000549,Raleigh Diner,"5924 Maple Pkwy, Unit B",Raleigh,NC,27695
CUST000550,LongHorn Steakhouse,7445 Sunset Ct,Albuquerque,NM,87130
CUST000551,Sonic Drive-In,"9364 Forest St, Unit B",Anchorage,AK,99580
CUST000552,New Orleans Kitchen,"4637 Church Ln, Unit B",New Orleans,LA,70144
CUST000553,Yard House,6650 Washington St,Milwaukee,WI,53210
CUST000554,Sam's Club,357 Peach Pkwy,New York,NY,10031
CUST000555,Waffle House,3350 Harbor Pl,St. Louis,MO,63183
CUST000556,7-Eleven Store #9413,1616 Spring Pl,San Diego,CA,92145
CUST000557,Premier Wine & Spirits,211 Forest Pl,Eugene,OR,97410
CUST000558,Danny's Grill,"2608 Hill St, Unit B",Milwaukee,WI,53239
CUST000559,Wegmans,"1131 Forest Pkwy, Suite 100",Tampa,FL,33695
CUST000560,Staybridge Suites by IHG Queens,"7834 Forest Blvd, Suite 200",Queens,NY,11310
CUST000561,Sam's Club,"1490 Meadow Dr, #101",Fort Worth,TX,76165
CUST000562,Tampa Bottle Shop,"7099 Harbor Ave, Ste A",Tampa,FL,33626
CUST000563,Binny's Beverage Depot,2506 Main Way,Dallas,TX,75284
CUST000564,Whataburger,4817 Commerce Dr,Albuquerque,NM,87155
CUST000565,Albertsons,"1518 Peach St, Suite 200",San Francisco,CA,94189
CUST000566,BJ's Wholesale Club,"7230 River Pl, Suite 100",Charlotte,NC,28259
CUST000567,Aldi,1575 Broad Ave,Wilmington,DE,19883
CUST000568,Jersey City Tap Room,8410 Spring Rd,Jersey City,NJ,07329
CUST000569,Liquor Barn,4735 River Way,Burlington,VT,05400
CUST000570,DeLuca's Tavern,"2371 Oak Rd, Ste A",Detroit,MI,48275
CUST000571,Sam & Pat's Steakhouse,"1491 Spring Blvd, Ste A",Salt Lake City,UT,84148
CUST000572,Mama Romano's Kitchen,"9980 Peach Pkwy, Ste A",Phoenix,AZ,85065
CUST000573,Vic's Bar & Grill,"5796 Broad Way, #101",Spokane,WA,99209
CUST000574,Williams Family Restaurant,287 Spring Pkwy,Philadelphia,PA,19167
CUST000575,San Francisco Grill,"664 Elm Ct, Suite 100",San Francisco,CA,94190
CUST000576,Williams's Pub,"4708 Green St, Ste A",Annapolis,MD,21411
CUST000577,Discount Liquor Mart,"8930 Harbor Ln, Suite 100",Richmond,VA,23221
CUST000578,Kona Grill,693 Meadow Pl,Little Rock,AR,72261
CUST000579,Down the Hatch,9975 Green Rd,Providence,RI,02993
CUST000580,Days Inn by Wyndham Milwaukee,3019 Magnolia Pl,Milwaukee,WI,53230
CUST000581,Chipotle Mexican Grill,"4956 Harbor Pl, Suite 100",Fargo,ND,58138
CUST000582,Lexington Taproom,7862 Industrial Ln,Lexington,KY,40586
CUST000583,Liquor Barn,6497 Elm Pkwy,Atlanta,GA,30315
CUST000584,Neighborhood Bar & Grill,3887 Union Pl,Sioux Falls,SD,57199
CUST000585,Jimmy's Seafood,9175 River Ln,Sacramento,CA,95814
CUST000586,Speedway #263,9349 Highland Ln,Buffalo,NY,14268
CUST000587,Fine Wine & Spirits,8760 Chestnut Pkwy,Grand Rapids,MI,49560
CUST000588,Steak 'n Shake,"1412 Park Dr, Suite 100",Milwaukee,WI,53223
CUST000589,Applebee's,"9730 Magnolia Blvd, Unit B",Seattle,WA,98165
CUST000590,Punch Bowl Social,"6345 Cherry Pkwy, Unit B",Worcester,MA,01632
CUST000591,Days Inn by Wyndham Boston,"1757 Green Ln, Suite 200",Boston,MA,02160
CUST000592,Waffle House,7722 Oak Ave,Las Vegas,NV,89163
CUST000593,The Park House,3095 Washington Way,Jackson,MS,39262
CUST000594,The Patel House,"8824 Washington Pkwy, Ste A",Fort Worth,TX,76182
CUST000595,Publix,1098 Park Ave,Cleveland,OH,44108
CUST000596,Mama Nguyen's Pizzeria,2937 Forest Pkwy,Honolulu,HI,96832
CUST000597,Worcester Brewing Co.,"5559 Church Ln, Suite 200",Worcester,MA,01668
CUST000598,Mama Ferreira's,"3688 Main Ln, Suite 100",Newark,NJ,07130
CUST000599,The Charleston Grille,"4329 Commerce Dr, Suite 200",Charleston,SC,29484
CUST000600,Williams Kitchen,"6674 Garden Pkwy, Ste A",Portland,OR,97283
CUST000601,San Diego Taproom,"3596 Walnut Ave, Ste A",San Diego,CA,92110
CUST000602,Jersey City Diner,"4590 Lake Blvd, Suite 100",Jersey City,NJ,07306
CUST000603,Phil's Seafood,"6556 Spring Way, Ste A",Newark,NJ,07120
CUST000604,Al's Grill,"8169 Commerce Ln, Unit B",Spokane,WA,99265
CUST000605,Mama Garcia's,"5730 Forest St, #101",Austin,TX,78762
CUST000606,Milwaukee Ale House,2237 Division Way,Milwaukee,WI,53245
CUST000607,Papa Park's,"3574 Oak Way, Suite 100",Fort Worth,TX,76136
CUST000608,Anna's Bar & Grill,9907 Walnut Pkwy,Virginia Beach,VA,23461
CUST000609,The Rusty Nail,"4338 Walnut Ln, Unit B",Birmingham,AL,35246
CUST000610,The Tap Room,"8021 Sunset Ln, Suite 100",Columbus,OH,43254
CUST000611,Total Spirits Indianapolis,4244 Park Ave,Indianapolis,IN,46222
CUST000612,Queens Diner,8347 Peach Dr,Queens,NY,11379
CUST000613,The Draft & Spur,4724 Washington Ln,Oklahoma City,OK,73141
CUST000614,Shake Shack,"5508 Cedar Ct, #101",Virginia Beach,VA,23453
CUST000615,Mama Chen's,"1803 Church Ln, Suite 200",Pittsburgh,PA,15240
CUST000616,Rite Aid,"5088 River Ln, Unit B",Pittsburgh,PA,15211
CUST000617,The Charlotte Grille,"9077 Cedar Pl, #101",Charlotte,NC,28226
CUST000618,Rizzo's Diner,8364 Forest Rd,Virginia Beach,VA,23491
CUST000619,Romano's Pub,"6234 Broad Blvd, Ste A",Columbia,SC,29218
CUST000620,Nick's Bar & Grill,145 Park Dr,Tulsa,OK,74101
CUST000621,Choice Hotels Quality Inn San Antonio,"5643 Meadow Ave, Ste A",San Antonio,TX,78269
CUST000622,Chipotle Mexican Grill,"7614 Main Pl, #101",Sioux Falls,SD,57111
CUST000623,Rosa's Seafood,"1207 Meadow St, Ste A",Omaha,NE,68197
CUST000624,Mama Johnson's Pizzeria,4521 Spring Dr,Pittsburgh,PA,15265
CUST000625,Liquor Barn,"5860 Walnut Ave, Suite 100",Detroit,MI,48210
CUST000626,Cracker Barrel,7783 Broad Ave,Spokane,WA,99277
CUST000627,HEB,"7157 Church Dr, Ste A",Anchorage,AK,99507
CUST000628,The Rusty Nail,2420 Spring Ln,Jersey City,NJ,07340
CUST000629,Sam's Club,"394 Walnut Pl, Unit B",Buffalo,NY,14255
CUST000630,Chili's,4447 Church Pkwy,Indianapolis,IN,46214
CUST000631,Perkins Restaurant,"8074 Meadow Way, Suite 200",Jackson,MS,39270
CUST000632,Steak 'n Shake,6895 Union Blvd,Anchorage,AK,99585
CUST000633,Meijer,3312 Cherry Ave,Austin,TX,78757
CUST000634,DoubleTree by Hilton Baton Rouge,7438 Valley Ct,Baton Rouge,LA,70829
CUST000635,In-N-Out Burger,2588 Meadow Pl,Philadelphia,PA,19101
CUST000636,Grand Rapids Grill,"2329 Cedar Ave, Suite 200",Grand Rapids,MI,49528
CUST000637,Main Street Liquors,"8863 Broad Pkwy, #101",Worcester,MA,01622
CUST000638,CVS Pharmacy,9785 Valley Ct,Columbus,OH,43265
CUST000639,Grand by Hyatt Raleigh,"5318 Peach Ave, Suite 200",Raleigh,NC,27694
CUST000640,Mama Brown's Pizzeria,"9183 Bay Pkwy, Suite 200",Tampa,FL,33624
CUST000641,Tony's Grill,"1091 River Ln, Suite 100",Wilmington,DE,19871
CUST000642,Jimmy's Seafood,8993 Magnolia Ct,Miami,FL,33188
CUST000643,Cleveland Kitchen,"5201 Industrial Way, Ste A",Cleveland,OH,44190
CUST000644,Old Omaha Tavern,7787 Harbor St,Omaha,NE,68104
CUST000645,Johnson Kitchen,"6953 Commerce Ave, Ste A",Brooklyn,NY,11238
CUST000646,Best Western Premier Phoenix,8513 Market Pl,Phoenix,AZ,85049
CUST000647,Casey's General Store #7208,8775 River Way,San Antonio,TX,78292
CUST000648,Al's Bar & Grill,"4307 Union Pl, Ste A",Pittsburgh,PA,15264
CUST000649,Westin Atlanta Peachtree,"5429 Bay Way, #101",Buffalo,NY,14230
CUST000650,Rossi's Pub,7068 Green St,Buffalo,NY,14214
CUST000651,Price Chopper,"6232 Commerce Pkwy, Unit B",Portland,OR,97291
CUST000652,7-Eleven Store #8809,2288 River St,Lexington,KY,40566
CUST000653,Rite Aid,114 Maple Ct,New York,NY,10083
CUST000654,Rizzo's BBQ,1197 Broad Pl,Reno,NV,89593
CUST000655,Chili's,1423 Maple Ln,Chicago,IL,60643
CUST000656,Fairfield Inn by Marriott Columbia,"3844 Industrial Way, Suite 100",Columbia,SC,29261
CUST000657,Rite Aid,6844 Broad Ave,San Diego,CA,92150
CUST000658,Minneapolis Diner,"7837 Garden Ct, Ste A",Minneapolis,MN,55442
CUST000659,Panera Bread,"2973 Chestnut Dr, Suite 200",Cincinnati,OH,45278
CUST000660,Raley's,"6738 Church Pl, Unit B",Charlotte,NC,28200
CUST000661,Martinez Family Restaurant,3015 Market Blvd,Kansas City,MO,64139
CUST000662,Steak 'n Shake,"1484 Maple Pl, Suite 100",Portland,OR,97237
CUST000663,Hooters,8097 Maple Ln,Reno,NV,89543
CUST000664,Tucson Liquors,"4980 Chestnut Blvd, Suite 100",Tucson,AZ,85728
CUST000665,Sam's Club,"3421 Center Ave, Unit B",Springfield,IL,62790
CUST000666,Chen's BBQ,6375 Peach Pkwy,Boston,MA,02133
CUST000667,Spec's Liquor,"293 Magnolia Ct, #101",Honolulu,HI,96826
CUST000668,Central Liquors,"2310 Walnut Ln, Suite 100",Savannah,GA,31455
CUST000669,Safeway,346 Oak Way,Columbia,SC,29220
CUST000670,Punch Bowl Social,2593 Union Way,Columbia,SC,29261
CUST000671,Costco Wholesale,"8894 Green Rd, #101",Portland,OR,97296
CUST000672,Sonic Drive-In,8573 Harbor Rd,Cincinnati,OH,45200
CUST000673,The Rusty Nail,2309 Valley Pl,Jacksonville,FL,32234
CUST000674,Steak 'n Shake,9220 Bay Ct,Columbus,OH,43295
CUST000675,Marketview Liquor,8575 Cedar Blvd,Columbia,SC,29278
CUST000676,Sports Page Bar,7406 Park Ct,Pittsburgh,PA,15225
CUST000677,P.F. Chang's,"5773 Bay St, Suite 200",Tucson,AZ,85797
CUST000678,Mama Romano's Pizzeria,"6777 Oak Pkwy, Suite 100",Kansas City,MO,64179
CUST000679,ABC Fine Wine & Spirits,"1233 Commerce St, Suite 200",Phoenix,AZ,85048
CUST000680,Garden Inn by Hilton Fort Worth,8611 Market Dr,Fort Worth,TX,76140
CUST000681,The Bottle Shop,"9443 Spring Way, Suite 100",Detroit,MI,48284
CUST000682,Bob Evans,"577 Commerce Way, #101",Las Vegas,NV,89178
CUST000683,The Draft House,2905 Bay Pkwy,Omaha,NE,68168
CUST000684,Eddie's Grill,5933 Industrial Pl,Charlotte,NC,28299
CUST000685,Main Street Liquors,4343 Church Ct,Cleveland,OH,44182
CUST000686,Wilmington Kitchen,6361 Church Ct,Wilmington,DE,19872
CUST000687,Neighborhood Bar & Grill,6246 Meadow St,Birmingham,AL,35227
CUST000688,BevMo,6979 Park Blvd,Worcester,MA,01635
CUST000689,Fine Wine & Spirits,"1512 River Rd, Unit B",Salt Lake City,UT,84125
CUST000690,Casa Miller,9532 Park Pl,New York,NY,10016
CUST000691,Chili's,"5583 Washington Ln, #101",Sacramento,CA,95873
CUST000692,Trader Joe's,"2090 Spring Blvd, Ste A",Miami,FL,33143
CUST000693,Choice Hotels Comfort Inn Las Vegas,"5393 Valley Ave, Suite 200",Las Vegas,NV,89101
CUST000694,ampm #1040,"7062 Sunset Way, #101",Anchorage,AK,99585
CUST000695,Wawa #1049,"9403 Oak Way, Unit B",Nashville,TN,37254
CUST000696,Cheers Bar & Grill,8400 Park Pkwy,Providence,RI,02975
CUST000697,Speedway #4414,"5388 Garden Way, Ste A",Virginia Beach,VA,23428
CUST000698,Binny's Beverage Depot,9901 Park Pkwy,Jackson,MS,39286
CUST000699,Wingstop,"5923 Hill Dr, #101",Sacramento,CA,95829
CUST000700,LongHorn Steakhouse,8151 Peach Way,Sacramento,CA,95873
CUST000701,Mama Brown's,"5981 Chestnut Ct, Ste A",Detroit,MI,48203
CUST000702,TGI Fridays,7026 Forest Dr,Sioux Falls,SD,57162
CUST000703,Walgreens,"2127 Walnut Ave, Suite 200",Tulsa,OK,74185
CUST000704,Mama Romano's Pizzeria,3861 Center Way,Orlando,FL,32881
CUST000705,Place by Hyatt Baltimore,3343 Highland Blvd,Baltimore,MD,21242
CUST000706,Old Chicago Tavern,"2601 Division Pl, Suite 100",Chicago,IL,60662
CUST000707,Providence Bistro,2835 Peach Pl,Providence,RI,02987
CUST000708,Best Western Sacramento,"1115 Chestnut Blvd, Ste A",Sacramento,CA,95817
CUST000709,Wingstop,6224 Pine Ln,New Orleans,LA,70137
CUST000710,Patel Kitchen,6813 Magnolia Blvd,Fort Worth,TX,76103
CUST000711,The Chen House,"5632 Pine Ln, Unit B",Grand Rapids,MI,49570
CUST000712,Red by Radisson Fort Worth,7714 Willow Ln,Fort Worth,TX,76139
CUST000713,Springhill Suites by Marriott Fargo,8382 Broad Pkwy,Fargo,ND,58125
CUST000714,Miller Family Restaurant,"6767 Valley Ct, #101",Chicago,IL,60602
CUST000715,The Cheesecake Factory,"8216 Forest Dr, Unit B",Portland,OR,97280
CUST000716,CVS Pharmacy,"8074 Oak Ave, Ste A",Cincinnati,OH,45204
CUST000717,The Cheesecake Factory,2000 Bay Pkwy,Little Rock,AR,72276
CUST000718,Garden Inn by Hilton Chicago,2755 Commerce Ct,Chicago,IL,60687
CUST000719,Miami Taproom,3297 Spring St,Miami,FL,33144
CUST000720,Giant Eagle,674 Park Way,Little Rock,AR,72250
CUST000721,House by Hyatt Denver,7192 River Ave,Denver,CO,80298
CUST000722,Whole Foods Market,"3977 Spring St, Unit B",Colorado Springs,CO,80906
CUST000723,Bar Louie,"8017 Valley Ct, Unit B",Kansas City,MO,64104
CUST000724,St. Paul Grill,"9777 Main St, Suite 100",St. Paul,MN,55147
CUST000725,Old Spokane Tavern,1438 Cedar Blvd,Spokane,WA,99224
CUST000726,Jones Family Restaurant,"9607 Union Blvd, Suite 100",Houston,TX,77065
CUST000727,Wegmans,"7132 Forest Pkwy, Ste A",Austin,TX,78723
CUST000728,Ferreira's Diner,6873 Center Way,Little Rock,AR,72261
CUST000729,Casa Rossi,8879 Hill Ct,Salt Lake City,UT,84177
CUST000730,CVS Pharmacy,"6775 Market Blvd, #101",Spokane,WA,99227
CUST000731,Bob's Bar & Grill,374 Magnolia Ct,Virginia Beach,VA,23484
CUST000732,Love's Travel Stop #9784,"1953 Maple Rd, #101",Memphis,TN,38142
CUST000733,Mama Caruso's Kitchen,"136 Walnut Pl, Ste A",Jersey City,NJ,07323
CUST000734,Corner Pocket Billiards & Bar,7222 Maple Dr,Anchorage,AK,99591
CUST000735,TGI Fridays,"9383 Broad St, Suite 100",Phoenix,AZ,85087
CUST000736,Safeway,3423 Commerce Ave,Detroit,MI,48275
CUST000737,Crowne Plaza by IHG Columbia,"7587 Maple Pl, #101",Columbia,SC,29282
CUST000738,Choice Hotels Econo Lodge Seattle,3892 Green Blvd,Seattle,WA,98101
CUST000739,Binny's Beverage Depot,"9678 Hill Pl, Unit B",Birmingham,AL,35201
CUST000740,Casey's General Store #4650,"5569 Industrial Way, Ste A",Buffalo,NY,14291
CUST000741,Sonic Drive-In,"7247 Highland Ave, #101",Miami,FL,33189
CUST000742,Courtyard by Marriott Jackson,8821 Walnut Rd,Jackson,MS,39251
CUST000743,Providence Brewing Co.,6330 Commerce Blvd,Providence,RI,02959
CUST000744,Gino & Pat's Steakhouse,"4349 Peach Pkwy, Unit B",Reno,NV,89534
CUST000745,WinCo Foods,4634 River Pl,Madison,WI,53721
CUST000746,House by Hyatt Richmond,5905 Union Ct,Richmond,VA,23257
CUST000747,Publix,1016 Union St,Austin,TX,78729
CUST000748,The Rizzo House,"3800 Walnut Ln, Ste A",Baton Rouge,LA,70880
CUST000749,Dave & Buster's,"6812 Cedar Rd, Suite 100",Tulsa,OK,74136
CUST000750,Brooklyn Tap Room,"1720 Cherry Blvd, Unit B",Brooklyn,NY,11240
CUST000751,Spec's Liquor,"4811 Garden St, Ste A",Reno,NV,89552
CUST000752,Sacramento Bistro,"1420 Hill St, Suite 200",Sacramento,CA,95844
CUST000753,TGI Fridays,"4052 Willow Pl, Suite 200",Pittsburgh,PA,15287
CUST000754,St. Louis Ale House,"4440 Magnolia Way, #101",St. Louis,MO,63111
CUST000755,Vic's Seafood,5509 Cherry St,Little Rock,AR,72231
CUST000756,Twin Peaks,4017 Harbor St,Sacramento,CA,95899
CUST000757,Marketview Liquor,"772 Sunset Way, Ste A",Minneapolis,MN,55415
CUST000758,Cheers Bar & Grill,"4749 Harbor Pkwy, Suite 200",Seattle,WA,98111
CUST000759,Staybridge Suites by IHG Atlanta,"9707 Industrial Rd, Suite 200",Atlanta,GA,30365
CUST000760,Residence Inn by Marriott Dallas,"430 Walnut St, Ste A",Dallas,TX,75252
CUST000761,Nashville Kitchen,"9731 Main Blvd, Ste A",Nashville,TN,37262
CUST000762,Outback Steakhouse,"1867 Cherry Blvd, Suite 200",Queens,NY,11374
CUST000763,Hyatt Place Denver,8401 Peach Pkwy,Little Rock,AR,72217
CUST000764,Waffle House,"8938 Park Dr, Ste A",Baton Rouge,LA,70852
CUST000765,Charleston Brewing Co.,"1605 Commerce Ct, Suite 200",Charleston,SC,29450
CUST000766,Old Birmingham Tavern,"9480 Willow Ave, #101",Birmingham,AL,35261
CUST000767,Miller Family Restaurant,6286 Broad Blvd,St. Paul,MN,55197
CUST000768,Memphis Diner,"3103 Church Ct, Unit B",Memphis,TN,38119
CUST000769,Costco Wholesale,"2723 Garden Dr, Suite 100",Raleigh,NC,27683
CUST000770,Keg Liquors,"6468 Industrial Rd, Ste A",Jacksonville,FL,32244
CUST000771,Love's Travel Stop #1933,"529 Magnolia Ave, Ste A",Chicago,IL,60636
CUST000772,Loews Hotel Philadelphia,"7360 Sunset Dr, Suite 200",Spokane,WA,99211
CUST000773,Ramada by Wyndham Queens,8838 Sunset Ct,Queens,NY,11355
CUST000774,Costco Wholesale,5809 Bay Pl,Nashville,TN,37258
CUST000775,World of Beer,"8226 Industrial St, Suite 100",Fort Worth,TX,76146
CUST000776,Jones's Tavern,4012 Meadow Dr,Spokane,WA,99293
CUST000777,Rite Aid,4644 Peach St,Lexington,KY,40527
CUST000778,Kwik Trip #6953,830 Pine Dr,Nashville,TN,37243
CUST000779,Rite Aid,8431 Union Pkwy,San Francisco,CA,94101
CUST000780,Corner Pocket Billiards & Bar,"5863 Spring Dr, Suite 200",Honolulu,HI,96812
CUST000781,Marketview Liquor,"1561 Willow St, Ste A",Seattle,WA,98132
CUST000782,The Rusty Nail,2493 Main Ln,New Orleans,LA,70152
CUST000783,Ritz-Carlton New Orleans,"6358 Cherry Pl, Unit B",Indianapolis,IN,46229
CUST000784,Costco Wholesale,6919 Main Way,Pittsburgh,PA,15241
CUST000785,Chili's,1032 Commerce Rd,Phoenix,AZ,85041
CUST000786,Sam's Club,3316 Commerce Ave,Phoenix,AZ,85041
CUST000787,Davis Kitchen,"1762 Main Rd, Suite 200",Savannah,GA,31444
CUST000788,Gino's Seafood,6405 Bay Dr,Jersey City,NJ,07357
CUST000789,BevMo,7276 Forest Ct,Baton Rouge,LA,70872
CUST000790,TGI Fridays,"867 Church Ct, Suite 100",Springfield,IL,62751
CUST000791,Buffalo Ale House,2526 Lake Blvd,Buffalo,NY,14283
CUST000792,Best Western Plus New Orleans,3793 Bay Blvd,New Orleans,LA,70150
CUST000793,Oklahoma City Bistro,"9001 Sunset Blvd, Ste A",Oklahoma City,OK,73168
CUST000794,ABC Fine Wine & Spirits,8862 Center Pkwy,Fargo,ND,58199
CUST000795,Red Lobster,6680 Willow Pl,Colorado Springs,CO,80925
CUST000796,The Stein & Crow,"117 Pine St, Suite 200",Detroit,MI,48281
CUST000797,LongHorn Steakhouse,5024 Market Ave,Annapolis,MD,21411
CUST000798,Liquor Barn,6383 Harbor Blvd,Baton Rouge,LA,70863
CUST000799,Total Wine & More,5959 Cherry St,Omaha,NE,68118
CUST000800,Olive Garden,7949 Washington Dr,Charlotte,NC,28253
CUST000801,The Jones House,8247 Park Ct,Baton Rouge,LA,70878
CUST000802,Perkins Restaurant,"365 Oak Pkwy, Suite 100",Newark,NJ,07101
CUST000803,Cheers Bar & Grill,"3819 Center Dr, Suite 100",Kansas City,MO,64151
CUST000804,Papa Johnson's,"7016 Sunset St, Ste A",Queens,NY,11308
CUST000805,Casa Garcia,"7187 Market Dr, #101",St. Paul,MN,55107
CUST000806,BevMo,"8935 Green Dr, Ste A",Austin,TX,78722
CUST000807,Columbus Liquors,"9798 Walnut Ct, Unit B",Columbus,OH,43261
CUST000808,Four Seasons Miami,9414 Highland Blvd,St. Louis,MO,63190
CUST000809,Doubletree by Hilton Seattle,"7340 Walnut Way, #101",Newark,NJ,07133
CUST000810,Sheetz #5690,"5995 Green Ct, #101",Tucson,AZ,85785
CUST000811,Sonic Drive-In,4707 Hill Blvd,Springfield,IL,62793
CUST000812,Ferreira Family Restaurant,4815 Elm St,Jersey City,NJ,07345
CUST000813,Hooters,"6774 Cedar St, #101",Queens,NY,11368
CUST000814,Brown's Tavern,4705 Center Rd,Burlington,VT,05495
CUST000815,Yard House,5176 Center Dr,Detroit,MI,48237
CUST000816,Dave & Buster's,"3290 Industrial Pkwy, Ste A",Phoenix,AZ,85029
CUST000817,Buffalo Wild Wings,"8429 Highland Pl, Suite 200",Omaha,NE,68146
CUST000818,Winn-Dixie,"4398 Willow Rd, Suite 100",Hartford,CT,06157
CUST000819,Denny's,"6772 Commerce St, Suite 200",Columbia,SC,29209
CUST000820,The Tap & Draft,"9242 Willow Ave, Ste A",Seattle,WA,98187
CUST000821,Circle K #3312,6400 Lake St,Eugene,OR,97421
CUST000822,Giant Eagle,9307 Main Ln,Austin,TX,78732
CUST000823,Panera Bread,4284 Magnolia St,Virginia Beach,VA,23489
CUST000824,Waffle House,"7154 Green Pkwy, Suite 100",St. Paul,MN,55131
CUST000825,Giant Eagle,1342 Washington Rd,Colorado Springs,CO,80985
CUST000826,Mama Rossi's Pizzeria,6138 Union St,Denver,CO,80269
CUST000827,Mama Martinez's,"6784 Pine Rd, Suite 100",Anchorage,AK,99506
CUST000828,Dave & Buster's,"8498 Peach Way, Suite 100",Omaha,NE,68113
CUST000829,Bar Louie,"2614 Division Ct, Unit B",Little Rock,AR,72268
CUST000830,Mama Kim's Kitchen,5075 Highland Pkwy,Grand Rapids,MI,49531
CUST000831,The Brooklyn Grille,"5677 Church Way, Suite 100",Brooklyn,NY,11201
CUST000832,Park Family Restaurant,"6961 Garden Way, Suite 100",Jackson,MS,39285
CUST000833,Marketview Liquor,"5332 Church Rd, Ste A",Virginia Beach,VA,23424
CUST000834,Martinez's Tavern,"6838 Meadow Pkwy, Suite 200",Milwaukee,WI,53200
CUST000835,Holiday Inn Express Boston,2278 Forest Ct,Reno,NV,89511
CUST000836,Safeway,"6864 Union Pl, Suite 200",Springfield,IL,62794
CUST000837,Hilton Garden Inn Dallas,"7180 Hill Blvd, #101",Minneapolis,MN,55463
CUST000838,Mama Williams's Kitchen,1413 Forest Ct,Sacramento,CA,95813
CUST000839,Marco's Bar & Grill,4690 Forest Ave,Miami,FL,33198
CUST000840,Reno Diner,"9100 Harbor Pkwy, Unit B",Reno,NV,89506
CUST000841,Springfield Ale House,"8253 Commerce Ct, Suite 100",Springfield,IL,62771
CUST000842,Raising Cane's,4667 Walnut Pkwy,Raleigh,NC,27605
CUST000843,San Antonio Grill,485 Green Ave,San Antonio,TX,78237
CUST000844,Twin Peaks,"3820 Willow Blvd, Ste A",Richmond,VA,23296
CUST000845,Salt Lake City Diner,"4728 Bay Ave, Unit B",Salt Lake City,UT,84185
CUST000846,The Cheesecake Factory,4905 Sunset Ave,Dallas,TX,75210
CUST000847,Texas Roadhouse,"764 Maple Ave, Suite 200",Columbus,OH,43262
CUST000848,Lidl,4436 Center Pl,Springfield,IL,62706
CUST000849,The Red Anchor,"1727 Walnut Pl, Suite 200",Salt Lake City,UT,84131
CUST000850,Raising Cane's,4276 Industrial Pkwy,Columbia,SC,29228
CUST000851,Davis Kitchen,9501 Broad Way,Denver,CO,80265
CUST000852,The Wild Mug,8472 Walnut Way,Columbia,SC,29224
CUST000853,Ramada by Wyndham San Diego,3098 Harbor Way,San Diego,CA,92176
CUST000854,Main Street Liquors,"3270 River Ct, Suite 200",Fargo,ND,58187
CUST000855,Love's Travel Stop #7877,"6864 Washington St, #101",Louisville,KY,40293
CUST000856,Safeway,"4355 Lake Ave, Suite 200",Charleston,SC,29411
CUST000857,Raising Cane's,"1397 Forest Blvd, Ste A",Denver,CO,80222
CUST000858,Rosa's Bar & Grill,205 Harbor Rd,Birmingham,AL,35240
CUST000859,Central Liquors,2168 Willow Pl,Baltimore,MD,21289
CUST000860,Meijer,4806 Elm Ct,Milwaukee,WI,53274
CUST000861,Sunset Lounge,6699 Garden Dr,Fort Worth,TX,76191
CUST000862,Trader Joe's,8110 Hill Way,Wilmington,DE,19800
CUST000863,Kona Grill,8424 Elm Way,Tulsa,OK,74154
CUST000864,Shake Shack,"3821 Hill Pkwy, Unit B",Baltimore,MD,21234
CUST000865,Mama Rossi's,5002 Broad Blvd,Philadelphia,PA,19181
CUST000866,Jack & Nick's Steakhouse,1407 Commerce Pkwy,Madison,WI,53737
CUST000867,Ramada by Wyndham Virginia Beach,7799 Hill Ln,Virginia Beach,VA,23469
CUST000868,Circle K #7142,4474 Valley Ct,Jacksonville,FL,32249
CUST000869,Speedway #9085,7309 Willow Pkwy,Minneapolis,MN,55424
CUST000870,The Draft House,"9051 Green Pl, Suite 100",Pittsburgh,PA,15261
CUST000871,Discount Liquor Mart,6124 River St,Brooklyn,NY,11283
CUST000872,Sam's Club,"3017 Lake Ave, Suite 100",Memphis,TN,38141
CUST000873,Lidl,"6442 River Dr, Unit B",Savannah,GA,31437
CUST000874,Grand by Hyatt Detroit,"5858 Market Ln, Suite 200",Detroit,MI,48229
CUST000875,San Francisco Taproom,6605 Chestnut Pl,San Francisco,CA,94165
CUST000876,Sports Page Bar,2371 Sunset Blvd,Detroit,MI,48261
CUST000877,Mama Jones's Kitchen,8154 Meadow St,New York,NY,10085
CUST000878,Denver Diner,"4212 Washington Pl, Suite 100",Denver,CO,80241
CUST000879,Columbia Bottle Shop,"9662 Highland Ln, Ste A",Columbia,SC,29213
CUST000880,Ritz-Carlton New Orleans,5165 Washington Pl,Austin,TX,78751
CUST000881,World of Beer,9933 River Pl,Denver,CO,80245
CUST000882,Neighborhood Bar & Grill,"6113 Forest Blvd, #101",Anchorage,AK,99584
CUST000883,Sonic Drive-In,2800 River Rd,Newark,NJ,07140
CUST000884,Richmond Brewing Co.,"1825 Broad Way, Unit B",Richmond,VA,23257
CUST000885,HEB,5688 Cherry Pkwy,Colorado Springs,CO,80933
CUST000886,Atlanta Tap Room,"1935 Oak Blvd, #101",Atlanta,GA,30372
CUST000887,Rite Aid,"307 Cherry St, Suite 200",Madison,WI,53772
CUST000888,Sam's Grill,9551 Cherry Ave,Baton Rouge,LA,70806
CUST000889,Golden Corral,4643 Broad Pl,Providence,RI,02972
CUST000890,Dave & Buster's,"522 Elm Pl, Suite 100",Honolulu,HI,96865
CUST000891,The Rusty Nail,4500 Maple Rd,Little Rock,AR,72272
CUST000892,Stater Bros.,2985 Garden Dr,Jackson,MS,39262
CUST000893,Wegmans,"1905 Magnolia Ln, #101",Pittsburgh,PA,15299
CUST000894,Costco Wholesale,"5145 Hill Blvd, Suite 100",Denver,CO,80225
CUST000895,Best Western Premier Columbus,6784 Garden Ln,Columbus,OH,43221
CUST000896,Mama Patel's,"5710 Valley Ct, Unit B",Houston,TX,77043
CUST000897,Choice Hotels Clarion Denver,6511 Peach Ave,Denver,CO,80253
CUST000898,Kona Grill,"193 Broad Blvd, Suite 200",Cleveland,OH,44162
CUST000899,Corner Pocket Billiards & Bar,"9508 Harbor Dr, #101",Buffalo,NY,14239
CUST000900,Sonic Drive-In,"4986 River Pl, Suite 100",Baltimore,MD,21201
CUST000901,Main Street Liquors,"4677 Sunset Ct, Suite 100",Baltimore,MD,21274
CUST000902,Kwik Trip #1082,2335 Bay Dr,Atlanta,GA,30308
CUST000903,Rizzo Family Restaurant,7162 Lake St,Baton Rouge,LA,70827
CUST000904,The Bottle Shop,7746 Market St,Wilmington,DE,19833
CUST000905,The Cheesecake Factory,"1181 Highland Ave, Suite 100",Richmond,VA,23234
CUST000906,Los Angeles Tap Room,4374 Spring Pkwy,Los Angeles,CA,90039
CUST000907,Wawa #5135,"7204 Sunset Ave, Unit B",Indianapolis,IN,46291
CUST000908,Walgreens,190 Broad Ave,Austin,TX,78718
CUST000909,Choice Hotels Econo Lodge Portland,"3660 Broad Rd, Unit B",Portland,OR,97270
CUST000910,Chen's Diner,"6569 Pine Blvd, Suite 100",Providence,RI,02931
CUST000911,Costco Wholesale,"4173 Broad Way, #101",Colorado Springs,CO,80947
CUST000912,Mama Ferreira's Pizzeria,8646 Meadow Rd,Madison,WI,53725
CUST000913,Shake Shack,"4461 Park Ave, Suite 100",Milwaukee,WI,53261
CUST000914,Meijer,"1397 Industrial Pkwy, #101",Kansas City,MO,64116
CUST000915,Wingstop,251 Park Ln,Charleston,SC,29464
CUST000916,TGI Fridays,5271 Division St,Pittsburgh,PA,15229
CUST000917,Rite Aid,"6645 Spring Blvd, Unit B",Salt Lake City,UT,84191
CUST000918,CVS Pharmacy,3050 Garden St,Fort Worth,TX,76107
CUST000919,Perkins Restaurant,"9969 Forest Ct, Suite 200",Birmingham,AL,35221
CUST000920,IHOP,"205 Commerce Pl, Ste A",Cincinnati,OH,45275
CUST000921,Golden Corral,5786 Harbor Ct,New York,NY,10054
CUST000922,Williams Kitchen,460 Chestnut Ct,Chicago,IL,60643
CUST000923,Waffle House,3876 Walnut Dr,Cincinnati,OH,45240
CUST000924,Ritz-Carlton New Orleans,2857 Garden Rd,Cleveland,OH,44170
CUST000925,Park's Diner,"626 Chestnut Ct, #101",Memphis,TN,38143
CUST000926,Hooters,243 Peach Blvd,Nashville,TN,37226
CUST000927,Lexington Grill,5635 Highland Rd,Lexington,KY,40546
CUST000928,Leo's Grill,3238 Pine Dr,Charleston,SC,29485
CUST000929,Twin Peaks,4312 Forest Pl,Hartford,CT,06159
CUST000930,Binny's Beverage Depot,7426 River Ave,Raleigh,NC,27676
CUST000931,HEB,8247 Main Blvd,Richmond,VA,23265
CUST000932,Red by Radisson Dallas,3030 Union St,Dallas,TX,75281
CUST000933,Whole Foods Market,"6369 Forest Rd, #101",Little Rock,AR,72283
CUST000934,Esposito Kitchen,"8370 Garden Blvd, #101",Salt Lake City,UT,84155
CUST000935,Applebee's,5675 Division Pl,Grand Rapids,MI,49538
CUST000936,Rite Aid,"1300 Highland Blvd, Suite 100",Springfield,IL,62778
CUST000937,Annapolis Bistro,"7919 Garden Ave, Suite 100",Annapolis,MD,21416
CUST000938,Shake Shack,6669 Elm Ave,Seattle,WA,98172
CUST000939,Jacksonville Ale House,"6381 Church Pl, Suite 200",Jacksonville,FL,32226
CUST000940,Chili's,"8868 Cedar Ct, Ste A",Little Rock,AR,72295
CUST000941,Dave & Buster's,"7538 Spring Pkwy, Suite 100",Reno,NV,89502
CUST000942,Old Baton Rouge Tavern,2326 Forest Ln,Baton Rouge,LA,70813
CUST000943,Steak 'n Shake,"7196 Highland Pl, Ste A",Worcester,MA,01652
CUST000944,Walgreens,"4673 Walnut Pl, Suite 200",New York,NY,10036
CUST000945,Chicago Diner,"6086 Highland Ave, Suite 100",Chicago,IL,60642
CUST000946,Kwik Trip #5655,7850 Garden Way,Chicago,IL,60670
CUST000947,Old New York Tavern,"4989 Broad Pl, Unit B",New York,NY,10005
CUST000948,Sheraton New York Times Square,"5087 Willow Ln, #101",Omaha,NE,68122
CUST000949,Premier Wine & Spirits,"8860 Forest St, Suite 200",Baltimore,MD,21204
CUST000950,Garden Inn by Hilton Eugene,"9328 Market Pl, Suite 200",Eugene,OR,97409
CUST000951,Rosa & Phil's Steakhouse,1382 Pine Ave,San Diego,CA,92113
CUST000952,Old Birmingham Tavern,"7211 Peach Ln, Unit B",Birmingham,AL,35245
CUST000953,Binny's Beverage Depot,"4145 Main Way, Suite 200",Springfield,IL,62758
CUST000954,Portland Diner,8718 Sunset Pl,Portland,OR,97207
CUST000955,The Portland Grille,8237 Willow Way,Portland,OR,97286
CUST000956,Albertsons,3330 Broad Dr,Boston,MA,02161
CUST000957,GetGo #4062,6962 Valley Ln,Kansas City,MO,64101
CUST000958,Papa Rossi's,7021 Walnut Way,Omaha,NE,68125
CUST000959,CVS Pharmacy,"4607 Lake Ln, Suite 100",Virginia Beach,VA,23470
CUST000960,World of Beer,"1403 Washington Ave, #101",St. Paul,MN,55144
CUST000961,Hooters,"6162 Willow Dr, Ste A",Hartford,CT,06199
CUST000962,The Sioux Falls Grille,9135 Pine Pl,Sioux Falls,SD,57178
CUST000963,Olive Garden,5935 Park Rd,Houston,TX,77065
CUST000964,Loews Hotel Philadelphia,5609 Cherry Pl,Indianapolis,IN,46284
CUST000965,Chili's,"1855 Magnolia St, Suite 100",Grand Rapids,MI,49556
CUST000966,Bill's Grill,"7670 Cherry Dr, #101",St. Paul,MN,55196
CUST000967,New York Kitchen,"3720 Market Ln, Suite 200",New York,NY,10046
CUST000968,Mama Patel's Kitchen,"4783 Industrial Blvd, Ste A",Tucson,AZ,85798
CUST000969,TGI Fridays,1712 Meadow Pl,Tulsa,OK,74121
CUST000970,Sheetz #7528,9906 Magnolia St,Louisville,KY,40206
CUST000971,Boston Diner,3488 Meadow Rd,Boston,MA,02144
CUST000972,The Phoenix Grille,6449 Valley Dr,Phoenix,AZ,85055
CUST000973,Sam's Club,"4929 Center Rd, Unit B",Little Rock,AR,72242
CUST000974,Doubletree by Hilton Seattle,"4418 Cherry Pkwy, Ste A",Philadelphia,PA,19152
CUST000975,Four Seasons Miami,4696 Green Way,Nashville,TN,37233
CUST000976,Wingstop,"8593 Broad St, Unit B",New Orleans,LA,70145
CUST000977,LongHorn Steakhouse,"869 Commerce Ln, #101",Miami,FL,33125
CUST000978,CVS Pharmacy,"8247 River Blvd, Suite 100",Honolulu,HI,96878
CUST000979,Down the Hatch,"7633 Walnut Ln, #101",Columbia,SC,29260
CUST000980,Discount Liquor Mart,"2732 Cedar Ct, #101",San Francisco,CA,94188
CUST000981,Shake Shack,7183 Chestnut Way,Miami,FL,33160
CUST000982,Anchorage Kitchen,"1574 Forest Blvd, #101",Anchorage,AK,99536
CUST000983,Outback Steakhouse,9005 Sunset Rd,Brooklyn,NY,11221
CUST000984,Spec's Liquor,"3078 Meadow Ct, #101",Dallas,TX,75299
CUST000985,Giant Eagle,3105 Willow Ave,Hartford,CT,06129
CUST000986,Choice Hotels Comfort Inn Anchorage,4082 Main Pl,Anchorage,AK,99572
CUST000987,Down the Hatch,"2374 Commerce Ave, Unit B",Seattle,WA,98194
CUST000988,Punch Bowl Social,"2114 Union Ln, Suite 200",Orlando,FL,32817
CUST000989,Down the Hatch,"5789 Bay Ct, Suite 200",Kansas City,MO,64125
CUST000990,World of Beer,3213 Pine Ln,Oklahoma City,OK,73164
CUST000991,Meijer,7912 Commerce St,Brooklyn,NY,11241
CUST000992,Detroit Grill,9420 Broad Ct,Detroit,MI,48275
CUST000993,Holiday Inn Express by IHG Pittsburgh,"113 Broad Pkwy, #101",Pittsburgh,PA,15207
CUST000994,Costco Wholesale,"8871 Green Rd, Unit B",Nashville,TN,37293
CUST000995,Piggly Wiggly,8454 Cedar Dr,Fort Worth,TX,76152
CUST000996,Jimmy's Grill,3721 Maple Pl,Worcester,MA,01611
CUST000997,Rite Aid,"8385 Commerce Pl, Suite 200",Charlotte,NC,28207
CUST000998,Albertsons,"8650 Washington Way, Suite 100",Indianapolis,IN,46203
CUST000999,The Detroit Grille,8373 Hill St,Detroit,MI,48250
CUST001000,Outback Steakhouse,"3617 Industrial Blvd, Suite 200",Houston,TX,77078
CUST001001,Casa Rizzo,2920 Market Dr,Little Rock,AR,72283
CUST001002,Leo's Bar & Grill,"5073 Washington Way, Suite 100",San Diego,CA,92192
CUST001003,Omni Dallas Hotel,676 Garden Way,Savannah,GA,31493
CUST001004,Johnson's Tavern,6461 River St,Buffalo,NY,14296
CUST001005,ampm #7023,9727 Walnut Ct,Raleigh,NC,27682
CUST001006,Omaha Grill,7354 Maple Way,Omaha,NE,68118
CUST001007,Omaha Diner,"7452 Division Pkwy, #101",Omaha,NE,68181
CUST001008,Price Chopper,"1970 Forest Pl, Unit B",Seattle,WA,98173
CUST001009,Aldi,"6503 Park Dr, Suite 100",Lexington,KY,40572
CUST001010,Hyatt Place Denver,5812 Union Ct,Annapolis,MD,21445
CUST001011,Park's Liquor Store,9377 Pine Way,Austin,TX,78728
CUST001012,Yard House,"877 Bay Dr, #101",Lexington,KY,40542
CUST001013,Spec's Liquor,3870 Maple Ln,Worcester,MA,01628
CUST001014,Frank's Bar & Grill,"9587 River Ave, Ste A",Milwaukee,WI,53270
CUST001015,World of Beer,2480 Center Dr,Louisville,KY,40273
CUST001016,Down the Hatch,9688 Chestnut Way,St. Louis,MO,63114
CUST001017,Mama Patel's Kitchen,"5491 Harbor Blvd, Unit B",Nashville,TN,37269
CUST001018,House by Hyatt Pittsburgh,8819 Bay Ave,Pittsburgh,PA,15211
CUST001019,Wingstop,"280 Division Blvd, Ste A",Sacramento,CA,95871
CUST001020,Caruso's Pub,4534 Elm Ct,Baltimore,MD,21209
CUST001021,Waffle House,7689 Sunset Way,Reno,NV,89538
CUST001022,Shake Shack,"6925 Industrial Ave, Unit B",Jersey City,NJ,07333
CUST001023,Texas Roadhouse,"3488 Harbor Pl, #101",Dallas,TX,75220
CUST001024,Best Western Plus St. Paul,9497 Cherry St,St. Paul,MN,55166
CUST001025,Westin Atlanta Peachtree,"8280 Washington St, #101",Buffalo,NY,14208
CUST001026,Costco Wholesale,3211 Green Rd,Baton Rouge,LA,70895
CUST001027,Meijer,"4631 Church Rd, Ste A",Providence,RI,02976
CUST001028,Lidl,"8469 Magnolia Pkwy, Unit B",Columbus,OH,43297
CUST001029,Red Lobster,"9779 Garden Pkwy, Unit B",Oklahoma City,OK,73153
CUST001030,Marriott Houston Downtown,"8747 Maple Ct, Suite 200",Sacramento,CA,95884
CUST001031,Sonic Drive-In,8613 Chestnut Way,Baltimore,MD,21208
CUST001032,Mama Patel's Kitchen,2804 Washington Rd,Worcester,MA,01692
CUST001033,Baltimore Brewing Co.,5410 Chestnut Pl,Baltimore,MD,21255
CUST001034,ABC Fine Wine & Spirits,"1160 Garden Pkwy, #101",Lexington,KY,40550
CUST001035,The Cheesecake Factory,"6384 Main Rd, #101",Savannah,GA,31476
CUST001036,Super 8 by Wyndham Sacramento,"5358 Lake Pkwy, Suite 200",Sacramento,CA,95800
CUST001037,Raising Cane's,1141 Valley Pkwy,Birmingham,AL,35277
CUST001038,Walgreens,"3105 Pine Pkwy, Ste A",Austin,TX,78798
CUST001039,Brooklyn Brewing Co.,3862 Market Way,Brooklyn,NY,11282
CUST001040,The Iron Barrel,"502 Peach Pl, Suite 200",Virginia Beach,VA,23440
CUST001041,World of Beer,1360 Highland Blvd,Queens,NY,11366
CUST001042,Sheetz #4743,194 Union Pl,Lexington,KY,40531
CUST001043,Ritz-Carlton New Orleans,"9160 Park Pkwy, Suite 100",Anchorage,AK,99560
CUST001044,Yard House,"544 Hill Pl, Suite 100",Portland,OR,97273
CUST001045,The Rail & Hound,8878 Sunset Dr,Newark,NJ,07117
CUST001046,Blu by Radisson Las Vegas,"3619 Willow Ct, Suite 100",Las Vegas,NV,89158
CUST001047,Maria's Seafood,1872 Lake Ave,Spokane,WA,99275
CUST001048,Austin Brewing Co.,"6077 Park Dr, Ste A",Austin,TX,78731
CUST001049,Smart & Final,1591 Hill Ln,Eugene,OR,97477
CUST001050,Total Wine & More,"685 Broad Pkwy, Suite 200",Albuquerque,NM,87181
CUST001051,Mama Smith's Kitchen,"3329 Peach Dr, Unit B",St. Louis,MO,63193
CUST001052,Whole Foods Market,"5130 Lake Ave, Ste A",Colorado Springs,CO,80943
CUST001053,Perkins Restaurant,9889 Cherry St,Portland,OR,97255
CUST001054,Ritz-Carlton New Orleans,"9800 Forest Way, Suite 200",Spokane,WA,99284
CUST001055,In-N-Out Burger,"5327 Harbor Ave, #101",Salt Lake City,UT,84179
CUST001056,Garcia's Diner,"4329 Main Ave, Suite 200",New Orleans,LA,70141
CUST001057,Twin Peaks,8384 Broad Blvd,Tucson,AZ,85774
CUST001058,Sheetz #828,6521 Harbor Blvd,Charlotte,NC,28289
CUST001059,Savannah Ale House,677 Sunset Pkwy,Savannah,GA,31418
CUST001060,Piggly Wiggly,9255 Oak Ct,Nashville,TN,37217
CUST001061,Premier Wine & Spirits,9179 Main Blvd,Pittsburgh,PA,15239
CUST001062,Cracker Barrel,833 Meadow Way,Jacksonville,FL,32238
CUST001063,Waffle House,380 Industrial Ave,Boston,MA,02122
CUST001064,The Rusty Nail,"1765 Industrial Rd, Ste A",Buffalo,NY,14247
CUST001065,Outback Steakhouse,8750 Willow Dr,Annapolis,MD,21490
CUST001066,Chili's,"6895 Park Blvd, Ste A",Honolulu,HI,96804
CUST001067,DoubleTree by Hilton Providence,"4881 Walnut St, Suite 100",Providence,RI,02997
CUST001068,Sheetz #4597,6319 Garden Dr,Jackson,MS,39264
CUST001069,Hampton Inn by Hilton Springfield,3435 Valley St,Springfield,IL,62785
CUST001070,Baltimore Bistro,3130 Magnolia Blvd,Baltimore,MD,21263
CUST001071,Papa Ferreira's,1841 Hill Dr,Pittsburgh,PA,15241
CUST001072,In-N-Out Burger,"4873 Lake Rd, Ste A",San Francisco,CA,94182
CUST001073,Springhill Suites by Marriott Orlando,"1751 Harbor Ct, #101",Orlando,FL,32863
CUST001074,Park's Diner,"1817 Bay Pkwy, Ste A",Jackson,MS,39212
CUST001075,Maria's Seafood,2053 Oak Dr,Louisville,KY,40215
CUST001076,Golden Corral,9447 Church Rd,New York,NY,10098
CUST001077,TGI Fridays,8586 Church Ln,Queens,NY,11385
CUST001078,Patel Family Restaurant,"2090 Washington Ln, Unit B",Chicago,IL,60698
CUST001079,Punch Bowl Social,4284 Green Ct,Little Rock,AR,72261
CUST001080,Sam's Club,"6775 Chestnut St, Suite 100",Tulsa,OK,74199
CUST001081,Bar Louie,"9526 Washington St, Unit B",Memphis,TN,38130
CUST001082,Spec's Liquor,8559 Park Way,Indianapolis,IN,46297
CUST001083,Food Lion,"8260 Highland Rd, Unit B",Sioux Falls,SD,57129
CUST001084,Albertsons,2797 Broad Ln,Charlotte,NC,28251
CUST001085,Kwik Trip #7744,"6602 Main Blvd, Unit B",Annapolis,MD,21489
CUST001086,Tampa Tap Room,6271 Market Way,Tampa,FL,33663
CUST001087,San Francisco Liquors,"1103 Park St, Suite 200",San Francisco,CA,94172
CUST001088,Ferreira's Diner,"6932 Chestnut Dr, Ste A",Springfield,IL,62711
CUST001089,Wawa #3359,"1543 Pine Ave, #101",Atlanta,GA,30352
CUST001090,IHOP,4783 Cherry Ln,St. Paul,MN,55152
CUST001091,Pittsburgh Ale House,3402 Valley Rd,Pittsburgh,PA,15253
CUST001092,Pilot Flying J #8735,"3032 Washington Ave, Suite 200",Reno,NV,89546
CUST001093,Waffle House,"5490 Forest Pl, Suite 100",Lexington,KY,40576
CUST001094,Honolulu Bistro,"9353 Church Rd, #101",Honolulu,HI,96887
CUST001095,Lidl,"2048 Union St, Unit B",Miami,FL,33103
CUST001096,Radisson Grand Rapids,7131 Cherry Rd,Grand Rapids,MI,49561
CUST001097,Pittsburgh Grill,"3840 Bay Blvd, Suite 200",Pittsburgh,PA,15224
CUST001098,New Orleans Diner,"5404 Pine Dr, #101",New Orleans,LA,70118
CUST001099,Applebee's,1373 River Ct,Sacramento,CA,95801
CUST001100,The Albuquerque Grille,1610 Spring Ct,Albuquerque,NM,87191
CUST001101,Winn-Dixie,9420 Forest Ave,Buffalo,NY,14218
CUST001102,Jones Family Restaurant,"5918 Center St, Suite 200",Reno,NV,89594
CUST001103,Chili's,"3317 Park Dr, Unit B",Lexington,KY,40562
CUST001104,Whataburger,1340 Center Ave,Queens,NY,11368
CUST001105,The Draft & Saddle,6048 Division Dr,Honolulu,HI,96825
CUST001106,Williams's Tavern,"486 Maple Pl, Suite 200",Orlando,FL,32817
CUST001107,Super 8 by Wyndham Boston,"9694 Peach Ln, Suite 200",Boston,MA,02130
CUST001108,Radisson Denver,3009 River Dr,Denver,CO,80271
CUST001109,St. Louis Taproom,7138 Chestnut Dr,St. Louis,MO,63178
CUST001110,Martinez's BBQ,"4720 Church Ct, Suite 100",Fort Worth,TX,76169
CUST001111,Omni Dallas Hotel,"5766 Church Dr, Unit B",Denver,CO,80221
CUST001112,Main Street Liquors,"9057 River Blvd, #101",Raleigh,NC,27664
CUST001113,Minneapolis Bistro,3256 River Ct,Minneapolis,MN,55462
CUST001114,Baton Rouge Tap Room,"7479 Sunset Blvd, Suite 200",Baton Rouge,LA,70833
CUST001115,BevMo,"2516 Washington Ct, #101",St. Paul,MN,55117
CUST001116,Hampton Inn Nashville,"6162 Meadow St, Suite 200",Minneapolis,MN,55464
CUST001117,Casa Davis,3118 Union Pl,New Orleans,LA,70139
CUST001118,Tulsa Grill,"9301 Commerce Way, #101",Tulsa,OK,74123
CUST001119,The Wolf & Eagle,"5462 Walnut Ct, Ste A",Phoenix,AZ,85087
CUST001120,Sports Page Bar,"4928 Walnut Pkwy, Suite 100",Seattle,WA,98174
CUST001121,Love's Travel Stop #9360,6402 Broad Ct,Indianapolis,IN,46292
CUST001122,Stater Bros.,"3476 Garden Pkwy, Suite 100",Tulsa,OK,74126
CUST001123,Raising Cane's,5246 Market St,Jackson,MS,39213
CUST001124,The Rusty Spur,"7752 Cherry Pl, Suite 200",Brooklyn,NY,11270
CUST001125,La Quinta by Wyndham Jackson,"406 Chestnut Pkwy, Suite 200",Jackson,MS,39258
CUST001126,Kwik Trip #5967,6941 Washington Ave,Providence,RI,02906
CUST001127,Reno Diner,"8190 Maple Ln, #101",Reno,NV,89531
CUST001128,Perkins Restaurant,3631 Hill Pl,San Diego,CA,92187
CUST001129,The Baltimore Grille,"8604 Spring Pl, Unit B",Baltimore,MD,21235
CUST001130,Super 8 by Wyndham Burlington,7822 Garden Blvd,Burlington,VT,05460
CUST001131,Columbus Diner,"5947 Chestnut Pkwy, Unit B",Columbus,OH,43255
CUST001132,Sam's Club,"7760 Broad Way, #101",Boston,MA,02150
CUST001133,Twin Peaks,3181 Union Pl,Charlotte,NC,28288
CUST001134,Super 8 by Wyndham Tampa,3107 Pine Pl,Tampa,FL,33681
CUST001135,Romano Kitchen,8875 Oak Ln,Spokane,WA,99262
CUST001136,Hooters,3305 Division St,Fort Worth,TX,76148
CUST001137,The Draft House,7241 Peach Pl,Cleveland,OH,44115
CUST001138,Lidl,1801 Pine Dr,Detroit,MI,48281
CUST001139,Dave & Buster's,"4720 Cherry Ct, Suite 100",Denver,CO,80211
CUST001140,Bob Evans,9468 Washington Dr,Nashville,TN,37231
CUST001141,Hampton Inn Nashville,9769 River Pkwy,Tampa,FL,33685
CUST001142,Richmond Wine & Spirits,1169 Spring St,Richmond,VA,23203
CUST001143,Dave & Buster's,"5917 Valley Dr, Unit B",Cleveland,OH,44133
CUST001144,Old Oklahoma City Tavern,4732 Valley Way,Oklahoma City,OK,73136
CUST001145,Sonic Drive-In,"1801 Maple Ln, #101",Orlando,FL,32890
CUST001146,Pilot Flying J #9167,5261 Broad Dr,Cincinnati,OH,45285
CUST001147,Mama Jones's Kitchen,"455 River Ct, #101",Charlotte,NC,28276
CUST001148,World of Beer,"9178 Pine Ln, Unit B",Richmond,VA,23228
CUST001149,Homewood Suites by Hilton Indianapolis,"8346 Harbor Blvd, Unit B",Indianapolis,IN,46253
CUST001150,Denny's,"1663 Bay St, Ste A",Savannah,GA,31462
CUST001151,Spec's Liquor,"2794 Industrial Way, Suite 100",Honolulu,HI,96833
CUST001152,Sheetz #9408,5815 Pine Ct,Spokane,WA,99243
CUST001153,Publix,"2671 Forest Way, Unit B",Baltimore,MD,21222
CUST001154,ABC Fine Wine & Spirits,4458 Main Dr,Columbus,OH,43259
CUST001155,The Anchorage Grille,"3967 Willow Blvd, #101",Anchorage,AK,99524
CUST001156,The Chen House,"1881 Division Dr, Ste A",Detroit,MI,48227
CUST001157,Sunset Lounge,5280 Elm St,Baton Rouge,LA,70869
CUST001158,Red Lobster,3272 Cedar Blvd,Newark,NJ,07146
CUST001159,Spokane Bistro,2891 Hill Pl,Spokane,WA,99208
CUST001160,Casey's General Store #6871,7298 Maple Way,Philadelphia,PA,19110
CUST001161,Columbia Diner,9163 Elm Rd,Columbia,SC,29275
CUST001162,Giant Eagle,256 Garden Rd,Denver,CO,80219
CUST001163,BJ's Wholesale Club,2628 Forest St,Eugene,OR,97439
CUST001164,Johnson's BBQ,8396 Hill Dr,Savannah,GA,31480
CUST001165,ampm #3555,"1772 Washington Pkwy, Suite 100",Minneapolis,MN,55486
CUST001166,IHOP,"7129 Harbor Ave, Unit B",New Orleans,LA,70131
CUST001167,Chen's BBQ,"3408 Highland Ave, Suite 200",Columbus,OH,43245
CUST001168,Mama Williams's,2492 Center Blvd,Reno,NV,89590
CUST001169,Phil's Bar & Grill,"4995 River Ave, #101",St. Paul,MN,55174
CUST001170,Sunset Lounge,"6389 Valley Ave, Unit B",Jersey City,NJ,07356
CUST001171,LongHorn Steakhouse,5999 Park Rd,Baltimore,MD,21257
CUST001172,Wegmans,"3909 Peach St, #101",Portland,OR,97235
CUST001173,Whole Foods Market,"9409 Union Rd, #101",Orlando,FL,32831
CUST001174,Old Worcester Tavern,"8968 Spring Pkwy, Suite 100",Worcester,MA,01653
CUST001175,The Rusty Eagle,"7600 Industrial Rd, #101",Charlotte,NC,28277
CUST001176,Buffalo Wild Wings,"7417 Green Rd, Suite 200",Raleigh,NC,27626
CUST001177,Romano's BBQ,4163 Chestnut Dr,Richmond,VA,23254
CUST001178,TGI Fridays,8299 Elm Pl,Savannah,GA,31461
CUST001179,Red Lobster,"6746 Forest Rd, #101",Raleigh,NC,27663
CUST001180,Discount Liquor Mart,"8066 Meadow Ct, Suite 100",Pittsburgh,PA,15253
CUST001181,Raising Cane's,9991 Willow Ln,Richmond,VA,23288
CUST001182,Papa Rizzo's,7294 Valley Way,Annapolis,MD,21479
CUST001183,Five Guys,"6312 Pine St, Unit B",Detroit,MI,48294
CUST001184,Cheers Bar & Grill,"3401 Market Pkwy, Unit B",Honolulu,HI,96861
CUST001185,Blu by Radisson Sioux Falls,"1104 Church Ave, Unit B",Sioux Falls,SD,57169
CUST001186,Hooters,"3334 Market Ave, Suite 200",Columbus,OH,43295
CUST001187,Total Spirits Indianapolis,4408 Peach Dr,Indianapolis,IN,46299
CUST001188,Romano Kitchen,"3700 River Pl, Suite 100",Sacramento,CA,95839
CUST001189,Fine Wine & Spirits,1164 Cherry Ave,Annapolis,MD,21496
CUST001190,Homewood Suites by Hilton Madison,"1939 Park Ct, #101",Madison,WI,53754
CUST001191,The Savannah Grille,7394 Lake Blvd,Savannah,GA,31471
CUST001192,Central Liquors,"8173 River Way, Unit B",Kansas City,MO,64113
CUST001193,IHOP,"7013 Willow Ln, Unit B",Jersey City,NJ,07369
CUST001194,Bar Louie,"1368 Magnolia Ln, Ste A",Richmond,VA,23270
CUST001195,Homewood Suites by Hilton Nashville,"1655 Willow Rd, Unit B",Nashville,TN,37211
CUST001196,Hampton Inn by Hilton Orlando,6928 Commerce Rd,Orlando,FL,32813
CUST001197,Esposito's Pub,5900 Harbor Ave,Spokane,WA,99251
CUST001198,Ferreira's BBQ,"7894 Elm Way, Ste A",Charleston,SC,29441
CUST001199,Lidl,"4578 Lake Dr, Suite 100",Pittsburgh,PA,15217
CUST001200,Albertsons,688 Church Pl,Las Vegas,NV,89156
CUST001201,Neighborhood Bar & Grill,"1067 Magnolia Way, #101",Worcester,MA,01659
CUST001202,Fairfield Inn by Marriott Anchorage,1027 Valley Ave,Anchorage,AK,99592
CUST001203,Five Guys,"6105 Main Ln, #101",Houston,TX,77028
CUST001204,Circle K #984,"1895 Center Ct, Suite 200",Pittsburgh,PA,15205
CUST001205,Newark Bottle Shop,4478 Industrial Blvd,Newark,NJ,07147
CUST001206,The Cheesecake Factory,3672 Oak Ave,Las Vegas,NV,89169
CUST001207,Publix,"4710 Main Ct, Suite 200",Jersey City,NJ,07342
CUST001208,Courtyard by Marriott Chicago,"5638 Highland Blvd, Suite 100",Boston,MA,02184
CUST001209,Outback Steakhouse,4355 Walnut Dr,Houston,TX,77029
CUST001210,Courtyard by Marriott Chicago,"3985 Market Ln, Suite 200",Jackson,MS,39280
CUST001211,The Draft House,1069 Center Ln,Colorado Springs,CO,80921
CUST001212,Richie's Bar & Grill,"2151 Market St, #101",St. Louis,MO,63111
CUST001213,Premier Wine & Spirits,2330 Cedar Pkwy,Charlotte,NC,28288
CUST001214,Raising Cane's,9210 Commerce Dr,Houston,TX,77065
CUST001215,Central Liquors,3524 Willow Blvd,Charleston,SC,29476
CUST001216,Choice Hotels Clarion Seattle,"9272 Division St, Suite 200",Seattle,WA,98127
CUST001217,Frank's Bar & Grill,"2484 Park St, Suite 100",Columbus,OH,43219
CUST001218,Yard House,"1853 Main Dr, Ste A",Spokane,WA,99208
CUST001219,Smart & Final,"1219 Cedar Dr, #101",Cincinnati,OH,45231
CUST001220,Corner Pocket Billiards & Bar,"3127 Park St, Unit B",Miami,FL,33116
CUST001221,Punch Bowl Social,9900 Broad Pkwy,Brooklyn,NY,11287
CUST001222,Kroger,"8461 Market Ln, Unit B",Sacramento,CA,95815
CUST001223,Sports Page Bar,"5224 Elm Way, Unit B",Worcester,MA,01603
CUST001224,Sports Page Bar,"644 Pine Rd, Suite 200",Baton Rouge,LA,70804
CUST001225,Red by Radisson Little Rock,"7312 Park Dr, Suite 200",Little Rock,AR,72208
CUST001226,Stop & Shop,7655 Maple Ct,Charleston,SC,29410
CUST001227,Patel Family Restaurant,6381 Cherry Pkwy,Fargo,ND,58102
CUST001228,Mama Chen's Kitchen,6325 Center Dr,Providence,RI,02914
CUST001229,Liquor Barn,8993 Oak Blvd,Raleigh,NC,27628
CUST001230,Bar Louie,"1879 Chestnut Rd, Suite 100",Nashville,TN,37244
CUST001231,Waffle House,"6807 Bay Dr, Suite 200",Sacramento,CA,95845
CUST001232,Speedway #4491,"5986 Industrial Ct, Ste A",Omaha,NE,68111
CUST001233,Speedway #2257,5263 Walnut Dr,Providence,RI,02998
CUST001234,Yard House,"6751 Washington Pl, Ste A",Springfield,IL,62748
CUST001235,Loews Hotel Philadelphia,"3674 Sunset St, #101",Raleigh,NC,27667
CUST001236,Winn-Dixie,"8079 Oak Blvd, #101",Austin,TX,78706
CUST001237,Liquor Barn,"6414 Cedar Way, Unit B",Anchorage,AK,99592
CUST001238,Texas Roadhouse,"142 Chestnut Way, Suite 100",Reno,NV,89547
CUST001239,Mama Nguyen's,8394 Peach Ln,Grand Rapids,MI,49543
CUST001240,Buffalo Wine & Spirits,"6176 Commerce Blvd, Suite 100",Buffalo,NY,14280
CUST001241,Liquor Barn,"2733 Green Ct, Suite 200",San Diego,CA,92187
CUST001242,Buffalo Wild Wings,"5905 Commerce St, Suite 100",Chicago,IL,60622
CUST001243,Cincinnati Taproom,"5262 Highland St, #101",Cincinnati,OH,45230
CUST001244,Holiday Inn Express by IHG San Diego,"1193 Meadow Dr, Suite 100",San Diego,CA,92115
CUST001245,Wingstop,9511 Garden Ln,Miami,FL,33105
CUST001246,Fine Wine & Spirits,6045 Washington Blvd,Tucson,AZ,85737
CUST001247,La Quinta by Wyndham Wilmington,535 Division Blvd,Wilmington,DE,19825
CUST001248,Wingstop,"1897 Market Rd, #101",New York,NY,10048
CUST001249,Anna's Seafood,"8140 Magnolia Way, Suite 100",Philadelphia,PA,19172
CUST001250,Punch Bowl Social,"682 Pine Rd, #101",Portland,OR,97217
CUST001251,Red Robin,5939 Cedar Way,Dallas,TX,75280
CUST001252,Total Wine & More,7739 Magnolia Pl,San Diego,CA,92136
CUST001253,Papa Jones's,1203 Green Rd,Las Vegas,NV,89184
CUST001254,Denny's,711 Main Ct,Anchorage,AK,99584
CUST001255,Kansas City Kitchen,"6341 Maple Way, Ste A",Kansas City,MO,64109
CUST001256,Romano's Pub,"9844 Industrial Ln, Ste A",Columbia,SC,29290
CUST001257,Choice Hotels Quality Inn Anchorage,116 Garden Dr,Anchorage,AK,99522
CUST001258,Mama Smith's Pizzeria,4789 Bay Way,New York,NY,10024
CUST001259,Papa Chen's,"8445 Willow Rd, Suite 100",Annapolis,MD,21420
CUST001260,The Rusty Nail,1042 Broad Pl,Los Angeles,CA,90020
CUST001261,Gino's Grill,8445 Washington Pkwy,Omaha,NE,68144
CUST001262,The Wolf & Bear,"5900 Peach Ct, #101",Richmond,VA,23223
CUST001263,Patel's BBQ,7457 Broad Ct,St. Louis,MO,63108
CUST001264,The Nguyen House,"5513 Magnolia St, Suite 100",Cleveland,OH,44117
CUST001265,Twin Peaks,1520 Bay Ct,Madison,WI,53744
CUST001266,Costco Wholesale,9854 Chestnut Blvd,San Francisco,CA,94184
CUST001267,Piggly Wiggly,6386 Willow Way,Houston,TX,77030
CUST001268,Neighborhood Bar & Grill,"7085 Walnut Ct, Suite 200",Brooklyn,NY,11235
CUST001269,P.F. Chang's,8915 Division Rd,Virginia Beach,VA,23406
CUST001270,Mama Kim's Pizzeria,"4033 River St, Unit B",Wilmington,DE,19872
CUST001271,Wingstop,"7086 Commerce Ct, Suite 100",St. Louis,MO,63138
CUST001272,Wingstop,"1929 Magnolia Ct, Unit B",New York,NY,10066
CUST001273,CVS Pharmacy,3126 Broad Way,Lexington,KY,40597
CUST001274,Casa Davis,"1912 Spring St, Suite 100",Sacramento,CA,95833
CUST001275,Walgreens,3446 Highland Ct,Tampa,FL,33602
CUST001276,The Fox & Crow,8876 Forest Pl,Hartford,CT,06122
CUST001277,The Draft House,1970 Industrial Ave,Newark,NJ,07177
CUST001278,TGI Fridays,"3848 Harbor Rd, Suite 100",Pittsburgh,PA,15254
CUST001279,CVS Pharmacy,753 Industrial Pl,Chicago,IL,60678
CUST001280,Fargo Grill,"8968 Magnolia Rd, Suite 200",Fargo,ND,58159
CUST001281,Hampton Inn by Hilton Spokane,"4162 Chestnut Ln, Suite 200",Spokane,WA,99243
CUST001282,The Pint & Rail,"6915 Main Pkwy, Suite 100",Sioux Falls,SD,57114
CUST001283,Caruso Kitchen,3150 Market Pl,Colorado Springs,CO,80966
CUST001284,Olive Garden,"9226 Bay Pl, #101",Birmingham,AL,35214
CUST001285,Westin Atlanta Peachtree,"4816 Oak Rd, #101",St. Louis,MO,63166
CUST001286,Hy-Vee,"3343 Harbor Ave, Suite 100",Minneapolis,MN,55400
CUST001287,Marketview Liquor,650 Highland Rd,Pittsburgh,PA,15229
CUST001288,Wawa #5341,"3802 Spring Ave, Suite 100",Sioux Falls,SD,57103
CUST001289,Phil's Bar & Grill,"113 Main Rd, Unit B",Newark,NJ,07168
CUST001290,The Bottle Shop,"1120 Division Rd, #101",Pittsburgh,PA,15212
CUST001291,Marketview Liquor,6982 Green Rd,Milwaukee,WI,53229
CUST001292,Sonic Drive-In,3607 Commerce Ct,Memphis,TN,38152
CUST001293,Albuquerque Tap Room,7895 Maple Dr,Albuquerque,NM,87182
CUST001294,Holiday Inn Express Boston,"1703 Chestnut St, Suite 200",Newark,NJ,07171
CUST001295,P.F. Chang's,4969 Walnut Pkwy,Orlando,FL,32804
CUST001296,Spec's Liquor,"5016 Cedar Blvd, Suite 100",Raleigh,NC,27680
CUST001297,Columbia Diner,"6033 Willow Ave, Ste A",Columbia,SC,29222
CUST001298,Los Angeles Wine & Spirits,6439 Main Ave,Los Angeles,CA,90022
CUST001299,Outback Steakhouse,"5353 Division Rd, Ste A",Eugene,OR,97470
CUST001300,San Antonio Ale House,"8058 Sunset Pl, Suite 100",San Antonio,TX,78254
CUST001301,Red Lobster,4708 Oak Rd,Louisville,KY,40257
CUST001302,Pilot Flying J #3785,"7863 Spring Way, Suite 100",Chicago,IL,60655
CUST001303,Binny's Beverage Depot,5079 Walnut Ave,Las Vegas,NV,89110
CUST001304,Neighborhood Bar & Grill,5168 Green Ln,Tucson,AZ,85704
CUST001305,Main Street Liquors,"7927 Peach Ave, Suite 200",Sacramento,CA,95824
CUST001306,The New Barrel,867 Church Pl,Queens,NY,11317
CUST001307,Stop & Shop,5109 Division Blvd,Detroit,MI,48262
CUST001308,Denny's,"1591 Highland St, Suite 100",Cincinnati,OH,45234
CUST001309,Twin Peaks,"6705 Chestnut Dr, #101",Detroit,MI,48244
CUST001310,House by Hyatt Columbus,"8763 Broad Pl, #101",Columbus,OH,43249
CUST001311,Applebee's,"1860 Highland Rd, Suite 200",New Orleans,LA,70122
CUST001312,Pittsburgh Kitchen,"5463 Market Ave, #101",Pittsburgh,PA,15203
CUST001313,Garcia Family Restaurant,7902 Industrial Ln,Columbus,OH,43226
CUST001314,Garden Inn by Hilton Burlington,"3799 Lake Way, #101",Burlington,VT,05460
CUST001315,Old Springfield Tavern,"1719 Sunset Rd, Unit B",Springfield,IL,62797
CUST001316,Marketview Liquor,"3285 Sunset Ln, Suite 100",Indianapolis,IN,46282
CUST001317,Las Vegas Brewing Co.,9327 Willow Way,Las Vegas,NV,89177
CUST001318,Walgreens,5165 Bay Way,Sioux Falls,SD,57118
CUST001319,Hy-Vee,6942 Commerce Pl,Chicago,IL,60645
CUST001320,ABC Fine Wine & Spirits,6760 Market St,Baton Rouge,LA,70871
CUST001321,IHOP,7667 Magnolia Rd,Albuquerque,NM,87190
CUST001322,Smith's BBQ,7862 Union Ct,Jersey City,NJ,07356
CUST001323,Yard House,"3241 Lake Ln, Ste A",Savannah,GA,31477
CUST001324,ABC Fine Wine & Spirits,1619 Hill Ln,Brooklyn,NY,11268
CUST001325,Sam's Club,"2662 Pine Ave, Unit B",Cleveland,OH,44137
CUST001326,Casa Patel,"2969 Valley Blvd, #101",Louisville,KY,40202
CUST001327,Martinez Kitchen,"7588 River Pkwy, #101",Columbus,OH,43204
CUST001328,Marriott Houston Downtown,"8169 Industrial Pl, Suite 200",Atlanta,GA,30367
CUST001329,Spec's Liquor,"2454 Bay Pkwy, Ste A",Spokane,WA,99263
CUST001330,Neighborhood Bar & Grill,5044 Willow Way,Seattle,WA,98178
CUST001331,Liquor Barn,3453 Peach Pkwy,Lexington,KY,40588
CUST001332,Miller Kitchen,"148 Garden Dr, #101",Minneapolis,MN,55445
CUST001333,Punch Bowl Social,"7514 Lake Pl, Suite 200",Baltimore,MD,21209
CUST001334,Brooklyn Wine & Spirits,"3472 Industrial Ave, Ste A",Brooklyn,NY,11234
CUST001335,Grand by Hyatt San Antonio,6108 Pine Ln,San Antonio,TX,78286
CUST001336,Mama Park's Kitchen,1541 Highland Pkwy,Boston,MA,02184
CUST001337,Chen Family Restaurant,"2338 Union Pl, #101",Charleston,SC,29480
CUST001338,Staybridge Suites by IHG Fort Worth,"1981 Division Way, #101",Fort Worth,TX,76135
CUST001339,Wawa #605,9404 Sunset Dr,Los Angeles,CA,90088
CUST001340,Mama Romano's Kitchen,"2567 Pine Rd, Ste A",Portland,OR,97276
CUST001341,Frank's Bar & Grill,329 Meadow Blvd,Louisville,KY,40248
CUST001342,Memphis Kitchen,"2586 Chestnut St, Unit B",Memphis,TN,38147
CUST001343,Trader Joe's,7937 Willow Rd,Columbus,OH,43221
CUST001344,Hooters,4594 Commerce Way,St. Paul,MN,55161
CUST001345,The Tap Room,"4581 Spring Way, Suite 100",Tampa,FL,33648
CUST001346,Doubletree by Hilton Seattle,8221 Maple Ct,Boston,MA,02173
CUST001347,Hampton Inn by Hilton Charleston,2384 Valley Ln,Charleston,SC,29449
CUST001348,Five Guys,"6396 Walnut Ave, Suite 200",Burlington,VT,05429
CUST001349,Providence Bottle Shop,"9735 Washington Ln, Unit B",Providence,RI,02911
CUST001350,Rosa's Bar & Grill,"5524 Maple Ln, Unit B",Grand Rapids,MI,49515
CUST001351,Texas Roadhouse,"3612 Forest Blvd, #101",Queens,NY,11313
CUST001352,Buffalo Bottle Shop,"8708 Willow Dr, Suite 200",Buffalo,NY,14215
CUST001353,Raleigh Diner,"6463 Hill Ct, Suite 200",Raleigh,NC,27698
CUST001354,Mike's Bar & Grill,"5391 Spring Way, Ste A",Eugene,OR,97414
CUST001355,Louisville Taproom,"6326 Valley Pl, #101",Louisville,KY,40210
CUST001356,Bob Evans,"7126 Broad Ln, #101",Worcester,MA,01622
CUST001357,Sheraton New York Times Square,1322 Chestnut Ln,Sacramento,CA,95886
CUST001358,Frank's Grill,"6374 River Ave, #101",Omaha,NE,68184
CUST001359,Stater Bros.,"1923 Union Dr, Unit B",Brooklyn,NY,11262
CUST001360,Chili's,4490 Green Blvd,Kansas City,MO,64105
CUST001361,Wegmans,"3080 Chestnut Blvd, Suite 100",Reno,NV,89599
CUST001362,The Broken Spoke,3223 Industrial Way,Portland,OR,97229
CUST001363,Baltimore Bottle Shop,"9544 Peach Way, Suite 200",Baltimore,MD,21248
CUST001364,Whataburger,"4723 Forest Rd, #101",Savannah,GA,31413
CUST001365,Chili's,"4081 Park Ct, Unit B",Phoenix,AZ,85051
CUST001366,The Draft House,"8879 Cherry Way, #101",Cleveland,OH,44120
CUST001367,Aldi,6027 Division Ln,Portland,OR,97238
CUST001368,P.F. Chang's,291 Main Blvd,Hartford,CT,06158
CUST001369,Perkins Restaurant,"6689 Oak Ct, Suite 100",Sioux Falls,SD,57136
CUST001370,Nashville Brewing Co.,"9619 River Blvd, Suite 100",Nashville,TN,37298
CUST001371,Williams's BBQ,"7821 Garden Rd, Suite 100",Nashville,TN,37252
CUST001372,Olive Garden,"7408 Meadow St, #101",Lexington,KY,40512
CUST001373,Choice Hotels Clarion Annapolis,"1606 Highland Pl, Suite 200",Annapolis,MD,21437
CUST001374,Yard House,"9557 Hill Pkwy, Suite 200",Memphis,TN,38126
CUST001375,Red by Radisson Fort Worth,"8403 Oak Rd, #101",Fort Worth,TX,76144
CUST001376,Panera Bread,"6923 Commerce Rd, Suite 100",Anchorage,AK,99595
CUST001377,Papa Caruso's,4291 Park Ln,Cincinnati,OH,45299
CUST001378,Tucson Diner,5364 Maple Ave,Tucson,AZ,85708
CUST001379,Sonic Drive-In,"4033 Harbor Rd, Suite 100",Springfield,IL,62733
CUST001380,Minneapolis Bistro,4230 Magnolia St,Minneapolis,MN,55454
CUST001381,Garden Inn by Hilton San Francisco,"2174 Magnolia Pl, #101",San Francisco,CA,94101
CUST001382,Raising Cane's,"6728 Highland Ln, Suite 200",Kansas City,MO,64120
CUST001383,BevMo,"2113 Sunset Rd, #101",Grand Rapids,MI,49549
CUST001384,La Quinta by Wyndham Brooklyn,"1473 River Pkwy, Suite 100",Brooklyn,NY,11213
CUST001385,Total Spirits Buffalo,2355 Forest Ln,Buffalo,NY,14293
CUST001386,Central Liquors,5921 Elm Pkwy,Tampa,FL,33671
CUST001387,Punch Bowl Social,5574 Washington Ln,Miami,FL,33133
CUST001388,The Tap & Barrel,"8230 Main Way, Unit B",Minneapolis,MN,55447
CUST001389,Hooters,"9969 Lake Pl, Suite 100",Philadelphia,PA,19165
CUST001390,Danny & Jack's Steakhouse,"1647 Industrial Pkwy, Unit B",Jacksonville,FL,32208
CUST001391,HEB,5982 Willow Dr,Cleveland,OH,44138
CUST001392,The Broken Spoke,7901 Center Pkwy,Chicago,IL,60663
CUST001393,Papa Kim's,"6305 Pine St, Unit B",Kansas City,MO,64155
CUST001394,Costco Wholesale,"6793 Elm Ave, Unit B",Tulsa,OK,74170
CUST001395,Red by Radisson Grand Rapids,"1988 Meadow Dr, Suite 100",Grand Rapids,MI,49573
CUST001396,Hampton Inn by Hilton Jackson,4483 Spring St,Jackson,MS,39277
CUST001397,Martinez's Tavern,"7399 Willow Ln, Unit B",Atlanta,GA,30311
CUST001398,Grand Rapids Grill,5814 Oak Pl,Grand Rapids,MI,49561
CUST001399,Sheraton New York Times Square,"6046 River Way, Ste A",San Diego,CA,92185
CUST001400,Sal's Grill,"3104 Broad Pl, Unit B",Denver,CO,80238
CUST001401,In-N-Out Burger,"5478 Main Ave, Unit B",Burlington,VT,05435
CUST001402,Marriott Houston Downtown,"7540 Valley Way, Ste A",Virginia Beach,VA,23475
CUST001403,Casa Davis,"6996 Cedar Blvd, Unit B",Spokane,WA,99276
CUST001404,Down the Hatch,2758 Highland Ln,Omaha,NE,68129
CUST001405,The Blue Wolf,9375 Lake St,New York,NY,10004
CUST001406,Buffalo Wild Wings,2308 Meadow Ave,San Antonio,TX,78216
CUST001407,BJ's Wholesale Club,"2203 Division Pkwy, Suite 200",Burlington,VT,05415
CUST001408,The Draft House,"543 Maple Dr, Ste A",St. Paul,MN,55151
CUST001409,The Indianapolis Grille,"1031 Bay Dr, Ste A",Indianapolis,IN,46267
CUST001410,The Crow & Rail,1991 Main Pl,Colorado Springs,CO,80927
CUST001411,Mama Martinez's,1756 Peach Rd,San Antonio,TX,78251
CUST001412,The Bottle Shop,"7722 Chestnut Way, #101",Raleigh,NC,27688
CUST001413,Aldi,2675 Chestnut Blvd,Tulsa,OK,74119
CUST001414,7-Eleven Store #1752,2333 Park St,Dallas,TX,75252
CUST001415,Mama Patel's,"3705 Bay Rd, Ste A",Denver,CO,80225
CUST001416,Discount Liquor Mart,1795 Harbor Rd,Lexington,KY,40582
CUST001417,Perkins Restaurant,"8069 Harbor Pl, Unit B",Fargo,ND,58192
CUST001418,The Draft House,"7983 River Pkwy, Ste A",Columbia,SC,29210
CUST001419,Perkins Restaurant,"9959 Pine Pl, #101",Virginia Beach,VA,23492
CUST001420,Olive Garden,"8864 River Pkwy, Unit B",Dallas,TX,75294
CUST001421,Mama Park's,5439 Pine Ave,Spokane,WA,99283
CUST001422,Days Inn by Wyndham Houston,6337 Walnut Ln,Houston,TX,77046
CUST001423,The Charlotte Grille,3974 Broad Blvd,Charlotte,NC,28276
CUST001424,Rite Aid,822 River Ln,Grand Rapids,MI,49506
CUST001425,Jack's Grill,"7274 Walnut Ln, Ste A",Birmingham,AL,35241
CUST001426,CVS Pharmacy,5110 Union Ct,Little Rock,AR,72228
CUST001427,Maria & Carlos's Steakhouse,"5853 Hill Blvd, Ste A",Columbus,OH,43211
CUST001428,Papa Park's,5712 Market Dr,Denver,CO,80257
CUST001429,ABC Fine Wine & Spirits,"8605 Broad Blvd, Suite 100",Indianapolis,IN,46200
CUST001430,Twin Peaks,3286 Peach Rd,Raleigh,NC,27603
CUST001431,Central Liquors,"8241 Park Ave, Suite 200",Portland,OR,97284
CUST001432,The Rusty Nail,2788 Forest St,St. Paul,MN,55180
CUST001433,Courtyard by Marriott Sacramento,4340 Bay Way,Sacramento,CA,95880
CUST001434,Cleveland Kitchen,391 Green Way,Cleveland,OH,44162
CUST001435,Fine Wine & Spirits,"7618 Hill Way, Unit B",Annapolis,MD,21442
CUST001436,The Rusty Nail,9827 Walnut Way,Buffalo,NY,14251
CUST001437,CVS Pharmacy,"8903 Broad Way, Unit B",Tucson,AZ,85707
CUST001438,Virginia Beach Kitchen,5961 Meadow Ave,Virginia Beach,VA,23484
CUST001439,Casa Johnson,"199 Center Way, Ste A",Philadelphia,PA,19174
CUST001440,St. Louis Liquors,8844 Cherry Blvd,St. Louis,MO,63125
CUST001441,Costco Wholesale,"6566 Cherry Rd, Unit B",Virginia Beach,VA,23464
CUST001442,Corner Pocket Billiards & Bar,"7955 Lake Ln, Ste A",Little Rock,AR,72272
CUST001443,Jacksonville Bottle Shop,"5913 Green Pl, #101",Jacksonville,FL,32258
CUST001444,Red by Radisson Virginia Beach,"6900 Elm Dr, #101",Virginia Beach,VA,23426
CUST001445,Waffle House,"4841 Park Pkwy, Ste A",Annapolis,MD,21409
CUST001446,Neighborhood Bar & Grill,"9076 Union Ct, Ste A",Indianapolis,IN,46230
CUST001447,Best Western Plus Houston,"8059 Division Ln, Suite 100",Houston,TX,77012
CUST001448,Mama Rizzo's Kitchen,5312 Church St,Springfield,IL,62793
CUST001449,Raising Cane's,"1420 Garden Ln, Suite 200",Las Vegas,NV,89165
CUST001450,Keg Liquors,4573 Division St,Pittsburgh,PA,15263
CUST001451,Red Robin,9494 Forest Blvd,Salt Lake City,UT,84103
CUST001452,Brooklyn Brewing Co.,"6208 Walnut Blvd, Ste A",Brooklyn,NY,11229
CUST001453,Red Robin,9345 Meadow Rd,Fargo,ND,58191
CUST001454,Sonic Drive-In,"3404 Spring Way, #101",Cleveland,OH,44128
CUST001455,Regency by Hyatt Grand Rapids,4879 Bay Dr,Grand Rapids,MI,49501
CUST001456,ABC Fine Wine & Spirits,"6740 Bay Pl, Ste A",Atlanta,GA,30322
CUST001457,Walgreens,"1580 Cedar Blvd, Suite 200",Spokane,WA,99267
CUST001458,Neighborhood Bar & Grill,"5354 Cherry Dr, Ste A",Jackson,MS,39292
CUST001459,Old Richmond Tavern,"1006 Church Ln, #101",Richmond,VA,23241
CUST001460,Wingstop,"4143 Lake Pkwy, Suite 200",Boston,MA,02139
CUST001461,Kansas City Bistro,6432 Oak Blvd,Kansas City,MO,64146
CUST001462,Whataburger,3162 Oak Pl,Dallas,TX,75268
CUST001463,Staybridge Suites by IHG Charlotte,9907 Cedar Pkwy,Charlotte,NC,28215
CUST001464,Radisson Springfield,5832 Walnut Ln,Springfield,IL,62749
CUST001465,Outback Steakhouse,8480 Elm Pkwy,Fargo,ND,58165
CUST001466,Reno Diner,4731 Park St,Reno,NV,89540
CUST001467,Lou's Grill,"167 Peach Rd, Ste A",Madison,WI,53701
CUST001468,Chicago Grill,"8307 Walnut St, Ste A",Chicago,IL,60637
CUST001469,The Draft House,"2856 Garden Ln, Unit B",Honolulu,HI,96877
CUST001470,Hooters,3462 Church St,San Francisco,CA,94150
CUST001471,Love's Travel Stop #3297,6759 Magnolia Dr,Newark,NJ,07156
CUST001472,Red by Radisson Jackson,5459 Magnolia Ave,Jackson,MS,39234
CUST001473,The Cheesecake Factory,5577 Chestnut St,Sioux Falls,SD,57180
CUST001474,Kim's Pub,"9723 Walnut Ave, #101",Charlotte,NC,28221
CUST001475,DeLuca Kitchen,4107 Commerce Pl,Oklahoma City,OK,73151
CUST001476,Marketview Liquor,"5136 Commerce Ct, Unit B",Lexington,KY,40528
CUST001477,Total Wine & More,7037 Sunset Way,Charlotte,NC,28256
CUST001478,Chipotle Mexican Grill,1730 Peach Ct,Colorado Springs,CO,80939
CUST001479,Marketview Liquor,"2943 Spring Pkwy, #101",Los Angeles,CA,90027
CUST001480,In-N-Out Burger,7302 Green Pkwy,Burlington,VT,05492
CUST001481,Mama Johnson's Pizzeria,"8849 Hill Rd, #101",Oklahoma City,OK,73187
CUST001482,Red Lobster,8589 Harbor Ln,Miami,FL,33179
CUST001483,Cleveland Bistro,"4349 Church Ave, Suite 200",Cleveland,OH,44154
CUST001484,Best Western Buffalo,1535 Bay Ave,Buffalo,NY,14263
CUST001485,Regency by Hyatt Boston,"3340 Meadow Pkwy, Unit B",Boston,MA,02189
CUST001486,ABC Fine Wine & Spirits,"1722 Spring Blvd, Suite 100",Reno,NV,89551
CUST001487,Old Eugene Tavern,5611 Green Ct,Eugene,OR,97476
CUST001488,Keg Liquors,"300 Valley Ct, Unit B",Pittsburgh,PA,15204
CUST001489,The Broken Spoke,1975 Chestnut Ave,Birmingham,AL,35221
CUST001490,Perkins Restaurant,"9411 Elm Blvd, Unit B",Eugene,OR,97442
CUST001491,Cheers Bar & Grill,"5128 Pine St, #101",New Orleans,LA,70120
CUST001492,Cheers Bar & Grill,9073 Spring Blvd,Buffalo,NY,14255
CUST001493,Mama Johnson's Kitchen,"9791 Magnolia Ct, Unit B",Baltimore,MD,21269
CUST001494,Five Guys,1266 Elm Ave,Nashville,TN,37242
CUST001495,Best Western Jacksonville,"8208 Sunset Pkwy, #101",Jacksonville,FL,32250
CUST001496,The Bottle Shop,"8240 Walnut Ln, Ste A",Burlington,VT,05478
CUST001497,Love's Travel Stop #2897,5775 Peach Pl,Detroit,MI,48272
CUST001498,Casa Garcia,5659 Market St,Colorado Springs,CO,80983
CUST001499,Wawa #6926,8108 Magnolia Pkwy,Eugene,OR,97411
CUST001500,Hy-Vee,"2928 Industrial Ct, #101",Seattle,WA,98153
CUST001501,Discount Liquor Mart,"6128 Division Pl, Ste A",Las Vegas,NV,89109
CUST001502,Ritz-Carlton New Orleans,9550 Industrial Dr,Milwaukee,WI,53222
CUST001503,Tony & Lou's Steakhouse,328 Oak Ct,Boston,MA,02189
CUST001504,Total Wine & More,3511 Spring Rd,Reno,NV,89569
CUST001505,ampm #6080,3781 Maple Ln,Pittsburgh,PA,15276
CUST001506,Papa Park's,"3753 Cherry St, Ste A",Burlington,VT,05425
CUST001507,House by Hyatt Philadelphia,6755 River St,Philadelphia,PA,19142
CUST001508,Walgreens,"8100 Hill Ave, Ste A",Richmond,VA,23283
CUST001509,Five Guys,"1237 Chestnut Blvd, Suite 200",Oklahoma City,OK,73106
CUST001510,HEB,"2857 Willow Ln, Ste A",San Diego,CA,92137
CUST001511,Love's Travel Stop #2677,"3189 Broad Pkwy, Unit B",San Francisco,CA,94163
CUST001512,Detroit Ale House,1208 Division Ct,Detroit,MI,48235
CUST001513,Casa Esposito,5945 Park Blvd,Orlando,FL,32881
CUST001514,Dave & Frank's Steakhouse,3532 Industrial Ct,Columbia,SC,29253
CUST001515,Price Chopper,889 Broad Dr,Tampa,FL,33660
CUST001516,Sunset Lounge,"1849 Valley St, Ste A",Burlington,VT,05467
CUST001517,Wingstop,605 Maple Ln,Charlotte,NC,28232
CUST001518,The Tap Room,"5879 Oak St, Suite 200",Atlanta,GA,30301
CUST001519,Costco Wholesale,"5601 Center Pl, Unit B",Jacksonville,FL,32287
CUST001520,Outback Steakhouse,"8108 Union Rd, Suite 100",Memphis,TN,38141
CUST001521,Papa DeLuca's,"217 Hill Ave, Suite 100",Birmingham,AL,35240
CUST001522,Rite Aid,3831 Park Rd,Annapolis,MD,21437
CUST001523,Raising Cane's,"2000 Union Dr, Ste A",Queens,NY,11331
CUST001524,Outback Steakhouse,7666 Church Way,Brooklyn,NY,11266
CUST001525,Westin Atlanta Peachtree,5887 Forest Ave,Lexington,KY,40517
CUST001526,Waffle House,3917 Harbor Ct,Richmond,VA,23215
CUST001527,Bill's Seafood,"9839 Commerce Blvd, Suite 200",Charleston,SC,29410
CUST001528,7-Eleven Store #4849,"3906 Commerce Ct, #101",Springfield,IL,62722
CUST001529,Steak 'n Shake,"982 Washington Way, Suite 100",Sioux Falls,SD,57127
CUST001530,Olive Garden,"4646 Forest Ln, #101",Philadelphia,PA,19195
CUST001531,Costco Wholesale,"9964 Bay Rd, #101",Cincinnati,OH,45238
CUST001532,Bob Evans,"5292 Cherry Way, Suite 100",Chicago,IL,60613
CUST001533,Wawa #5287,"8396 River Ln, Suite 200",Sioux Falls,SD,57143
CUST001534,Chili's,"190 Market Ave, Ste A",Chicago,IL,60692
CUST001535,Cracker Barrel,"9223 Elm Pkwy, Suite 200",Denver,CO,80289
CUST001536,DeLuca's Diner,"7118 Valley Pl, Unit B",Cincinnati,OH,45293
CUST001537,Kona Grill,"5182 Market Ave, #101",Cleveland,OH,44178
CUST001538,Place by Hyatt Atlanta,4551 Cedar Blvd,Atlanta,GA,30327
CUST001539,LongHorn Steakhouse,"6361 Sunset Pkwy, Ste A",Atlanta,GA,30323
CUST001540,Neighborhood Bar & Grill,"1607 Meadow St, #101",Providence,RI,02989
CUST001541,Denny's,"6337 Center Ave, Unit B",Worcester,MA,01623
CUST001542,Giant Eagle,"1826 Garden Rd, #101",Nashville,TN,37261
CUST001543,Costco Wholesale,4970 River Blvd,Memphis,TN,38119
CUST001544,ABC Fine Wine & Spirits,"8884 Commerce Pl, #101",San Diego,CA,92105
CUST001545,Giant Eagle,"9644 Maple Blvd, #101",Dallas,TX,75256
CUST001546,Jack & Rosa's Steakhouse,3324 Main Ave,Baton Rouge,LA,70802
CUST001547,Raising Cane's,"7069 Division Ln, Suite 200",Springfield,IL,62720
CUST001548,DeLuca Kitchen,"7098 Industrial Blvd, Suite 100",Columbus,OH,43241
CUST001549,Caruso Kitchen,2532 Main Ct,Fargo,ND,58157
CUST001550,CVS Pharmacy,"1766 Highland Rd, Unit B",Jersey City,NJ,07308
CUST001551,Sheetz #3167,"168 Harbor Ln, Suite 100",Los Angeles,CA,90068
CUST001552,Sheetz #1973,"6902 Harbor Way, Suite 100",Savannah,GA,31413
CUST001553,World of Beer,"4079 Industrial Ct, Ste A",Memphis,TN,38170
CUST001554,Baton Rouge Grill,"4480 Commerce Rd, Suite 100",Baton Rouge,LA,70832
CUST001555,Down the Hatch,8716 Pine Ln,Columbia,SC,29229
CUST001556,Casa Smith,4788 Valley St,Raleigh,NC,27652
CUST001557,Circle K #8810,"9949 Cherry Dr, Unit B",Brooklyn,NY,11242
CUST001558,Olive Garden,6738 Main Pl,Memphis,TN,38138
CUST001559,Sonic Drive-In,"3906 Market Ct, Suite 100",Pittsburgh,PA,15231
CUST001560,CVS Pharmacy,"3078 Washington St, #101",Orlando,FL,32885
CUST001561,Esposito Kitchen,"6375 Maple Pkwy, #101",Columbia,SC,29221
CUST001562,BJ's Wholesale Club,"6695 Green Ln, #101",Nashville,TN,37267
CUST001563,Hooters,7488 Market Ln,Honolulu,HI,96861
CUST001564,The Bottle Shop,6921 Division Rd,Milwaukee,WI,53278
CUST001565,Sioux Falls Bistro,6496 Washington St,Sioux Falls,SD,57170
CUST001566,Kwik Trip #3719,"8381 Willow Rd, Unit B",Sioux Falls,SD,57103
CUST001567,Bob Evans,"4313 Peach Rd, Unit B",Seattle,WA,98136
CUST001568,Sonic Drive-In,"8419 Oak Pkwy, Unit B",St. Louis,MO,63114
CUST001569,Red by Radisson Portland,"7881 Meadow Ave, Unit B",Portland,OR,97258
CUST001570,Courtyard by Marriott Cleveland,"3465 Church Way, Ste A",Cleveland,OH,44190
CUST001571,Cracker Barrel,"3109 Lake Pkwy, Ste A",Detroit,MI,48238
CUST001572,Esposito Kitchen,"5823 Center Rd, Ste A",Jersey City,NJ,07334
CUST001573,Ramada by Wyndham Albuquerque,"8469 Industrial St, Suite 100",Albuquerque,NM,87105
CUST001574,Anna's Grill,"6147 Cherry Ln, Suite 100",Cleveland,OH,44184
CUST001575,Circle K #1384,"3524 Pine Ct, Suite 100",Savannah,GA,31411
CUST001576,Wingstop,8617 Meadow Way,Indianapolis,IN,46254
CUST001577,Kim Family Restaurant,"640 Chestnut Pkwy, Unit B",Honolulu,HI,96800
CUST001578,Sonic Drive-In,8728 Industrial Pl,Charleston,SC,29405
CUST001579,Rosa's Seafood,"1479 Spring Ave, Unit B",Tulsa,OK,74174
CUST001580,Hooters,"616 Elm Pl, Unit B",Atlanta,GA,30385
CUST001581,Dave & Buster's,"4740 Market Ln, Ste A",Birmingham,AL,35213
CUST001582,Lexington Tap Room,"8007 Highland Blvd, Unit B",Lexington,KY,40578
CUST001583,Shake Shack,"3659 Highland Pkwy, Suite 200",Seattle,WA,98199
CUST001584,LongHorn Steakhouse,3768 Cedar Dr,San Antonio,TX,78265
CUST001585,Baton Rouge Brewing Co.,8564 Spring Dr,Baton Rouge,LA,70832
CUST001586,Marketview Liquor,8331 Chestnut Pkwy,Reno,NV,89514
CUST001587,The Tap Room,"9104 Bay Blvd, Suite 100",San Diego,CA,92100
CUST001588,Spec's Liquor,3759 Hill Pkwy,Dallas,TX,75257
CUST001589,Corner Pocket Billiards & Bar,"7457 Union Way, #101",St. Louis,MO,63132
CUST001590,The Chicago Grille,8633 Cherry Dr,Chicago,IL,60668
CUST001591,New York Grill,2570 Magnolia Pl,New York,NY,10042
CUST001592,HEB,3229 Valley Ln,Buffalo,NY,14245
CUST001593,Brooklyn Brewing Co.,"6173 Harbor Rd, Suite 200",Brooklyn,NY,11258
CUST001594,Golden Corral,"3358 Chestnut Ln, Ste A",Portland,OR,97206
CUST001595,Corner Pocket Billiards & Bar,"1262 Cherry Pl, Ste A",Hartford,CT,06124
CUST001596,Giant Eagle,"8448 Peach St, Ste A",Springfield,IL,62761
CUST001597,Bob Evans,"3944 Church St, Suite 100",Tucson,AZ,85772
CUST001598,LongHorn Steakhouse,3885 Highland Ln,New Orleans,LA,70190
CUST001599,TGI Fridays,"1254 Walnut Ct, Ste A",Worcester,MA,01672
CUST001600,Old Annapolis Tavern,214 Green St,Annapolis,MD,21411
CUST001601,Kona Grill,3807 Willow Dr,Honolulu,HI,96809
CUST001602,The Wild Eagle,"8638 Bay Dr, Suite 200",Denver,CO,80282
CUST001603,Corner Pocket Billiards & Bar,3188 Division Pl,San Antonio,TX,78253
CUST001604,Down the Hatch,"2456 Oak Ct, Unit B",Hartford,CT,06123
CUST001605,The Tap Room,1917 Union Way,Chicago,IL,60629
CUST001606,Discount Liquor Mart,"2623 Market Pl, Suite 200",Detroit,MI,48293
CUST001607,Eddie's Bar & Grill,2818 Center Pl,Charlotte,NC,28259
CUST001608,Marriott Houston Downtown,4622 Garden Way,Los Angeles,CA,90025
CUST001609,Old St. Louis Tavern,"7968 Division Dr, #101",St. Louis,MO,63108
CUST001610,Piggly Wiggly,"9074 Market Way, #101",Oklahoma City,OK,73145
CUST001611,Romano's Diner,6265 Washington Way,Charlotte,NC,28284
CUST001612,Kroger,"8386 Division Pl, Suite 100",St. Paul,MN,55179
CUST001613,Chili's,2280 Commerce Dr,Jersey City,NJ,07317
CUST001614,Lou's Seafood,"3676 Church Blvd, Suite 200",San Francisco,CA,94130
CUST001615,World of Beer,4882 Lake Rd,Oklahoma City,OK,73146
CUST001616,WinCo Foods,"8391 Center Pkwy, #101",Oklahoma City,OK,73112
CUST001617,Price Chopper,"5172 Center Blvd, Ste A",Indianapolis,IN,46298
CUST001618,Speedway #6273,"7419 Lake Pkwy, #101",Orlando,FL,32820
CUST001619,Doubletree by Hilton Seattle,"9481 Spring Rd, Unit B",Madison,WI,53738
CUST001620,Jackson Diner,8605 Park Pkwy,Jackson,MS,39208
CUST001621,Wingstop,5435 River Rd,Savannah,GA,31406
CUST001622,Mama Esposito's,6536 Lake Blvd,Fort Worth,TX,76103
CUST001623,Marketview Liquor,8406 Meadow Way,Tampa,FL,33654
CUST001624,The Broken Spoke,"150 Willow Rd, #101",Buffalo,NY,14243
CUST001625,Keg Liquors,"2623 Washington Ln, Suite 100",Sioux Falls,SD,57122
CUST001626,Stop & Shop,"8660 River Pkwy, Ste A",Austin,TX,78782
CUST001627,Ritz-Carlton New Orleans,"3443 Pine Ln, #101",Tampa,FL,33663
CUST001628,Discount Liquor Mart,4691 River Pl,Tulsa,OK,74100
CUST001629,GetGo #7322,8448 Pine Pkwy,Detroit,MI,48205
CUST001630,Kona Grill,7221 Magnolia Pl,Seattle,WA,98143
CUST001631,Mama Patel's Pizzeria,"8079 Oak Way, Unit B",St. Louis,MO,63166
CUST001632,Kwik Trip #6465,"5037 Harbor Pl, #101",Newark,NJ,07142
CUST001633,DeLuca's Diner,"9605 Pine Rd, Suite 100",Boston,MA,02154
CUST001634,Mama Ferreira's Pizzeria,"9956 Bay Rd, Suite 200",Cincinnati,OH,45232
CUST001635,HEB,"7560 Commerce Pl, Suite 200",Miami,FL,33112
CUST001636,Whataburger,9504 Industrial Ave,Burlington,VT,05499
CUST001637,Fort Worth Wine & Spirits,"5566 Valley Ct, Ste A",Fort Worth,TX,76159
CUST001638,Leo's Seafood,"9684 Union Ln, Suite 200",Brooklyn,NY,11236
CUST001639,Papa Davis's,"2957 Lake Ct, Suite 100",Providence,RI,02954
CUST001640,Hartford Liquors,592 Valley St,Hartford,CT,06171
CUST001641,Mama Nguyen's,"1377 Forest Dr, Suite 200",Los Angeles,CA,90097
CUST001642,Rossi's Tavern,1730 Division Pkwy,Eugene,OR,97460
CUST001643,Costco Wholesale,"6436 Elm Ct, Ste A",Salt Lake City,UT,84147
CUST001644,Mama Martinez's,2777 Forest Blvd,Reno,NV,89539
CUST001645,Main Street Liquors,8039 Commerce Ave,Anchorage,AK,99528
CUST001646,Spec's Liquor,8966 Cedar Pkwy,Honolulu,HI,96837
CUST001647,Days Inn by Wyndham Virginia Beach,"9657 Bay Ct, Unit B",Virginia Beach,VA,23447
CUST001648,Keg Liquors,3927 Green Rd,Atlanta,GA,30382
CUST001649,Premier Wine & Spirits,"6173 Walnut Dr, Suite 200",Tucson,AZ,85764
CUST001650,The Caruso House,4396 Spring Pl,Wilmington,DE,19853
CUST001651,Raleigh Kitchen,"6922 Bay Ln, Unit B",Raleigh,NC,27635
CUST001652,Yard House,"6313 Commerce Pkwy, #101",Jackson,MS,39282
CUST001653,Rite Aid,"9008 Valley Blvd, #101",Hartford,CT,06172
CUST001654,Kim's Diner,"1565 Walnut Ct, #101",Burlington,VT,05495
CUST001655,La Quinta by Wyndham New York,"334 Church Dr, #101",New York,NY,10062
CUST001656,Mama Patel's,"1102 River St, Unit B",Denver,CO,80268
CUST001657,Wegmans,"7586 Washington Ct, Suite 200",Colorado Springs,CO,80988
CUST001658,Sports Page Bar,7206 Chestnut Pl,Buffalo,NY,14298
CUST001659,Punch Bowl Social,"5596 Walnut Pkwy, Unit B",Nashville,TN,37239
CUST001660,Sioux Falls Liquors,"468 Industrial Way, Suite 100",Sioux Falls,SD,57154
CUST001661,Jones Kitchen,"2924 Garden Pkwy, Suite 200",Austin,TX,78739
CUST001662,Central Liquors,"8863 Spring Blvd, Suite 200",Raleigh,NC,27625
CUST001663,Price Chopper,3293 Main Pl,Houston,TX,77041
CUST001664,Lidl,4039 Maple Way,Eugene,OR,97427
CUST001665,Olive Garden,9666 Highland Dr,Madison,WI,53732
CUST001666,Golden Corral,"5569 Meadow Dr, Suite 200",Pittsburgh,PA,15279
CUST001667,Davis's BBQ,"2313 Hill Pl, Suite 100",Lexington,KY,40580
CUST001668,GetGo #2835,"8787 Union Way, #101",Nashville,TN,37284
CUST001669,The Rusty Nail,7537 Green Pl,Little Rock,AR,72243
CUST001670,Bob Evans,"5917 Willow Ct, Unit B",Las Vegas,NV,89113
CUST001671,Punch Bowl Social,1719 Magnolia St,Columbus,OH,43200
CUST001672,Premier Wine & Spirits,"4814 Union St, #101",Las Vegas,NV,89107
CUST001673,Cracker Barrel,"1360 Green Rd, Ste A",Wilmington,DE,19873
CUST001674,Chili's,4235 Walnut Dr,Madison,WI,53754
CUST001675,Liquor Barn,1394 Broad Pkwy,Minneapolis,MN,55421
CUST001676,ABC Fine Wine & Spirits,"8489 Lake St, Suite 200",Dallas,TX,75250
CUST001677,In-N-Out Burger,"4342 Magnolia Pl, Ste A",Sioux Falls,SD,57138
CUST001678,Esposito's BBQ,305 Cedar Dr,Charlotte,NC,28295
CUST001679,BJ's Wholesale Club,"5311 Church Pl, #101",Annapolis,MD,21469
CUST001680,Liquor Barn,3451 Bay Ave,Hartford,CT,06175
CUST001681,Fairfield Inn by Marriott St. Paul,"2689 Lake Way, #101",St. Paul,MN,55128
CUST001682,The Draft House,"8482 Cedar Ave, Unit B",Indianapolis,IN,46295
CUST001683,Walgreens,7836 Main Blvd,Philadelphia,PA,19178
CUST001684,Down the Hatch,4858 Forest Dr,Oklahoma City,OK,73163
CUST001685,Newark Diner,"4015 Forest Ave, Unit B",Newark,NJ,07101
CUST001686,Anna's Bar & Grill,"9724 Elm Pl, Unit B",Queens,NY,11348
CUST001687,Waffle House,2643 Market Ct,Phoenix,AZ,85076
CUST001688,Crowne Plaza by IHG Little Rock,4080 Cedar Blvd,Little Rock,AR,72218
CUST001689,Wingstop,"1091 Peach St, Ste A",Oklahoma City,OK,73189
CUST001690,CVS Pharmacy,"196 Oak Pl, Unit B",Salt Lake City,UT,84103
CUST001691,Place by Hyatt Las Vegas,"2924 Industrial Ln, Suite 200",Las Vegas,NV,89173
CUST001692,Sports Page Bar,"3247 Magnolia Ave, #101",Portland,OR,97267
CUST001693,Total Spirits Fort Worth,858 Spring Ln,Fort Worth,TX,76195
CUST001694,House by Hyatt Jacksonville,"1954 Valley Blvd, #101",Jacksonville,FL,32288
CUST001695,Choice Hotels Clarion Charleston,8331 Cherry Ct,Charleston,SC,29435
CUST001696,The Rusty Nail,"4744 Highland Rd, Suite 100",Louisville,KY,40292
CUST001697,Dave & Buster's,"2088 River Rd, Suite 100",Salt Lake City,UT,84198
CUST001698,Down the Hatch,301 Hill St,Fargo,ND,58115
CUST001699,Wegmans,"9310 Harbor Blvd, Suite 100",Little Rock,AR,72271
CUST001700,Kansas City Diner,9423 Industrial Way,Kansas City,MO,64191
CUST001701,Trader Joe's,"8843 Cedar Pkwy, #101",San Diego,CA,92186
CUST001702,Denny's,7137 Hill Pl,Newark,NJ,07198
CUST001703,Publix,"153 Center Ln, Ste A",Tulsa,OK,74185
CUST001704,Mama Kim's Kitchen,"260 Bay Rd, #101",Minneapolis,MN,55461
CUST001705,The Draft House,"9334 Cedar Ave, Unit B",Los Angeles,CA,90071
CUST001706,Las Vegas Ale House,"2149 Highland St, Unit B",Las Vegas,NV,89102
CUST001707,Indianapolis Liquors,"2764 Willow St, Suite 100",Indianapolis,IN,46233
CUST001708,Johnson's BBQ,3946 River Way,New York,NY,10000
CUST001709,In-N-Out Burger,4214 Harbor Pl,Columbia,SC,29201
CUST001710,Mama Davis's Kitchen,538 Meadow Pkwy,St. Paul,MN,55135
CUST001711,La Quinta by Wyndham Tulsa,"8656 Park Way, #101",Tulsa,OK,74112
CUST001712,Best Western Plus Spokane,"9311 Peach St, Suite 200",Spokane,WA,99235
CUST001713,Salt Lake City Kitchen,7985 River Dr,Salt Lake City,UT,84188
CUST001714,Mama Williams's Kitchen,4985 Willow Pkwy,Chicago,IL,60636
CUST001715,Atlanta Bistro,"964 Industrial Ln, #101",Atlanta,GA,30304
CUST001716,CVS Pharmacy,174 Peach Blvd,Fargo,ND,58162
CUST001717,Neighborhood Bar & Grill,3756 Magnolia St,Dallas,TX,75255
CUST001718,Regency by Hyatt Charlotte,4005 Highland Ct,Charlotte,NC,28277
CUST001719,Whataburger,"6308 Chestnut Ave, Unit B",Wilmington,DE,19859
CUST001720,Holiday Inn by IHG Virginia Beach,"1905 Peach St, Unit B",Virginia Beach,VA,23494
CUST001721,Wegmans,9206 Forest Rd,Nashville,TN,37272
CUST001722,Discount Liquor Mart,"6987 River Ln, Unit B",Wilmington,DE,19801
CUST001723,Phil's Bar & Grill,2229 Broad St,Fargo,ND,58162
CUST001724,Orlando Taproom,9303 Highland Pkwy,Orlando,FL,32861
CUST001725,The Broken Spoke,2849 Market Blvd,Providence,RI,02904
CUST001726,Mama Garcia's,4227 Elm Ave,Minneapolis,MN,55472
CUST001727,Wegmans,"3585 Washington Ave, Suite 200",Worcester,MA,01634
CUST001728,Wingstop,"4411 Division Pl, #101",Jersey City,NJ,07315
CUST001729,Olive Garden,"801 Pine St, Suite 100",New York,NY,10014
CUST001730,Place by Hyatt Fargo,3782 Walnut Ln,Fargo,ND,58153
CUST001731,Springhill Suites by Marriott Chicago,"8409 Cherry Way, #101",Chicago,IL,60683
CUST001732,Columbus Tap Room,"7261 Union Rd, Suite 100",Columbus,OH,43280
CUST001733,Smart & Final,"5727 Washington Ave, Suite 100",Oklahoma City,OK,73181
CUST001734,The Rusty Nail,"845 Lake Dr, Suite 100",Tulsa,OK,74101
CUST001735,Hooters,"2968 Division Dr, #101",Charleston,SC,29438
CUST001736,Miami Grill,"5734 Magnolia Ave, #101",Miami,FL,33140
CUST001737,Twin Peaks,"1550 Meadow St, Ste A",Tulsa,OK,74162
CUST001738,Sonic Drive-In,5304 Forest Pkwy,Cleveland,OH,44151
CUST001739,Twin Peaks,"6182 Oak Dr, Ste A",Louisville,KY,40243
CUST001740,IHOP,"1123 Division Pl, Ste A",Minneapolis,MN,55406
CUST001741,San Antonio Kitchen,"8110 Lake Way, Unit B",San Antonio,TX,78279
CUST001742,Jones Kitchen,2867 Oak Pl,Phoenix,AZ,85090
CUST001743,Romano Family Restaurant,7082 Highland Dr,Columbia,SC,29232
CUST001744,Mama Brown's Pizzeria,4570 Church Ln,New York,NY,10034
CUST001745,Safeway,"3693 Hill St, #101",Little Rock,AR,72227
CUST001746,Radisson Little Rock,"6329 Lake Ave, Ste A",Little Rock,AR,72239
CUST001747,Applebee's,"979 Lake Ln, #101",Albuquerque,NM,87116
CUST001748,Main Street Liquors,8594 Valley Ct,Columbus,OH,43278
CUST001749,Courtyard by Marriott Burlington,"1330 Spring Dr, Suite 200",Burlington,VT,05442
CUST001750,Boston Kitchen,231 Elm Blvd,Boston,MA,02199
CUST001751,ABC Fine Wine & Spirits,"6956 Harbor Rd, Ste A",Salt Lake City,UT,84181
CUST001752,Bob Evans,2030 Cherry Pkwy,Queens,NY,11342
CUST001753,Hyatt Place Denver,9322 Cherry Blvd,San Diego,CA,92175
CUST001754,Rizzo's Diner,"8838 Bay Pl, Ste A",Wilmington,DE,19816
CUST001755,IHOP,2020 Center Blvd,Boston,MA,02113
CUST001756,Outback Steakhouse,6535 Elm Pl,Birmingham,AL,35289
CUST001757,Safeway,"7171 Market Ct, Suite 200",Birmingham,AL,35202
CUST001758,Trader Joe's,"3178 Meadow Dr, Suite 100",Virginia Beach,VA,23409
CUST001759,Courtyard by Marriott Omaha,"949 Industrial Rd, #101",Omaha,NE,68145
CUST001760,Jack's Bar & Grill,6925 Oak St,Charleston,SC,29446
CUST001761,The Red Bull,"1557 Magnolia Rd, Ste A",Hartford,CT,06115
CUST001762,Discount Liquor Mart,4157 River Blvd,Salt Lake City,UT,84103
CUST001763,Dave's Bar & Grill,3286 Harbor Rd,Omaha,NE,68118
CUST001764,BJ's Wholesale Club,"8123 Sunset Pkwy, #101",Raleigh,NC,27693
CUST001765,HEB,6519 Magnolia Pkwy,Salt Lake City,UT,84107
CUST001766,Sam's Club,9805 Sunset Blvd,Fargo,ND,58113
CUST001767,Total Spirits Oklahoma City,"1157 Valley St, #101",Oklahoma City,OK,73160
CUST001768,Fairfield Inn by Marriott Nashville,8002 Pine Rd,Nashville,TN,37219
CUST001769,Courtyard by Marriott Chicago,"1117 Peach Way, Suite 200",Pittsburgh,PA,15260
CUST001770,Golden Corral,"8890 Highland Pl, Suite 200",Grand Rapids,MI,49505
CUST001771,Texas Roadhouse,"4401 Lake Ave, Suite 200",San Antonio,TX,78201
CUST001772,Mama Romano's Kitchen,"1716 Elm Ave, Ste A",Jacksonville,FL,32273
CUST001773,Al's Seafood,1797 Cherry Ct,Savannah,GA,31410
CUST001774,Smart & Final,"8404 Chestnut St, Unit B",Anchorage,AK,99592
CUST001775,Marco's Bar & Grill,"7276 Market Rd, Ste A",Seattle,WA,98130
CUST001776,Keg Liquors,5087 Union Dr,Savannah,GA,31433
CUST001777,Bob Evans,"4685 River Ct, Suite 100",Lexington,KY,40507
CUST001778,Pilot Flying J #1469,7593 Chestnut Way,New York,NY,10095
CUST001779,BevMo,6530 Main Dr,Pittsburgh,PA,15272
CUST001780,Discount Liquor Mart,2283 Lake Pl,Worcester,MA,01643
CUST001781,Wegmans,"7255 Walnut Dr, Unit B",Memphis,TN,38106
CUST001782,Hartford Diner,5667 Chestnut Ave,Hartford,CT,06172
CUST001783,Hooters,"7098 Harbor Pl, #101",Tampa,FL,33617
CUST001784,Perkins Restaurant,6009 Pine Rd,Baton Rouge,LA,70889
CUST001785,The Tap Room,6113 Magnolia Dr,Denver,CO,80293
CUST001786,Main Street Liquors,"5240 Oak Dr, Suite 200",Buffalo,NY,14277
CUST001787,Pilot Flying J #1554,8582 Church Dr,Tulsa,OK,74110
CUST001788,Keg Liquors,"6117 Bay Blvd, #101",Boston,MA,02197
CUST001789,BJ's Wholesale Club,8055 Harbor Way,Newark,NJ,07109
CUST001790,Jackson Liquors,"2172 Division Way, Ste A",Jackson,MS,39243
CUST001791,Outback Steakhouse,"2195 Lake Rd, #101",Charleston,SC,29469
CUST001792,Sacramento Taproom,"7896 Spring Dr, Suite 200",Sacramento,CA,95807
CUST001793,Binny's Beverage Depot,"3627 Park Rd, #101",New York,NY,10010
CUST001794,Giant Eagle,3665 Commerce St,Fort Worth,TX,76103
CUST001795,Applebee's,4228 Green Blvd,Kansas City,MO,64102
CUST001796,Chipotle Mexican Grill,"5639 Spring Pkwy, Ste A",Phoenix,AZ,85061
CUST001797,Homewood Suites by Hilton Austin,883 Hill Ct,Austin,TX,78715
CUST001798,P.F. Chang's,7633 Meadow Ln,Tucson,AZ,85786
CUST001799,Casey's General Store #4757,"445 Hill Ct, Unit B",Tampa,FL,33659
CUST001800,Boston Diner,"3097 Market Blvd, Suite 100",Boston,MA,02170
CUST001801,Fairfield Inn by Marriott Fort Worth,8193 Walnut Ct,Fort Worth,TX,76105
CUST001802,Seattle Ale House,4875 Cherry Rd,Seattle,WA,98170
CUST001803,Miami Bistro,"3757 Hill Ave, Ste A",Miami,FL,33174
CUST001804,Regency by Hyatt Albuquerque,"9011 Center St, Suite 100",Albuquerque,NM,87130
CUST001805,The Red Bull,7826 Forest Blvd,Richmond,VA,23282
CUST001806,CVS Pharmacy,"2043 Lake Ln, Suite 200",Buffalo,NY,14211
CUST001807,ampm #8270,8102 Commerce Pkwy,San Antonio,TX,78297
CUST001808,Best Western Plus Colorado Springs,"6589 Bay Pl, Ste A",Colorado Springs,CO,80977
CUST001809,Speedway #1092,"1603 Harbor Pl, Suite 100",Portland,OR,97240
CUST001810,Circle K #8730,"827 River Rd, Unit B",Las Vegas,NV,89120
CUST001811,New York Kitchen,6561 Washington Dr,New York,NY,10060
CUST001812,Meijer,"1227 Sunset Pkwy, Suite 200",Virginia Beach,VA,23440
CUST001813,Food Lion,"5776 Park Pl, Ste A",Lexington,KY,40543
CUST001814,JW Marriott Los Angeles,"3117 Spring Way, Suite 200",Jersey City,NJ,07308
CUST001815,Liquor Barn,4864 Magnolia St,Philadelphia,PA,19126
CUST001816,Outback Steakhouse,3037 Peach Way,St. Paul,MN,55130
CUST001817,Mama Ferreira's Pizzeria,"9720 Highland St, Ste A",Baltimore,MD,21206
CUST001818,House by Hyatt Austin,"6820 Bay Ct, Ste A",Austin,TX,78717
CUST001819,Nguyen Kitchen,"9729 Meadow Rd, Unit B",Reno,NV,89548
CUST001820,Total Wine & More,5517 Chestnut Pl,Annapolis,MD,21423
CUST001821,Courtyard by Marriott Oklahoma City,"1455 Green Ave, Unit B",Oklahoma City,OK,73190
CUST001822,Stop & Shop,"6386 Hill Ct, Suite 100",Colorado Springs,CO,80952
CUST001823,Chipotle Mexican Grill,8300 Forest Rd,Orlando,FL,32847
CUST001824,Cracker Barrel,"2289 Chestnut Blvd, Unit B",Virginia Beach,VA,23486
CUST001825,Casey's General Store #8576,"8968 Magnolia Blvd, Ste A",San Antonio,TX,78254
CUST001826,Raleigh Liquors,3476 Union Pl,Raleigh,NC,27680
CUST001827,Bob Evans,"360 Park Way, Suite 200",Memphis,TN,38104
CUST001828,Best Western Birmingham,3787 Park Rd,Birmingham,AL,35222
CUST001829,Minneapolis Brewing Co.,"4954 Harbor Ct, Suite 200",Minneapolis,MN,55477
CUST001830,Best Western Miami,6188 Maple St,Miami,FL,33132
CUST001831,Fargo Brewing Co.,7072 Peach St,Fargo,ND,58189
CUST001832,IHOP,3619 Magnolia Way,Dallas,TX,75281
CUST001833,Courtyard by Marriott Chicago,5347 Highland Blvd,Louisville,KY,40273
CUST001834,ampm #963,"6812 Lake Ct, Suite 100",Madison,WI,53784
CUST001835,Binny's Beverage Depot,455 Center Way,Tampa,FL,33651
CUST001836,Outback Steakhouse,"435 River Ct, Suite 100",Baton Rouge,LA,70802
CUST001837,Eugene Diner,"4038 Meadow St, #101",Eugene,OR,97449
CUST001838,Spec's Liquor,"9752 Washington Ct, Unit B",Brooklyn,NY,11223
CUST001839,Winn-Dixie,4399 Cedar Ln,Wilmington,DE,19837
CUST001840,House by Hyatt Indianapolis,"3618 Washington Ave, Ste A",Indianapolis,IN,46272
CUST001841,Mama Chen's Kitchen,8487 Willow Ave,Cincinnati,OH,45247
CUST001842,Binny's Beverage Depot,"3344 Maple Pkwy, #101",Baltimore,MD,21225
CUST001843,Dave & Buster's,8457 Division Ln,Columbus,OH,43227
CUST001844,Cracker Barrel,7656 Church Way,Spokane,WA,99248
CUST001845,Blu by Radisson Houston,"3083 Willow Way, Ste A",Houston,TX,77076
CUST001846,The Bull & Stool,4889 Walnut St,Boston,MA,02132
CUST001847,House by Hyatt Pittsburgh,"2729 Harbor Ct, #101",Pittsburgh,PA,15228
CUST001848,Total Wine & More,5326 Cherry Dr,Baltimore,MD,21261
CUST001849,Omni Dallas Hotel,"4176 Bay Blvd, Unit B",Fargo,ND,58107
CUST001850,Mike's Seafood,6559 Chestnut Pkwy,Reno,NV,89514
CUST001851,Hampton Inn by Hilton Tulsa,3268 Forest Way,Tulsa,OK,74134
CUST001852,Walgreens,"2277 Valley Ln, Unit B",Indianapolis,IN,46261
CUST001853,Choice Hotels Econo Lodge Seattle,4726 Center Ln,Seattle,WA,98124
CUST001854,Staybridge Suites by IHG Annapolis,"3396 Bay Ave, #101",Annapolis,MD,21495
CUST001855,Ingles Markets,"8657 Green Rd, Unit B",San Diego,CA,92118
CUST001856,Mama Johnson's,320 Division Rd,Raleigh,NC,27637
CUST001857,Smart & Final,7675 Main Blvd,San Antonio,TX,78259
CUST001858,Residence Inn by Marriott St. Louis,"398 Washington Ln, Unit B",St. Louis,MO,63157
CUST001859,Garden Inn by Hilton Indianapolis,"5307 Washington Rd, Unit B",Indianapolis,IN,46220
CUST001860,Denny's,4569 Walnut Dr,Jersey City,NJ,07330
CUST001861,Fairfield Inn by Marriott Anchorage,2791 Maple Pl,Anchorage,AK,99518
CUST001862,Baltimore Grill,6591 Garden Ln,Baltimore,MD,21232
CUST001863,Dave & Buster's,5529 Garden Way,Indianapolis,IN,46235
CUST001864,Perkins Restaurant,"8884 Industrial Dr, Unit B",San Francisco,CA,94172
CUST001865,Sam's Club,3313 Maple Ct,Eugene,OR,97490
CUST001866,Whole Foods Market,9465 Union Pkwy,Los Angeles,CA,90093
CUST001867,The Broken Spoke,"8876 Spring St, Suite 200",Anchorage,AK,99514
CUST001868,Total Wine & More,1517 Elm St,Kansas City,MO,64142
CUST001869,Shake Shack,"7262 Highland Pl, #101",Jackson,MS,39255
CUST001870,Bar Louie,"498 Peach Pl, Unit B",Kansas City,MO,64158
CUST001871,Davis Family Restaurant,"8526 Lake Ave, Suite 100",Omaha,NE,68110
CUST001872,Stop & Shop,1718 Spring Pl,Burlington,VT,05437
CUST001873,BevMo,"6392 Union Ct, Suite 100",Sacramento,CA,95834
CUST001874,ABC Fine Wine & Spirits,4942 Center Ave,Providence,RI,02983
CUST001875,Mama Park's Pizzeria,"1607 Hill Dr, Ste A",Annapolis,MD,21461
CUST001876,Aldi,6288 Industrial Dr,Houston,TX,77090
CUST001877,Old Orlando Tavern,615 Union Ct,Orlando,FL,32830
CUST001878,Springhill Suites by Marriott Springfield,"2983 Magnolia Ave, Suite 200",Springfield,IL,62730
CUST001879,The Broken Spoke,7196 Green St,Jacksonville,FL,32275
CUST001880,Maria's Grill,8515 Garden Way,Honolulu,HI,96872
CUST001881,Wilmington Taproom,"4673 River Pkwy, Suite 100",Wilmington,DE,19841
CUST001882,Sheetz #7317,"9390 Forest Ln, Suite 200",Colorado Springs,CO,80993
CUST001883,Best Western Savannah,4560 Center St,Savannah,GA,31435
CUST001884,Panera Bread,9301 Chestnut Ave,Portland,OR,97289
CUST001885,Kroger,"7562 Main St, #101",Hartford,CT,06116
CUST001886,Sonic Drive-In,"3570 Elm St, Ste A",Little Rock,AR,72233
CUST001887,GetGo #277,5151 Washington Dr,Savannah,GA,31423
CUST001888,The Rusty Nail,"4692 Cherry St, Suite 200",New York,NY,10043
CUST001889,Rossi's Diner,578 Market St,Charlotte,NC,28264
CUST001890,Courtyard by Marriott Chicago,"9002 Lake St, Suite 100",Annapolis,MD,21465
CUST001891,The Philadelphia Grille,5667 Green St,Philadelphia,PA,19162
CUST001892,Chili's,"2455 Bay Ln, Ste A",Las Vegas,NV,89119
CUST001893,Binny's Beverage Depot,"3065 Industrial Dr, Suite 200",Omaha,NE,68131
CUST001894,Al's Bar & Grill,"3710 Center St, Unit B",Charlotte,NC,28299
CUST001895,World of Beer,2503 Oak Dr,Buffalo,NY,14214
CUST001896,HEB,3646 Commerce Ave,Jackson,MS,39279
CUST001897,Courtyard by Marriott Brooklyn,8948 Forest Blvd,Brooklyn,NY,11227
CUST001898,Raising Cane's,"4727 Valley Ct, Unit B",Anchorage,AK,99505
CUST001899,Spec's Liquor,"9737 Magnolia St, Unit B",Buffalo,NY,14264
CUST001900,Stater Bros.,"6042 Peach Pkwy, #101",Jackson,MS,39271
CUST001901,Holiday Inn by IHG Birmingham,"2856 Division Blvd, Ste A",Birmingham,AL,35222
CUST001902,Radisson Denver,9592 Highland Way,Denver,CO,80204
CUST001903,Whataburger,"8918 Center Way, Unit B",Albuquerque,NM,87134
CUST001904,The Tap Room,8196 Sunset Ct,Milwaukee,WI,53232
CUST001905,Westin Atlanta Peachtree,"8775 Broad Dr, #101",Baton Rouge,LA,70827
CUST001906,Holiday Inn Express Boston,"1420 Bay Ln, Ste A",Queens,NY,11339
CUST001907,The Johnson House,"6194 Industrial Rd, Suite 200",Portland,OR,97236
CUST001908,Casa Garcia,738 Cherry Dr,Buffalo,NY,14278
CUST001909,Five Guys,7164 Main Ln,Worcester,MA,01603
CUST001910,Aldi,8625 Elm Ln,Grand Rapids,MI,49568
CUST001911,Savannah Kitchen,6054 Oak Way,Savannah,GA,31422
CUST001912,Papa Esposito's,"1075 Bay Blvd, Ste A",Eugene,OR,97405
CUST001913,Central Liquors,"6848 Chestnut Blvd, Unit B",St. Louis,MO,63131
CUST001914,Mama Rizzo's Kitchen,3613 Center Rd,Salt Lake City,UT,84171
CUST001915,Doubletree by Hilton Seattle,"187 Washington Rd, Suite 200",Seattle,WA,98130
CUST001916,Lexington Ale House,4206 Harbor Ave,Lexington,KY,40503
CUST001917,GetGo #7794,8952 Chestnut Ave,New York,NY,10045
CUST001918,Price Chopper,7686 Main Ln,Tulsa,OK,74121
CUST001919,Al's Seafood,"8672 Sunset Ln, #101",Albuquerque,NM,87134
CUST001920,Albertsons,"7897 Spring Blvd, Ste A",Brooklyn,NY,11289
CUST001921,The Amber Fox,8400 Market Ct,Honolulu,HI,96839
CUST001922,P.F. Chang's,3379 Broad Blvd,Los Angeles,CA,90058
CUST001923,Pat's Grill,"5860 Center Ct, #101",Minneapolis,MN,55492
CUST001924,San Diego Wine & Spirits,1222 Willow St,San Diego,CA,92122
CUST001925,Courtyard by Marriott Fargo,"1436 River Rd, Ste A",Fargo,ND,58179
CUST001926,Five Guys,"7746 Broad Way, #101",Burlington,VT,05402
CUST001927,Lidl,1424 Division Pkwy,Worcester,MA,01616
CUST001928,Nick's Seafood,"5945 Forest Pl, Ste A",Los Angeles,CA,90024
CUST001929,Sports Page Bar,6231 Center Ave,Grand Rapids,MI,49509
CUST001930,Mama Romano's Kitchen,"7913 Highland Pkwy, Suite 100",Portland,OR,97227
CUST001931,Waffle House,"8131 River Way, Suite 100",Fargo,ND,58151
CUST001932,Speedway #7854,1733 Market Ln,Pittsburgh,PA,15209
CUST001933,Albuquerque Taproom,1438 Elm Pl,Albuquerque,NM,87131
CUST001934,Omaha Diner,"5578 Meadow Pl, Ste A",Omaha,NE,68120
CUST001935,The Cheesecake Factory,"2165 Cherry Ave, Suite 200",Las Vegas,NV,89164
CUST001936,Holiday Inn by IHG Denver,"6105 Highland Ln, Ste A",Denver,CO,80276
CUST001937,Red Lobster,2192 Magnolia St,Austin,TX,78766
CUST001938,Kwik Trip #7388,"3300 Division St, Suite 200",Wilmington,DE,19810
CUST001939,The Brown House,5263 Center St,Queens,NY,11302
CUST001940,Winn-Dixie,"1601 Garden Way, #101",Birmingham,AL,35287
CUST001941,Fairfield Inn by Marriott Cleveland,9313 Washington Pkwy,Cleveland,OH,44151
CUST001942,Stater Bros.,"4811 Spring Dr, #101",Baltimore,MD,21272
CUST001943,TGI Fridays,"3368 Harbor Dr, Unit B",Tampa,FL,33602
CUST001944,Williams Kitchen,8648 Sunset Pl,Buffalo,NY,14292
CUST001945,Park Family Restaurant,"6655 Meadow Ct, #101",Springfield,IL,62700
CUST001946,Radisson Charlotte,"9203 Meadow St, Unit B",Charlotte,NC,28266
CUST001947,The Brown House,6189 Highland St,Los Angeles,CA,90061
CUST001948,Mama Kim's,"4143 Oak Way, Unit B",Eugene,OR,97441
CUST001949,Safeway,1107 Union St,Eugene,OR,97488
CUST001950,Casey's General Store #738,"7224 Market Dr, Unit B",Charleston,SC,29488
CUST001951,Hy-Vee,"9463 Walnut Ln, #101",San Diego,CA,92195
CUST001952,Publix,"8801 Maple Dr, Unit B",Indianapolis,IN,46241
CUST001953,Yard House,8778 Sunset Ct,Cleveland,OH,44141
CUST001954,ampm #1412,6067 Elm Pl,Nashville,TN,37269
CUST001955,Baltimore Wine & Spirits,"9380 Lake St, Ste A",Baltimore,MD,21204
CUST001956,Punch Bowl Social,3119 Union Ln,Birmingham,AL,35229
CUST001957,Neighborhood Bar & Grill,"3462 Industrial Dr, #101",Wilmington,DE,19873
CUST001958,Carlos's Bar & Grill,"3241 Commerce Ct, Suite 200",Spokane,WA,99270
CUST001959,DeLuca's Diner,"139 Forest Way, Unit B",St. Louis,MO,63184
CUST001960,Chipotle Mexican Grill,2657 Garden Ave,San Antonio,TX,78255
CUST001961,The Broken Spoke,"7205 Valley Pl, Unit B",Hartford,CT,06159
CUST001962,Mama Garcia's Kitchen,"9827 Washington Way, Suite 200",Fargo,ND,58147
CUST001963,Ritz-Carlton New Orleans,"9070 Maple Ct, Unit B",Grand Rapids,MI,49574
CUST001964,Staybridge Suites by IHG Jacksonville,9108 Center Way,Jacksonville,FL,32252
CUST001965,Binny's Beverage Depot,"2377 Sunset Pl, Ste A",Milwaukee,WI,53258
CUST001966,Love's Travel Stop #1363,"4491 Cedar Blvd, Suite 100",Houston,TX,77041
CUST001967,Hooters,196 Bay St,Jackson,MS,39238
CUST001968,Wawa #9611,"3094 Willow Blvd, Suite 100",Virginia Beach,VA,23413
CUST001969,Rite Aid,"2220 Elm Dr, Ste A",Memphis,TN,38122
CUST001970,Five Guys,"9391 Green Ave, Ste A",Buffalo,NY,14285
CUST001971,Casa Smith,"5204 Cedar Dr, Suite 100",Tulsa,OK,74189
CUST001972,Whole Foods Market,3725 Commerce Blvd,Cincinnati,OH,45208
CUST001973,Circle K #525,4225 Hill Way,Spokane,WA,99275
CUST001974,Lidl,303 Cherry Rd,Oklahoma City,OK,73175
CUST001975,St. Paul Brewing Co.,6626 Chestnut St,St. Paul,MN,55183
CUST001976,Courtyard by Marriott Atlanta,5518 Garden Way,Atlanta,GA,30318
CUST001977,Brown's Diner,5059 Valley Pkwy,Baltimore,MD,21272
CUST001978,Hooters,6294 Harbor Rd,Albuquerque,NM,87153
CUST001979,The Draft House,"5087 Garden Ct, Ste A",Sioux Falls,SD,57198
CUST001980,Spec's Liquor,8954 Washington Ln,Brooklyn,NY,11258
CUST001981,Chen's Diner,227 Hill Way,Baltimore,MD,21246
CUST001982,BJ's Wholesale Club,"2718 Union Pkwy, Suite 200",Columbus,OH,43254
CUST001983,Bill & Gino's Steakhouse,"8234 Valley Dr, Unit B",Wilmington,DE,19899
CUST001984,Walgreens,"3263 Bay Pkwy, Unit B",Boston,MA,02140
CUST001985,Shake Shack,1217 Industrial St,Detroit,MI,48252
CUST001986,Food Lion,"400 Broad Pl, Unit B",Anchorage,AK,99548
CUST001987,Piggly Wiggly,"6339 Garden Pkwy, #101",Tampa,FL,33630
CUST001988,CVS Pharmacy,"3152 Pine Dr, Suite 200",Tulsa,OK,74191
CUST001989,The Keg & Eagle,"9997 Bay Dr, Suite 100",Cincinnati,OH,45223
CUST001990,Minneapolis Bottle Shop,4455 Lake Way,Minneapolis,MN,55477
CUST001991,Denny's,"2324 Lake Pkwy, Suite 200",Charleston,SC,29431
CUST001992,Lidl,"1267 Church Rd, Ste A",Fort Worth,TX,76198
CUST001993,Mama Esposito's,6411 Cedar Ct,Las Vegas,NV,89127
CUST001994,Wawa #5344,"8963 Bay St, Unit B",Charleston,SC,29402
CUST001995,Choice Hotels Comfort Inn Jacksonville,"7843 Elm Ave, Suite 100",Jacksonville,FL,32203
CUST001996,Cleveland Bistro,"6465 Market Ave, Unit B",Cleveland,OH,44118
CUST001997,CVS Pharmacy,"1092 Harbor Ct, Ste A",Atlanta,GA,30395
CUST001998,Texas Roadhouse,8802 Commerce Blvd,Jackson,MS,39274
CUST001999,Miami Grill,2165 Lake Ave,Miami,FL,33148
CUST002000,Sonic Drive-In,"1533 Peach Rd, #101",Reno,NV,89565
CUST002001,Mama Nguyen's Pizzeria,1617 Garden Pkwy,Boston,MA,02149
CUST002002,Denny's,5223 Pine Ave,Nashville,TN,37265
CUST002003,St. Louis Wine & Spirits,2275 Willow Ct,St. Louis,MO,63140
CUST002004,Sheraton New York Times Square,"9648 Center Ln, Suite 200",Jackson,MS,39213
CUST002005,Best Western Plus Jackson,3491 Spring Pkwy,Jackson,MS,39250
CUST002006,Kroger,"2771 Valley Pkwy, Suite 100",Miami,FL,33145
CUST002007,Winn-Dixie,5382 Broad Ln,Columbus,OH,43280
CUST002008,Premier Wine & Spirits,4524 Broad Ln,Reno,NV,89534
CUST002009,Five Guys,"8587 Bay Way, Unit B",Richmond,VA,23224
CUST002010,Applebee's,5928 Magnolia Rd,Philadelphia,PA,19146
CUST002011,Tampa Bistro,"4192 River Ln, Unit B",Tampa,FL,33682
CUST002012,Yard House,1681 Union Ct,Nashville,TN,37212
CUST002013,Little Rock Bistro,6180 Center Blvd,Little Rock,AR,72272
CUST002014,Central Liquors,9051 Walnut Ct,Milwaukee,WI,53298
CUST002015,Perkins Restaurant,"5580 Pine Dr, Suite 100",Detroit,MI,48206
CUST002016,Residence Inn by Marriott Grand Rapids,"6087 Green Blvd, Suite 200",Grand Rapids,MI,49557
CUST002017,World of Beer,"2256 Union St, #101",Detroit,MI,48211
CUST002018,Staybridge Suites by IHG Springfield,4021 Green St,Springfield,IL,62757
CUST002019,Papa Garcia's,"8205 Washington Way, Unit B",Austin,TX,78767
CUST002020,P.F. Chang's,164 Magnolia Pl,New Orleans,LA,70128
CUST002021,Tucson Liquors,5285 Sunset Pl,Tucson,AZ,85705
CUST002022,Jones's BBQ,"8219 Harbor Ln, Suite 200",Seattle,WA,98138
CUST002023,Discount Liquor Mart,"5938 Peach St, Suite 100",Queens,NY,11354
CUST002024,CVS Pharmacy,"3344 Industrial Way, Suite 200",Columbia,SC,29234
CUST002025,Waffle House,"2907 Center Ct, Suite 200",Minneapolis,MN,55476
CUST002026,Walgreens,5104 Commerce Ave,Madison,WI,53788
CUST002027,Best Western Premier Memphis,7570 Garden Ct,Memphis,TN,38182
CUST002028,Walgreens,"9790 Park Way, Suite 100",Madison,WI,53738
CUST002029,Yard House,"6060 Industrial Rd, Unit B",Raleigh,NC,27623
CUST002030,Keg Liquors,4143 Main Ln,Burlington,VT,05494
CUST002031,Premier Wine & Spirits,1268 Oak Pkwy,Omaha,NE,68126
CUST002032,Los Angeles Kitchen,"7529 Commerce Ln, Ste A",Los Angeles,CA,90086
CUST002033,Down the Hatch,1470 Chestnut Rd,Miami,FL,33152
CUST002034,Radisson Springfield,"4316 Harbor Rd, #101",Springfield,IL,62760
CUST002035,Cheers Bar & Grill,195 Oak St,Brooklyn,NY,11208
CUST002036,Homewood Suites by Hilton Burlington,"7739 Pine Dr, Ste A",Burlington,VT,05483
CUST002037,Pilot Flying J #2605,1953 Peach Rd,Denver,CO,80264
CUST002038,Stop & Shop,"3700 Sunset Pl, Unit B",Cincinnati,OH,45255
CUST002039,Giant Eagle,"8766 Magnolia Pkwy, Suite 200",Colorado Springs,CO,80909
CUST002040,Marco's Seafood,"3806 Lake Dr, Suite 100",Minneapolis,MN,55403
CUST002041,Fine Wine & Spirits,"7119 Chestnut St, Suite 100",Jacksonville,FL,32293
CUST002042,Best Western Premier Indianapolis,"6270 Washington St, Ste A",Indianapolis,IN,46206
CUST002043,Sam's Club,"6497 Lake Pkwy, Suite 200",Atlanta,GA,30387
CUST002044,Chris's Seafood,"1457 Industrial Blvd, Suite 100",Kansas City,MO,64150
CUST002045,The Kansas City Grille,"3936 Cedar Blvd, Unit B",Kansas City,MO,64157
CUST002046,Hilton Garden Inn Dallas,"9209 River Way, Suite 200",Burlington,VT,05446
CUST002047,Hooters,"7893 Willow Ave, Ste A",Jacksonville,FL,32236
CUST002048,Little Rock Wine & Spirits,1981 Walnut Pkwy,Little Rock,AR,72298
CUST002049,Best Western Plus Portland,"8819 Washington Ct, Suite 200",Portland,OR,97220
CUST002050,IHOP,8190 Elm Dr,Baton Rouge,LA,70851
CUST002051,The Broken Spoke,8007 Lake Dr,Philadelphia,PA,19167
CUST002052,Choice Hotels Quality Inn Raleigh,"7625 Market Ln, #101",Raleigh,NC,27676
CUST002053,Hampton Inn Nashville,9167 Hill Ave,Dallas,TX,75294
CUST002054,Punch Bowl Social,"5026 Willow Blvd, Ste A",Providence,RI,02980
CUST002055,Aldi,6400 Cherry Pkwy,Sioux Falls,SD,57137
CUST002056,Steak 'n Shake,"8513 Union Way, Unit B",Baltimore,MD,21239
CUST002057,San Francisco Liquors,986 Commerce Way,San Francisco,CA,94161
CUST002058,House by Hyatt St. Paul,"3691 Cedar Pl, Suite 100",St. Paul,MN,55188
CUST002059,Binny's Beverage Depot,402 Pine Dr,San Diego,CA,92191
CUST002060,Casey's General Store #8561,"3038 Park Blvd, Suite 100",Honolulu,HI,96879
CUST002061,The New Orleans Grille,"4561 Oak Blvd, Ste A",New Orleans,LA,70125
CUST002062,Walgreens,"1944 Sunset Pkwy, Unit B",Pittsburgh,PA,15268
CUST002063,Ramada by Wyndham Lexington,"4382 Main Rd, Suite 100",Lexington,KY,40586
CUST002064,TGI Fridays,8109 Hill Way,Atlanta,GA,30335
CUST002065,Down the Hatch,"9582 Park Ct, #101",Virginia Beach,VA,23412
CUST002066,Williams's Diner,"4826 River Way, Unit B",Lexington,KY,40531
CUST002067,Raising Cane's,"7496 Pine Ave, Unit B",Austin,TX,78758
CUST002068,Hy-Vee,5966 Division Ln,Seattle,WA,98136
CUST002069,Fine Wine & Spirits,3774 Elm Ln,Baltimore,MD,21258
CUST002070,Piggly Wiggly,5311 Oak Ln,Portland,OR,97203
CUST002071,Detroit Bistro,610 Cherry Blvd,Detroit,MI,48238
CUST002072,The Colorado Springs Grille,"1235 Oak Rd, #101",Colorado Springs,CO,80986
CUST002073,Chipotle Mexican Grill,"9652 Highland Rd, Suite 100",Salt Lake City,UT,84103
CUST002074,Orlando Taproom,4960 Industrial St,Orlando,FL,32829
CUST002075,Main Street Liquors,7329 Bay Ln,Philadelphia,PA,19172
CUST002076,Raising Cane's,"7387 Forest Dr, #101",Dallas,TX,75262
CUST002077,Marketview Liquor,"7782 Oak Ct, Ste A",Columbus,OH,43243
CUST002078,Regency by Hyatt Tampa,7947 Forest Rd,Tampa,FL,33631
CUST002079,Outback Steakhouse,"5942 Lake Way, Suite 200",Jersey City,NJ,07354
CUST002080,Trader Joe's,"4050 Garden Dr, Suite 100",Minneapolis,MN,55440
CUST002081,Columbus Bistro,6431 Garden Blvd,Columbus,OH,43299
CUST002082,Red by Radisson Tulsa,"5619 River Ct, Suite 200",Tulsa,OK,74121
CUST002083,Old Nashville Tavern,3545 Forest St,Nashville,TN,37275
CUST002084,Casa Williams,9116 Commerce Dr,Memphis,TN,38103
CUST002085,Rossi's Pub,7953 Green Ave,Fargo,ND,58198
CUST002086,The Tap Room,"5494 Division St, Suite 100",Cleveland,OH,44109
CUST002087,Crowne Plaza by IHG San Diego,"5337 Oak Ct, Suite 100",San Diego,CA,92174
CUST002088,In-N-Out Burger,"172 Oak Pkwy, Suite 200",Little Rock,AR,72278
CUST002089,Costco Wholesale,3391 Division Rd,Atlanta,GA,30310
CUST002090,Winn-Dixie,"9784 River Ct, Suite 200",Los Angeles,CA,90050
CUST002091,Birmingham Kitchen,1801 Maple Pl,Birmingham,AL,35209
CUST002092,DeLuca Family Restaurant,"7291 Park Ct, Ste A",Las Vegas,NV,89173
CUST002093,CVS Pharmacy,"7797 Chestnut Ct, Suite 200",Kansas City,MO,64115
CUST002094,Madison Brewing Co.,"6640 Peach Ln, Unit B",Madison,WI,53765
CUST002095,The Brooklyn Grille,"1986 Broad Blvd, Ste A",Brooklyn,NY,11293
CUST002096,Papa Johnson's,"8460 Magnolia St, Unit B",Brooklyn,NY,11222
CUST002097,Discount Liquor Mart,"4613 Division St, Ste A",Indianapolis,IN,46289
CUST002098,Jim's Bar & Grill,"940 Industrial Dr, #101",St. Louis,MO,63143
CUST002099,Golden Corral,"2730 Maple St, Unit B",Lexington,KY,40512
CUST002100,Nashville Bottle Shop,3599 Walnut Way,Nashville,TN,37298
CUST002101,Bob Evans,"6916 Main Pkwy, Suite 100",Reno,NV,89513
CUST002102,La Quinta by Wyndham Little Rock,9965 Bay Ln,Little Rock,AR,72200
CUST002103,CVS Pharmacy,897 Pine St,Los Angeles,CA,90064
CUST002104,Publix,5274 Sunset Ct,San Francisco,CA,94189
CUST002105,Super 8 by Wyndham Fort Worth,"9758 Cedar Pl, Suite 200",Fort Worth,TX,76131
CUST002106,Staybridge Suites by IHG Jackson,3130 Lake Pkwy,Jackson,MS,39286
CUST002107,Sonic Drive-In,"3896 Market Rd, Ste A",Baltimore,MD,21241
CUST002108,Choice Hotels Clarion San Francisco,"6110 Elm Blvd, Suite 100",San Francisco,CA,94151
CUST002109,Super 8 by Wyndham Detroit,"9604 Garden Pl, Suite 200",Detroit,MI,48208
CUST002110,Regency by Hyatt Eugene,4498 Elm Way,Eugene,OR,97491
CUST002111,Rizzo's Pub,"7583 Highland Ln, Unit B",Jersey City,NJ,07304
CUST002112,Keg Liquors,"6369 Spring Ln, Suite 100",Philadelphia,PA,19153
CUST002113,Jones's Diner,"643 Union Ln, Ste A",Salt Lake City,UT,84119
CUST002114,Orlando Wine & Spirits,4636 Maple Dr,Orlando,FL,32865
CUST002115,Sheraton New York Times Square,"6886 Spring Ct, Suite 200",Detroit,MI,48254
CUST002116,Park Family Restaurant,"7415 Park Ave, Unit B",Newark,NJ,07123
CUST002117,Cracker Barrel,"978 Sunset Pl, Ste A",Philadelphia,PA,19135
CUST002118,Omni Dallas Hotel,"9069 Pine Blvd, #101",Austin,TX,78711
CUST002119,Tucson Grill,"9364 Sunset Dr, Suite 100",Tucson,AZ,85791
CUST002120,Stop & Shop,"5162 Spring Ln, Suite 200",Brooklyn,NY,11246
CUST002121,Springhill Suites by Marriott Omaha,8054 Broad Rd,Omaha,NE,68137
CUST002122,Anna & Frank's Steakhouse,"9359 Church Ave, #101",Anchorage,AK,99514
CUST002123,Radisson Queens,"5200 Church Dr, Ste A",Queens,NY,11342
CUST002124,Luigi's Grill,"1098 Oak Dr, Suite 200",Orlando,FL,32828
CUST002125,Stater Bros.,"5147 River Ct, Suite 100",Hartford,CT,06102
CUST002126,Chili's,1854 Lake Rd,Spokane,WA,99232
CUST002127,BJ's Wholesale Club,"317 Lake Pl, Unit B",Tucson,AZ,85772
CUST002128,Wawa #5668,"1273 Industrial Blvd, Suite 200",Wilmington,DE,19805
CUST002129,The Nguyen House,"6197 Chestnut Ln, #101",St. Paul,MN,55135
CUST002130,The Rusty Nail,"1093 Pine Dr, Suite 100",Columbia,SC,29232
CUST002131,Albuquerque Grill,3737 Highland Dr,Albuquerque,NM,87194
CUST002132,Total Wine & More,416 Spring St,Virginia Beach,VA,23460
CUST002133,Madison Kitchen,"7876 Union Pkwy, Suite 100",Madison,WI,53703
CUST002134,Rizzo's Diner,2269 Harbor Pkwy,Minneapolis,MN,55410
CUST002135,Mama Davis's Pizzeria,5976 Sunset Rd,Savannah,GA,31423
CUST002136,Giant Eagle,6548 Spring Ct,Cleveland,OH,44154
CUST002137,P.F. Chang's,"5561 Meadow Ave, Suite 200",New Orleans,LA,70103
CUST002138,IHOP,"5669 Industrial Pkwy, Unit B",San Francisco,CA,94175
CUST002139,The Tap Room,"6324 Cedar Way, Unit B",Chicago,IL,60689
CUST002140,World of Beer,8948 Sunset Rd,Anchorage,AK,99592
CUST002141,Sports Page Bar,9035 Hill Ln,Birmingham,AL,35210
CUST002142,Rite Aid,"9900 Sunset Ln, Ste A",Milwaukee,WI,53215
CUST002143,IHOP,3649 Cedar Ct,Seattle,WA,98152
CUST002144,Corner Pocket Billiards & Bar,4332 Valley Blvd,Cincinnati,OH,45249
CUST002145,Meijer,"3125 Lake Pkwy, Ste A",Burlington,VT,05416
CUST002146,Waffle House,"814 Sunset Blvd, Suite 100",Eugene,OR,97494
CUST002147,Mama Williams's Kitchen,2434 Lake Ln,Las Vegas,NV,89178
CUST002148,Aldi,"6440 Meadow Ln, Suite 100",Charlotte,NC,28218
CUST002149,Panera Bread,"1591 Park Way, Suite 100",San Diego,CA,92117
CUST002150,ampm #7317,6622 Green Rd,Colorado Springs,CO,80942
CUST002151,Food Lion,2629 Willow Pkwy,Las Vegas,NV,89116
CUST002152,Wingstop,"1562 Peach Ln, Suite 100",Sioux Falls,SD,57134
CUST002153,Perkins Restaurant,5820 Cedar Ave,Detroit,MI,48242
CUST002154,Park's BBQ,2089 Walnut Dr,Anchorage,AK,99571
CUST002155,Wawa #7768,"7557 Willow St, Ste A",Indianapolis,IN,46253
CUST002156,Reno Taproom,6575 Garden Dr,Reno,NV,89549
CUST002157,Golden Corral,5978 Pine Ct,Albuquerque,NM,87171
CUST002158,Papa Johnson's,"1458 Broad Dr, Suite 200",Baton Rouge,LA,70899
CUST002159,Red Lobster,"5193 Oak Rd, Unit B",Philadelphia,PA,19144
CUST002160,Speedway #427,"7672 Division Ct, Suite 100",Jackson,MS,39262
CUST002161,Mama Johnson's Pizzeria,"6201 Elm Dr, Suite 200",Salt Lake City,UT,84194
CUST002162,Bar Louie,"2447 Peach Ct, Unit B",Philadelphia,PA,19156
CUST002163,Holiday Inn by IHG Tulsa,"8406 Sunset Pl, #101",Tulsa,OK,74115
CUST002164,Kona Grill,633 Broad Blvd,San Antonio,TX,78294
CUST002165,The Rusty Nail,7348 Harbor Ln,St. Louis,MO,63109
CUST002166,Perkins Restaurant,"6287 Maple Blvd, #101",Baltimore,MD,21209
CUST002167,Honolulu Kitchen,"9264 Oak Pl, #101",Honolulu,HI,96834
CUST002168,Trader Joe's,"4577 Division Way, Suite 200",Memphis,TN,38189
CUST002169,ampm #726,"7088 Washington Ct, #101",San Francisco,CA,94190
CUST002170,Crowne Plaza by IHG Brooklyn,7715 Forest Dr,Brooklyn,NY,11258
CUST002171,Steak 'n Shake,"8275 Highland Ct, Ste A",Oklahoma City,OK,73135
CUST002172,Pilot Flying J #381,"3418 Chestnut Ln, #101",Madison,WI,53713
CUST002173,Mama Esposito's Kitchen,9904 Market St,Jacksonville,FL,32287
CUST002174,Old Jacksonville Tavern,5270 Highland St,Jacksonville,FL,32215
CUST002175,Residence Inn by Marriott Baltimore,"7160 Pine St, Unit B",Baltimore,MD,21248
CUST002176,Ingles Markets,"7039 River Ave, Unit B",Las Vegas,NV,89137
CUST002177,La Quinta by Wyndham Jersey City,821 Harbor Ct,Jersey City,NJ,07375
CUST002178,Sam & Al's Steakhouse,3207 Elm Pkwy,Seattle,WA,98133
CUST002179,Hyatt Place Denver,7733 Magnolia Blvd,Cincinnati,OH,45296
CUST002180,Mama Jones's,9485 Green Pl,Phoenix,AZ,85008
CUST002181,Waffle House,"415 Hill Ct, Ste A",Eugene,OR,97422
CUST002182,Omni Dallas Hotel,"2613 River St, #101",Salt Lake City,UT,84165
CUST002183,Whole Foods Market,"1971 Walnut St, Suite 200",Tampa,FL,33627
CUST002184,Binny's Beverage Depot,8932 Maple Rd,Hartford,CT,06103
CUST002185,Romano's BBQ,285 Commerce Pkwy,Columbia,SC,29229
CUST002186,Trader Joe's,"6446 Maple Ct, Unit B",Boston,MA,02100
CUST002187,Las Vegas Taproom,9037 Harbor Ave,Las Vegas,NV,89174
CUST002188,Papa Kim's,"2902 Garden Pkwy, Suite 200",Tulsa,OK,74164
CUST002189,Publix,"855 Hill Ln, Suite 100",Portland,OR,97204
CUST002190,Sam's Club,"4033 Division Rd, Unit B",Madison,WI,53795
CUST002191,Mama Rossi's Kitchen,996 Lake Ct,Kansas City,MO,64168
CUST002192,The Rusty Nail,"6927 Cedar Pkwy, Ste A",Tucson,AZ,85730
CUST002193,Circle K #7190,"6139 River Ln, Suite 100",Milwaukee,WI,53290
CUST002194,In-N-Out Burger,"4821 Hill St, Unit B",Columbus,OH,43232
CUST002195,TGI Fridays,4080 Pine Ct,Tucson,AZ,85716
CUST002196,Total Wine & More,"1703 Willow St, Suite 100",Queens,NY,11365
CUST002197,Cheers Bar & Grill,"3580 Commerce Blvd, #101",Virginia Beach,VA,23435
CUST002198,Holiday Inn Express Boston,"775 Cherry Ct, Ste A",Savannah,GA,31424
CUST002199,Smart & Final,"8010 Union Pkwy, Suite 100",Cleveland,OH,44165
CUST002200,Aldi,396 Spring Way,Omaha,NE,68114
CUST002201,Fine Wine & Spirits,"7649 Washington Rd, Suite 100",Chicago,IL,60636
CUST002202,Mama Rossi's Kitchen,817 Forest Rd,Phoenix,AZ,85083
CUST002203,The Bottle Shop,"2431 Meadow Ct, #101",Baton Rouge,LA,70845
CUST002204,Springhill Suites by Marriott Fort Worth,"5927 Garden Pkwy, Unit B",Fort Worth,TX,76183
CUST002205,Sunset Lounge,"1424 Main Rd, #101",Springfield,IL,62794
CUST002206,Days Inn by Wyndham Jacksonville,"2157 Church Dr, Suite 100",Jacksonville,FL,32259
CUST002207,Denny's,"2778 Bay Ave, Ste A",San Diego,CA,92106
CUST002208,Mama Kim's Pizzeria,1783 Magnolia Pl,Annapolis,MD,21487
CUST002209,Sheetz #4081,"8072 River Ct, #101",Birmingham,AL,35237
CUST002210,TGI Fridays,"9901 Garden Way, Ste A",Minneapolis,MN,55405
CUST002211,Casa Jones,"7504 Division Ln, Suite 100",Baton Rouge,LA,70873
CUST002212,Marriott Houston Downtown,"4933 Pine Dr, Suite 200",Nashville,TN,37266
CUST002213,Cheers Bar & Grill,"8689 Hill Dr, Ste A",San Antonio,TX,78206
CUST002214,Total Spirits Detroit,"4863 River Pkwy, Ste A",Detroit,MI,48233
CUST002215,Shake Shack,5089 Union Rd,Nashville,TN,37265
CUST002216,Old Salt Lake City Tavern,1832 Market Rd,Salt Lake City,UT,84123
CUST002217,Cracker Barrel,"9677 Valley St, #101",Miami,FL,33195
CUST002218,HEB,6721 River Ave,Oklahoma City,OK,73167
CUST002219,Panera Bread,"1321 Church Ln, Unit B",Spokane,WA,99257
CUST002220,Casey's General Store #7467,"7402 Meadow Ave, #101",Spokane,WA,99241
CUST002221,IHOP,"5384 Magnolia Ln, #101",San Diego,CA,92123
CUST002222,Love's Travel Stop #3529,"7440 Elm Ln, #101",Dallas,TX,75266
CUST002223,Papa Kim's,"8224 Division Pkwy, Suite 200",Oklahoma City,OK,73196
CUST002224,The Draft House,3058 Meadow Ln,Virginia Beach,VA,23442
CUST002225,Mama Martinez's,"6313 Chestnut Way, Suite 100",New York,NY,10006
CUST002226,Old San Antonio Tavern,"3069 Hill Pkwy, Suite 100",San Antonio,TX,78263
CUST002227,Dave & Buster's,"1523 Garden Ct, Unit B",Buffalo,NY,14295
CUST002228,Red Lobster,"7986 Harbor Way, Suite 100",Los Angeles,CA,90017
CUST002229,Punch Bowl Social,5343 Park Ln,Annapolis,MD,21456
CUST002230,Mama Park's Pizzeria,"2424 Market St, Suite 100",Charlotte,NC,28254
CUST002231,Sonic Drive-In,8876 Union Rd,Hartford,CT,06196
CUST002232,Red Lobster,"2889 Union Way, #101",Portland,OR,97210
CUST002233,ampm #5484,"8579 Valley Ave, Ste A",Columbus,OH,43242
CUST002234,Marco's Seafood,9741 Chestnut Ln,Albuquerque,NM,87148
CUST002235,The Blue Saddle,8886 Meadow Ct,Hartford,CT,06121
CUST002236,Raley's,"2665 Industrial Pl, Suite 200",Dallas,TX,75291
CUST002237,Residence Inn by Marriott Wilmington,9914 Spring Rd,Wilmington,DE,19897
CUST002238,Red Robin,"3339 Lake Ave, Unit B",Detroit,MI,48264
CUST002239,Ritz-Carlton New Orleans,"9079 Cedar Pl, #101",Sacramento,CA,95896
CUST002240,Miller's Diner,"3090 Meadow Ave, Suite 100",Minneapolis,MN,55492
CUST002241,Nguyen Family Restaurant,2365 Union St,Jersey City,NJ,07370
CUST002242,Casa Johnson,"1216 Highland Pl, Ste A",Pittsburgh,PA,15298
CUST002243,Sports Page Bar,"9985 Spring Ln, Suite 200",Pittsburgh,PA,15294
CUST002244,Ingles Markets,"6071 Church Rd, Suite 200",Memphis,TN,38154
CUST002245,Golden Corral,7282 Pine Rd,Annapolis,MD,21450
CUST002246,Raising Cane's,"8979 Harbor Dr, #101",Queens,NY,11307
CUST002247,Albertsons,"6536 Chestnut Blvd, Suite 200",Lexington,KY,40578
CUST002248,Indianapolis Diner,2362 Valley Way,Indianapolis,IN,46295
CUST002249,The Cleveland Grille,"4150 Spring Ct, Suite 200",Cleveland,OH,44171
CUST002250,Total Spirits Pittsburgh,"4706 Highland Ln, Suite 100",Pittsburgh,PA,15216
CUST002251,Salt Lake City Diner,6872 Meadow Ave,Salt Lake City,UT,84141
CUST002252,Yard House,8523 Magnolia Ave,Seattle,WA,98168
CUST002253,Mama Patel's,"479 Harbor Way, Ste A",Pittsburgh,PA,15206
CUST002254,Best Western Premier Salt Lake City,"6910 Green Ln, Suite 100",Salt Lake City,UT,84166
CUST002255,Stater Bros.,8185 Oak Pl,Louisville,KY,40225
CUST002256,Corner Pocket Billiards & Bar,"1214 Green Blvd, Unit B",Richmond,VA,23253
CUST002257,Waffle House,"9983 Main Blvd, Suite 100",Brooklyn,NY,11200
CUST002258,Choice Hotels Clarion Little Rock,5783 Valley Rd,Little Rock,AR,72282
CUST002259,Premier Wine & Spirits,"7011 Industrial Dr, Ste A",Phoenix,AZ,85072
CUST002260,Danny's Seafood,8600 Cedar Rd,Madison,WI,53716
CUST002261,Bob Evans,"6042 Commerce Ave, Suite 100",Albuquerque,NM,87103
CUST002262,Wingstop,"6610 Willow Rd, Unit B",Seattle,WA,98122
CUST002263,Neighborhood Bar & Grill,"2995 Union Pl, Unit B",San Francisco,CA,94162
CUST002264,P.F. Chang's,"9811 Harbor Way, Ste A",Sioux Falls,SD,57190
CUST002265,Best Western Brooklyn,1121 Walnut Pkwy,Brooklyn,NY,11230
CUST002266,Waffle House,"8143 Cherry Dr, Suite 200",Lexington,KY,40567
CUST002267,7-Eleven Store #3997,2469 Chestnut Dr,Indianapolis,IN,46235
CUST002268,Red Lobster,5733 Broad Blvd,Baltimore,MD,21233
CUST002269,Whataburger,3937 Broad Ave,Nashville,TN,37217
CUST002270,Nguyen's Diner,6945 Garden St,Las Vegas,NV,89173
CUST002271,Mama Rossi's,"4868 Spring Ln, Suite 200",Queens,NY,11379
CUST002272,Newark Kitchen,"3459 Park Ave, Unit B",Newark,NJ,07140
CUST002273,Circle K #9639,829 Commerce Blvd,Little Rock,AR,72292
CUST002274,Neighborhood Bar & Grill,987 Meadow Blvd,Pittsburgh,PA,15211
CUST002275,The Rusty Nail,3225 Magnolia Ln,Lexington,KY,40579
CUST002276,Rite Aid,"4053 Peach Ln, Ste A",Detroit,MI,48205
CUST002277,Rite Aid,1940 Cherry Dr,Philadelphia,PA,19199
CUST002278,Binny's Beverage Depot,1630 Oak Blvd,New York,NY,10069
CUST002279,Bob Evans,2720 Willow Pl,Denver,CO,80271
CUST002280,Denny's,"3066 Washington Pkwy, Ste A",Providence,RI,02904
CUST002281,Williams's Tavern,2822 Magnolia Ave,Baton Rouge,LA,70834
CUST002282,Olive Garden,"758 Hill Blvd, Unit B",Tampa,FL,33658
CUST002283,Chili's,"2161 Green Rd, Suite 200",Kansas City,MO,64154
CUST002284,Tom & Maria's Steakhouse,"7522 River Ave, #101",Denver,CO,80204
CUST002285,The Cheesecake Factory,"7805 Magnolia Ln, Suite 100",Jersey City,NJ,07339
CUST002286,Binny's Beverage Depot,"8257 Cherry Dr, Ste A",Nashville,TN,37272
CUST002287,Place by Hyatt Tulsa,9942 Oak St,Tulsa,OK,74183
CUST002288,Neighborhood Bar & Grill,3964 Pine Ave,Jackson,MS,39223
CUST002289,The Broken Spoke,8217 Highland Dr,Sioux Falls,SD,57142
CUST002290,Radisson Fort Worth,9156 Church Blvd,Fort Worth,TX,76116
CUST002291,Main Street Liquors,"5639 Spring Blvd, #101",Springfield,IL,62707
CUST002292,Mama Park's Pizzeria,4153 Green Pkwy,Sioux Falls,SD,57142
CUST002293,Giant Eagle,4038 Washington Pkwy,Richmond,VA,23222
CUST002294,San Francisco Brewing Co.,"7957 Meadow Rd, Unit B",San Francisco,CA,94173
CUST002295,IHOP,6006 Park Pkwy,Charleston,SC,29427
CUST002296,Rite Aid,3404 Union Way,Indianapolis,IN,46288
CUST002297,Keg Liquors,"6849 Maple Blvd, Ste A",Las Vegas,NV,89100
CUST002298,Wingstop,"9012 Cedar Blvd, Ste A",Richmond,VA,23235
CUST002299,Casa Chen,2515 Pine Pkwy,Cleveland,OH,44158
CUST002300,New Orleans Ale House,3595 Forest Pkwy,New Orleans,LA,70185
CUST002301,Sports Page Bar,3301 Walnut Ave,Columbus,OH,43226
CUST002302,Panera Bread,4263 Spring Ct,Miami,FL,33185
CUST002303,Papa Rossi's,"9197 Hill Blvd, #101",San Diego,CA,92156
CUST002304,Springhill Suites by Marriott Sacramento,5524 Commerce Pkwy,Sacramento,CA,95807
CUST002305,P.F. Chang's,"9231 Walnut Pkwy, #101",Raleigh,NC,27693
CUST002306,ABC Fine Wine & Spirits,6582 Elm Pl,Queens,NY,11348
CUST002307,Dave & Buster's,8308 Sunset Ln,Raleigh,NC,27675
CUST002308,Waffle House,8956 Chestnut Rd,Houston,TX,77033
CUST002309,Trader Joe's,1270 Church Ave,Omaha,NE,68193
CUST002310,The Rusty Nail,9479 Green Ave,Milwaukee,WI,53288
CUST002311,Papa Garcia's,"9815 River Ave, Suite 100",New York,NY,10022
CUST002312,Chili's,"6184 Oak Rd, #101",Birmingham,AL,35278
CUST002313,Ferreira Kitchen,"2236 Sunset Ave, #101",Baton Rouge,LA,70869
CUST002314,Denver Ale House,"2441 Chestnut St, #101",Denver,CO,80293
CUST002315,Circle K #7604,1088 Walnut Pkwy,Jackson,MS,39219
CUST002316,Walgreens,248 Spring Ct,Jersey City,NJ,07316
CUST002317,Choice Hotels Comfort Inn Cleveland,"1947 Harbor Rd, Suite 100",Cleveland,OH,44160
CUST002318,Philadelphia Grill,"8114 Garden Ln, Suite 200",Philadelphia,PA,19119
CUST002319,Outback Steakhouse,"7617 Peach Ave, Ste A",New Orleans,LA,70105
CUST002320,Brown's BBQ,"2655 Peach Blvd, Suite 100",Eugene,OR,97449
CUST002321,Perkins Restaurant,"9783 Broad Ct, #101",Eugene,OR,97441
CUST002322,Garden Inn by Hilton Savannah,2410 Division Dr,Savannah,GA,31466
CUST002323,The Brown House,5742 Highland Blvd,Milwaukee,WI,53205
CUST002324,DeLuca's Tavern,"6610 Cherry St, Ste A",Jacksonville,FL,32208
CUST002325,Cheers Bar & Grill,9086 Green Ave,Phoenix,AZ,85047
CUST002326,Annapolis Liquors,"9182 Walnut Ave, #101",Annapolis,MD,21411
CUST002327,Smart & Final,"9329 Bay St, Unit B",Chicago,IL,60679
CUST002328,Steak 'n Shake,"8725 Union St, Unit B",Nashville,TN,37280
CUST002329,Holiday Inn Express by IHG Charleston,4099 Magnolia Blvd,Charleston,SC,29417
CUST002330,Cracker Barrel,5326 Church Blvd,Sacramento,CA,95889
CUST002331,The Tap Room,"5478 Valley Ave, Ste A",Columbia,SC,29233
CUST002332,Garden Inn by Hilton Wilmington,"1260 Hill St, Ste A",Wilmington,DE,19846
CUST002333,Joe & Marco's Steakhouse,"8219 Division Way, Suite 200",Newark,NJ,07135
CUST002334,Park's Pub,"4264 Maple Pl, #101",Salt Lake City,UT,84113
CUST002335,Baton Rouge Tap Room,"5256 Commerce Pl, Suite 200",Baton Rouge,LA,70894
CUST002336,Mama Romano's,"9763 Oak Way, Suite 100",Burlington,VT,05450
CUST002337,Bob Evans,"6763 Meadow St, Ste A",Eugene,OR,97464
CUST002338,Meijer,934 Oak Blvd,Cincinnati,OH,45232
CUST002339,Golden Corral,"4673 Cherry Ln, Suite 200",Jackson,MS,39200
CUST002340,Casa Rizzo,1217 Market Ct,Spokane,WA,99265
CUST002341,Red Robin,"3171 Washington Pkwy, #101",San Antonio,TX,78246
CUST002342,Bar Louie,"8167 Sunset Dr, Unit B",Chicago,IL,60647
CUST002343,TGI Fridays,398 Washington Pkwy,Fort Worth,TX,76151
CUST002344,LongHorn Steakhouse,"2154 Main Rd, #101",Buffalo,NY,14220
CUST002345,Chili's,"1554 Green Blvd, Suite 100",Seattle,WA,98165
CUST002346,Springfield Kitchen,"7239 Division St, Unit B",Springfield,IL,62792
CUST002347,The Rusty Nail,5193 Hill Pl,Columbus,OH,43290
CUST002348,House by Hyatt Jackson,2495 Highland Pkwy,Jackson,MS,39284
CUST002349,Mama Miller's Pizzeria,4244 Main Dr,San Diego,CA,92143
CUST002350,Choice Hotels Econo Lodge Annapolis,"2554 Meadow Way, Suite 200",Annapolis,MD,21453
CUST002351,Chili's,3746 Oak Ln,Cincinnati,OH,45202
CUST002352,Hyatt Place Denver,3195 Washington Pl,Providence,RI,02963
CUST002353,Sam's Club,8667 Spring Pkwy,New York,NY,10046
CUST002354,The Smith House,4273 Hill Way,Newark,NJ,07117
CUST002355,The Bottle Shop,"3155 Magnolia Way, Suite 200",St. Paul,MN,55182
CUST002356,Denny's,8180 Highland Dr,Eugene,OR,97403
CUST002357,Papa Romano's,4869 Oak Pl,Minneapolis,MN,55499
CUST002358,Casey's General Store #4036,2013 Commerce Ave,Baltimore,MD,21293
CUST002359,Pilot Flying J #3268,1610 Market St,Jackson,MS,39294
CUST002360,Trader Joe's,"8096 Garden Dr, Ste A",Chicago,IL,60638
CUST002361,Homewood Suites by Hilton Miami,1544 Pine Ln,Miami,FL,33144
CUST002362,Doubletree by Hilton Seattle,7853 Maple Ave,Charleston,SC,29454
CUST002363,Kona Grill,"5659 Elm Ct, #101",Birmingham,AL,35277
CUST002364,Fine Wine & Spirits,"6842 Pine Way, Suite 100",Philadelphia,PA,19161
CUST002365,Best Western Phoenix,1405 Garden Ave,Phoenix,AZ,85053
CUST002366,Hy-Vee,"4359 Division Blvd, Suite 100",Jacksonville,FL,32235
CUST002367,Kroger,"7758 Washington Way, Ste A",Jacksonville,FL,32207
CUST002368,Denny's,8712 Walnut Pl,New Orleans,LA,70125
CUST002369,Sacramento Diner,"9343 Green Pl, Ste A",Sacramento,CA,95842
CUST002370,World of Beer,"6584 Commerce Ct, #101",Honolulu,HI,96882
CUST002371,Choice Hotels Comfort Inn Charleston,4083 Park Ln,Charleston,SC,29404
CUST002372,TGI Fridays,"3969 Industrial Way, Suite 100",Burlington,VT,05486
CUST002373,WinCo Foods,"9458 Sunset Dr, Suite 100",Miami,FL,33194
CUST002374,Publix,6777 Green Ln,Birmingham,AL,35204
CUST002375,Total Spirits Grand Rapids,"3477 Magnolia Pl, Suite 100",Grand Rapids,MI,49564
CUST002376,Bar Louie,6185 Elm Dr,Las Vegas,NV,89151
CUST002377,Memphis Bottle Shop,"9013 Chestnut Ave, Suite 100",Memphis,TN,38189
CUST002378,Miller's Diner,6795 Magnolia St,San Francisco,CA,94164
CUST002379,Ingles Markets,"8956 Highland Pl, Suite 100",Orlando,FL,32898
CUST002380,Eddie's Grill,"7577 Commerce Ct, Suite 200",Miami,FL,33107
CUST002381,Sheetz #6509,"3323 Willow Rd, #101",Richmond,VA,23254
CUST002382,Red by Radisson Spokane,"1893 Market Ct, Suite 100",Spokane,WA,99274
CUST002383,P.F. Chang's,"3770 Meadow Rd, #101",Boston,MA,02147
CUST002384,Birmingham Grill,"7016 Green Pl, Ste A",Birmingham,AL,35217
CUST002385,Days Inn by Wyndham Spokane,"9269 Peach Way, Suite 200",Spokane,WA,99296
CUST002386,San Diego Ale House,"1541 Oak Ln, Suite 100",San Diego,CA,92116
CUST002387,Premier Wine & Spirits,"1763 Hill Way, Ste A",San Antonio,TX,78226
CUST002388,Mama Nguyen's Kitchen,"5312 Washington Ct, Unit B",Worcester,MA,01646
CUST002389,Sheetz #3664,4588 Park Way,Seattle,WA,98101
CUST002390,Garcia's Tavern,"6280 Main Ln, Suite 100",New Orleans,LA,70151
CUST002391,The Tap Room,"5399 Forest Rd, Unit B",Little Rock,AR,72284
CUST002392,Liquor Barn,"8153 River Ct, Suite 100",Jersey City,NJ,07333
CUST002393,Hampton Inn by Hilton Memphis,1925 Garden St,Memphis,TN,38121
CUST002394,St. Paul Taproom,"8463 Spring Way, #101",St. Paul,MN,55102
CUST002395,The Cheesecake Factory,"4354 Park Dr, Suite 100",Pittsburgh,PA,15200
CUST002396,The Rusty Nail,"8637 Garden Pl, Unit B",Houston,TX,77067
CUST002397,Bob's Grill,"2310 Market Ct, Suite 200",Baltimore,MD,21299
CUST002398,Outback Steakhouse,"2708 Garden St, Ste A",Portland,OR,97203
CUST002399,Piggly Wiggly,8432 Main St,Richmond,VA,23274
CUST002400,Rizzo Kitchen,"9723 Cherry Pl, Suite 200",Annapolis,MD,21435
CUST002401,Sal's Seafood,3848 Union Ave,Buffalo,NY,14220
CUST002402,Hy-Vee,"2971 Meadow Blvd, Ste A",Los Angeles,CA,90070
CUST002403,Chipotle Mexican Grill,9401 Forest Ln,San Francisco,CA,94130
CUST002404,Bar Louie,"7629 Division Way, Suite 200",Phoenix,AZ,85029
CUST002405,Best Western Premier Columbus,"2324 Elm Ln, Suite 200",Columbus,OH,43213
CUST002406,Premier Wine & Spirits,"388 Church Pkwy, Ste A",Charleston,SC,29478
CUST002407,Outback Steakhouse,"4605 Bay Ln, Ste A",Burlington,VT,05418
CUST002408,ABC Fine Wine & Spirits,2236 Washington Dr,Cincinnati,OH,45214
CUST002409,Casa Davis,9840 Green Ave,Phoenix,AZ,85089
CUST002410,Piggly Wiggly,"4227 Cherry Pkwy, Ste A",Savannah,GA,31417
CUST002411,P.F. Chang's,1967 Cherry Ct,Anchorage,AK,99558
CUST002412,Blu by Radisson Las Vegas,"5792 Harbor Blvd, Suite 100",Las Vegas,NV,89116
CUST002413,Shake Shack,482 Chestnut Ln,Brooklyn,NY,11284
CUST002414,Liquor Barn,"4374 Harbor Pl, Suite 200",Memphis,TN,38193
CUST002415,Wingstop,8686 Meadow Ave,Columbus,OH,43207
CUST002416,Fairfield Inn by Marriott Minneapolis,"6612 Union St, #101",Minneapolis,MN,55457
CUST002417,Texas Roadhouse,"8153 River Pl, #101",Oklahoma City,OK,73130
CUST002418,Lidl,"889 Pine Rd, Suite 200",Atlanta,GA,30374
CUST002419,BevMo,"6478 Hill Way, Ste A",Annapolis,MD,21425
CUST002420,Honolulu Diner,"6426 Valley Pl, Unit B",Honolulu,HI,96882
CUST002421,Total Wine & More,"8788 Spring Way, Suite 100",Annapolis,MD,21426
CUST002422,CVS Pharmacy,"4568 Broad Pl, Unit B",Tampa,FL,33639
CUST002423,Sonic Drive-In,8277 Industrial Pl,Las Vegas,NV,89168
CUST002424,Gino's Bar & Grill,"956 Valley Pl, Unit B",New York,NY,10051
CUST002425,Sam's Club,"8890 Willow Pl, Unit B",Omaha,NE,68156
CUST002426,Walgreens,"8757 River Blvd, #101",San Diego,CA,92145
CUST002427,Ray's Bar & Grill,9624 Chestnut Dr,Baltimore,MD,21216
CUST002428,ABC Fine Wine & Spirits,"2253 Washington Ave, #101",Jackson,MS,39279
CUST002429,Costco Wholesale,"5439 Green St, Ste A",Jacksonville,FL,32294
CUST002430,LongHorn Steakhouse,"1045 Broad Way, Unit B",Jacksonville,FL,32212
CUST002431,HEB,2536 Magnolia Way,Queens,NY,11309
CUST002432,Denny's,"5233 Valley Ave, #101",Sacramento,CA,95878
CUST002433,Trader Joe's,8774 Church Blvd,Salt Lake City,UT,84118
CUST002434,Neighborhood Bar & Grill,3229 Market Blvd,Seattle,WA,98101
CUST002435,Cheers Bar & Grill,4777 Washington Ln,New York,NY,10064
CUST002436,The Kim House,"1288 Magnolia Pkwy, Ste A",Colorado Springs,CO,80996
CUST002437,Best Western Premier Boston,"5466 Elm Ct, Unit B",Boston,MA,02112
CUST002438,Premier Wine & Spirits,8826 Spring Ln,Annapolis,MD,21427
CUST002439,Waffle House,"9732 Hill Ln, #101",Hartford,CT,06151
CUST002440,The Johnson House,"9127 Meadow Ln, Suite 200",Columbia,SC,29246
CUST002441,Cincinnati Diner,8927 Peach Ln,Cincinnati,OH,45298
CUST002442,Red Robin,"8102 Lake Rd, Unit B",Spokane,WA,99238
CUST002443,Hilton Garden Inn Dallas,"4527 Pine Blvd, Unit B",Pittsburgh,PA,15266
CUST002444,ABC Fine Wine & Spirits,3101 Center Way,Kansas City,MO,64140
CUST002445,Speedway #4177,7472 Highland Way,Memphis,TN,38192
CUST002446,Central Liquors,6790 Cherry St,San Francisco,CA,94106
CUST002447,Eddie's Seafood,"3449 Willow Pkwy, Unit B",Indianapolis,IN,46270
CUST002448,The Cheesecake Factory,"9151 Magnolia Rd, Ste A",San Antonio,TX,78295
CUST002449,CVS Pharmacy,"7462 Commerce Rd, Unit B",San Antonio,TX,78288
CUST002450,Piggly Wiggly,"8800 Lake Ln, Suite 100",Sacramento,CA,95801
CUST002451,Hilton Garden Inn Dallas,1725 Chestnut Way,Charlotte,NC,28271
CUST002452,Albertsons,"5774 Highland Pl, #101",Austin,TX,78777
CUST002453,Romano's Liquor Store,"379 Park Rd, Suite 200",Orlando,FL,32822
CUST002454,Central Liquors,"1983 Pine Way, #101",Savannah,GA,31403
CUST002455,Casey's General Store #1985,6794 Park Pkwy,Buffalo,NY,14276
CUST002456,The Wild Spur,"6761 Spring Dr, Unit B",Brooklyn,NY,11262
CUST002457,New York Bistro,"9620 Cherry Pkwy, #101",New York,NY,10073
CUST002458,Shake Shack,2292 Maple St,Tampa,FL,33619
CUST002459,Mama Brown's Pizzeria,"682 Lake Blvd, #101",Eugene,OR,97478
CUST002460,Panera Bread,"913 Park Ct, Ste A",Tulsa,OK,74157
CUST002461,Crowne Plaza by IHG Tampa,"5407 Meadow Dr, Suite 200",Tampa,FL,33698
CUST002462,Bob Evans,"1365 Main Rd, Unit B",Phoenix,AZ,85001
CUST002463,In-N-Out Burger,"6901 Commerce Ln, #101",Tucson,AZ,85783
CUST002464,Rizzo's BBQ,"3868 Elm Pl, Suite 100",Jersey City,NJ,07340
CUST002465,P.F. Chang's,"3785 Bay Blvd, Suite 100",Tampa,FL,33653
CUST002466,Salt Lake City Tap Room,1308 Highland Ave,Salt Lake City,UT,84133
CUST002467,DoubleTree by Hilton Kansas City,1954 Chestnut Rd,Kansas City,MO,64129
CUST002468,CVS Pharmacy,4919 Church Way,Sacramento,CA,95833
CUST002469,Papa Kim's,"2974 Cedar St, #101",Baltimore,MD,21207
CUST002470,Chili's,"6731 Union Blvd, Unit B",Jackson,MS,39203
CUST002471,Martinez Kitchen,8727 Washington St,Tulsa,OK,74145
CUST002472,Sam's Club,3202 Valley Ln,Austin,TX,78792
CUST002473,Springhill Suites by Marriott St. Louis,"7904 Maple Ave, Suite 200",St. Louis,MO,63128
CUST002474,Choice Hotels Quality Inn Madison,1930 Cherry St,Madison,WI,53725
CUST002475,Hy-Vee,5562 Main Ln,Lexington,KY,40500
CUST002476,Mama Johnson's Kitchen,"7129 Park Pkwy, #101",Lexington,KY,40582
CUST002477,GetGo #7864,"9293 Main Pl, Suite 200",Los Angeles,CA,90077
CUST002478,LongHorn Steakhouse,5628 Union Ave,Annapolis,MD,21494
CUST002479,DoubleTree by Hilton Las Vegas,"3040 Spring Way, Ste A",Las Vegas,NV,89188
CUST002480,Corner Pocket Billiards & Bar,"7918 Commerce Ct, Unit B",Philadelphia,PA,19119
CUST002481,Liquor Barn,7993 Washington Way,Annapolis,MD,21412
CUST002482,LongHorn Steakhouse,"8902 Sunset St, Suite 200",Los Angeles,CA,90073
CUST002483,Steak 'n Shake,5746 Sunset Ct,Baton Rouge,LA,70873
CUST002484,In-N-Out Burger,"1014 Maple Rd, Unit B",Annapolis,MD,21493
CUST002485,Central Liquors,"4343 Industrial Ln, Unit B",Fort Worth,TX,76196
CUST002486,Neighborhood Bar & Grill,"579 Sunset Pl, #101",Detroit,MI,48272
CUST002487,Danny's Seafood,"4264 Pine Dr, Suite 200",Baton Rouge,LA,70872
CUST002488,P.F. Chang's,"6330 Lake Ave, #101",Louisville,KY,40240
CUST002489,Best Western Premier Madison,"8682 Cedar Blvd, Ste A",Madison,WI,53769
CUST002490,Chipotle Mexican Grill,"7326 Spring Ct, #101",Charleston,SC,29452
CUST002491,Regency by Hyatt Jackson,2215 Union Way,Jackson,MS,39224
CUST002492,Aldi,"2583 Willow Ln, #101",San Francisco,CA,94101
CUST002493,Best Western Plus Raleigh,8719 Cedar Pkwy,Raleigh,NC,27661
CUST002494,Wegmans,"4488 Broad Rd, Ste A",Kansas City,MO,64180
CUST002495,Perkins Restaurant,"8795 Bay Ave, Suite 200",Virginia Beach,VA,23463
CUST002496,Hy-Vee,"2068 Harbor Pl, Suite 200",Austin,TX,78704
CUST002497,CVS Pharmacy,"5391 Hill St, Suite 200",Hartford,CT,06182
CUST002498,Punch Bowl Social,"5718 Lake Dr, Unit B",Spokane,WA,99249
CUST002499,Davis's Diner,"1925 Spring St, #101",Fargo,ND,58146
CUST002500,Boston Grill,192 Peach Ln,Boston,MA,02137
CUST002501,BevMo,2596 Market Pl,Memphis,TN,38154
CUST002502,Publix,"1666 Market Ct, #101",Reno,NV,89564
CUST002503,Central Liquors,"711 Lake Rd, #101",San Diego,CA,92130
CUST002504,The Rusty Nail,"572 Main Ln, Unit B",Worcester,MA,01671
CUST002505,Twin Peaks,"4177 Broad Ave, #101",Oklahoma City,OK,73156
CUST002506,Mama Romano's Kitchen,6495 Garden Ln,Detroit,MI,48216
CUST002507,DoubleTree by Hilton St. Louis,"2186 Green Ct, #101",St. Louis,MO,63123
CUST002508,Hyatt Place Denver,1159 Division Way,Newark,NJ,07149
CUST002509,Ferreira's Diner,2551 Garden Rd,San Diego,CA,92184
CUST002510,House by Hyatt San Francisco,"6083 Spring Ln, #101",San Francisco,CA,94165
CUST002511,Giant Eagle,"3390 Sunset Pkwy, #101",New Orleans,LA,70173
CUST002512,Choice Hotels Comfort Inn Colorado Springs,"7801 Garden Blvd, #101",Colorado Springs,CO,80980
CUST002513,Bob Evans,"7371 Willow Dr, Suite 100",Wilmington,DE,19803
CUST002514,Chipotle Mexican Grill,329 Oak Pkwy,Columbus,OH,43204
CUST002515,BevMo,7414 Bay Pkwy,Kansas City,MO,64115
CUST002516,Costco Wholesale,"2073 Oak Rd, Suite 200",Salt Lake City,UT,84167
CUST002517,Love's Travel Stop #8420,2359 Division St,San Diego,CA,92100
CUST002518,Cheers Bar & Grill,2111 Walnut Way,Providence,RI,02918
CUST002519,Binny's Beverage Depot,"2088 Magnolia Ave, #101",Portland,OR,97255
CUST002520,Lidl,6047 Washington Rd,Tulsa,OK,74195
CUST002521,Applebee's,4578 Elm Ct,Jacksonville,FL,32276
CUST002522,Liquor Barn,8632 Valley Pl,Raleigh,NC,27623
CUST002523,Applebee's,"1251 Green Dr, Ste A",Miami,FL,33163
CUST002524,Johnson Kitchen,7745 Sunset Pl,Jacksonville,FL,32270
CUST002525,Ferreira Family Restaurant,"6895 Main Dr, Unit B",Philadelphia,PA,19184
CUST002526,Keg Liquors,6359 Oak Rd,Spokane,WA,99296
CUST002527,Central Liquors,"5288 Center Ave, Suite 100",Houston,TX,77089
CUST002528,Mama Garcia's,"4656 Church Dr, Unit B",Baton Rouge,LA,70888
CUST002529,Columbia Kitchen,"8875 Garden Rd, Ste A",Columbia,SC,29250
CUST002530,Whataburger,"1393 Division Ln, Suite 200",Los Angeles,CA,90045
CUST002531,Gino's Grill,"8438 Cherry Ct, Suite 200",Louisville,KY,40210
CUST002532,Marketview Liquor,9352 Market Way,Annapolis,MD,21415
CUST002533,Mama Patel's Kitchen,447 Center Pkwy,Jacksonville,FL,32223
CUST002534,Choice Hotels Clarion Nashville,"5278 Pine Ct, Suite 200",Nashville,TN,37294
CUST002535,Bar Louie,"8203 Cherry Rd, Unit B",Louisville,KY,40277
CUST002536,Buffalo Wild Wings,"802 Union Ct, #101",Fort Worth,TX,76162
CUST002537,Albertsons,"5717 Cedar Ct, Suite 200",Kansas City,MO,64123
CUST002538,The Rusty Nail,2142 Forest Dr,San Francisco,CA,94175
CUST002539,The Tap Room,1868 Cherry Way,Las Vegas,NV,89169
CUST002540,Fine Wine & Spirits,6778 Lake Way,Richmond,VA,23223
CUST002541,Brown's Pub,9465 Cedar Ct,San Antonio,TX,78268
CUST002542,Davis's BBQ,2143 Peach Ct,San Diego,CA,92178
CUST002543,Rite Aid,"8769 Industrial Pkwy, #101",Burlington,VT,05413
CUST002544,Spec's Liquor,7690 Cedar St,Houston,TX,77060
CUST002545,Punch Bowl Social,"9268 Park Ln, #101",Oklahoma City,OK,73123
CUST002546,Indianapolis Brewing Co.,3423 Church Blvd,Indianapolis,IN,46288
CUST002547,Best Western Denver,"6387 Elm Pkwy, Ste A",Denver,CO,80276
CUST002548,IHOP,3530 Bay Ln,Miami,FL,33180
CUST002549,Jones Family Restaurant,9115 Broad Blvd,Albuquerque,NM,87129
CUST002550,Kona Grill,"2023 Main Rd, Suite 200",Newark,NJ,07114
CUST002551,Wawa #3495,5390 Market Ln,Queens,NY,11307
CUST002552,Papa Chen's,2549 Meadow Pkwy,Wilmington,DE,19828
CUST002553,Doubletree by Hilton Seattle,"1813 Division Pl, Unit B",San Antonio,TX,78292
CUST002554,Red Lobster,"7123 Park Way, Ste A",Tucson,AZ,85742
CUST002555,Loews Hotel Philadelphia,"4329 Elm Blvd, Ste A",Sioux Falls,SD,57199
CUST002556,Marketview Liquor,1646 Willow Pkwy,Columbus,OH,43213
CUST002557,Shake Shack,"8611 Main Blvd, Ste A",Annapolis,MD,21416
CUST002558,Joe's Grill,"2546 Commerce Ln, #101",Virginia Beach,VA,23462
CUST002559,Kwik Trip #1676,"144 Industrial Ave, Suite 200",Houston,TX,77058
CUST002560,Hampton Inn Nashville,3152 Forest St,Fort Worth,TX,76108
CUST002561,Winn-Dixie,"433 Magnolia Pl, Ste A",Denver,CO,80207
CUST002562,Days Inn by Wyndham Fargo,8128 Broad Ave,Fargo,ND,58176
CUST002563,World of Beer,6598 Chestnut Ln,Houston,TX,77018
CUST002564,Stop & Shop,"7653 Commerce Pl, Suite 200",St. Paul,MN,55138
CUST002565,Stater Bros.,145 Sunset Rd,Milwaukee,WI,53225
CUST002566,Hy-Vee,2792 Spring Ln,Brooklyn,NY,11250
CUST002567,The Cheesecake Factory,6205 Bay Pl,New Orleans,LA,70155
CUST002568,Piggly Wiggly,"3273 Church Ln, Unit B",Little Rock,AR,72212
CUST002569,CVS Pharmacy,9227 Forest Pkwy,Eugene,OR,97479
CUST002570,Springhill Suites by Marriott Tampa,"8762 Cherry Pl, #101",Tampa,FL,33611
CUST002571,Cleveland Bistro,7627 Cedar Pkwy,Cleveland,OH,44107
CUST002572,The DeLuca House,"3217 Magnolia Blvd, Suite 100",Albuquerque,NM,87106
CUST002573,Springhill Suites by Marriott Austin,"3173 Broad Dr, Suite 200",Austin,TX,78794
CUST002574,The Crow & Bear,"4744 Park Way, Suite 200",Virginia Beach,VA,23488
CUST002575,7-Eleven Store #5381,"4942 Maple Ln, Suite 100",Spokane,WA,99225
CUST002576,Choice Hotels Clarion Cleveland,"5587 Valley Pkwy, Suite 200",Cleveland,OH,44149
CUST002577,Virginia Beach Liquors,"4852 Market St, Unit B",Virginia Beach,VA,23415
CUST002578,Mama Jones's Pizzeria,6534 Green Way,Boston,MA,02149
CUST002579,World of Beer,"6454 Park Rd, Ste A",Chicago,IL,60676
CUST002580,Smith's Liquor Store,"9151 Pine Pkwy, Suite 200",Houston,TX,77008
CUST002581,Speedway #4448,"9265 Highland Blvd, Suite 200",Los Angeles,CA,90004
CUST002582,Casey's General Store #3590,"7901 Washington Rd, Unit B",Salt Lake City,UT,84142
CUST002583,Bob Evans,582 Chestnut Ave,Brooklyn,NY,11249
CUST002584,Cheers Bar & Grill,"948 Harbor Rd, Ste A",Springfield,IL,62713
CUST002585,Omni Dallas Hotel,9023 Market Rd,Madison,WI,53721
CUST002586,Oklahoma City Grill,1642 Elm Way,Oklahoma City,OK,73177
CUST002587,Al's Bar & Grill,2680 Highland Blvd,Miami,FL,33113
CUST002588,Richie's Bar & Grill,"546 Walnut Blvd, #101",Columbia,SC,29296
CUST002589,Central Liquors,"9874 Highland Blvd, Suite 100",Jackson,MS,39205
CUST002590,The Cheesecake Factory,"7532 Church Ave, Suite 200",Cleveland,OH,44164
CUST002591,Brooklyn Liquors,"1299 Forest Way, Suite 100",Brooklyn,NY,11213
CUST002592,Publix,2365 Green Way,Honolulu,HI,96852
CUST002593,Publix,4617 Willow Rd,Pittsburgh,PA,15248
CUST002594,Old Los Angeles Tavern,"8297 Oak Ave, Ste A",Los Angeles,CA,90037
CUST002595,Rossi's Liquor Store,6112 Oak Way,Louisville,KY,40243
CUST002596,Stop & Shop,"4668 Meadow Dr, Suite 200",Newark,NJ,07160
CUST002597,Discount Liquor Mart,"664 Commerce Blvd, Suite 100",New York,NY,10083
CUST002598,Hy-Vee,"8397 Magnolia Way, Ste A",Austin,TX,78702
CUST002599,Wegmans,"3233 Bay Blvd, Suite 100",Miami,FL,33159
CUST002600,Super 8 by Wyndham Miami,"8701 Cherry Pl, #101",Miami,FL,33105
CUST002601,Raley's,"3039 Magnolia Ct, Suite 200",Annapolis,MD,21458
CUST002602,World of Beer,"4966 Broad Ln, Ste A",Newark,NJ,07115
CUST002603,Martinez's BBQ,5392 Main Pl,Milwaukee,WI,53220
CUST002604,Hooters,"3877 Church Rd, Suite 200",Tucson,AZ,85791
CUST002605,Costco Wholesale,8846 Spring Way,Columbus,OH,43213
CUST002606,Raising Cane's,204 Center Ln,Indianapolis,IN,46278
CUST002607,The New Barrel,"4260 Garden Rd, Suite 200",Springfield,IL,62791
CUST002608,7-Eleven Store #7807,"6460 Division Rd, Ste A",Sacramento,CA,95894
CUST002609,New Orleans Bottle Shop,2915 Peach Pl,New Orleans,LA,70109
CUST002610,Aldi,4129 Broad St,Richmond,VA,23254
CUST002611,Sports Page Bar,4313 Hill Blvd,Burlington,VT,05418
CUST002612,Houston Brewing Co.,"8023 Commerce Ct, #101",Houston,TX,77080
CUST002613,Pittsburgh Kitchen,7465 Pine Ct,Pittsburgh,PA,15258
CUST002614,The Williams House,"8370 Valley Rd, Ste A",Kansas City,MO,64162
CUST002615,Jimmy's Bar & Grill,"4247 Magnolia St, Unit B",Orlando,FL,32821
CUST002616,Bar Louie,"1859 Garden Ave, Suite 100",Fargo,ND,58167
CUST002617,Bar Louie,"5794 Walnut Ave, Unit B",Miami,FL,33167
CUST002618,Old New York Tavern,"8640 Broad Way, Suite 200",New York,NY,10034
CUST002619,Days Inn by Wyndham Birmingham,8573 Chestnut Dr,Birmingham,AL,35201
CUST002620,Papa Park's,"3749 Spring Pkwy, Suite 100",Baltimore,MD,21281
CUST002621,Golden Corral,1005 Valley St,Omaha,NE,68170
CUST002622,The Rizzo House,"3145 Market St, Suite 200",Charleston,SC,29449
CUST002623,The Golden Eagle,"216 Harbor Ln, #101",Fort Worth,TX,76173
CUST002624,Mama Nguyen's Kitchen,9702 Elm Ln,San Antonio,TX,78226
CUST002625,CVS Pharmacy,7301 Lake Ave,Wilmington,DE,19844
CUST002626,Golden Corral,2885 Lake Ave,Buffalo,NY,14215
CUST002627,Raley's,695 Washington Pkwy,St. Louis,MO,63169
CUST002628,Cheers Bar & Grill,"238 Market St, Suite 200",Austin,TX,78757
CUST002629,Panera Bread,"9581 Meadow Ct, Suite 200",Lexington,KY,40542
CUST002630,Lidl,"3271 Union Pkwy, Suite 200",Springfield,IL,62778
CUST002631,Chipotle Mexican Grill,3322 Main Ave,Columbus,OH,43266
CUST002632,Down the Hatch,"9351 Commerce Dr, Ste A",Little Rock,AR,72205
CUST002633,Best Western Plus Jersey City,"1180 Lake Rd, Unit B",Jersey City,NJ,07347
CUST002634,Ritz-Carlton New Orleans,"492 Walnut Dr, Unit B",Chicago,IL,60615
CUST002635,Total Spirits Charleston,"334 Harbor Pl, Unit B",Charleston,SC,29409
CUST002636,Esposito Family Restaurant,"3562 Church Dr, Suite 100",Spokane,WA,99278
CUST002637,The Rusty Nail,"2718 River Ct, Suite 100",Baton Rouge,LA,70862
CUST002638,Rite Aid,"723 Maple Ave, Unit B",Houston,TX,77011
CUST002639,Kroger,3252 Green Pl,Portland,OR,97248
CUST002640,TGI Fridays,"5975 Valley Pkwy, Unit B",Chicago,IL,60664
CUST002641,St. Louis Diner,"2094 Highland Ln, Suite 100",St. Louis,MO,63149
CUST002642,Golden Corral,6514 Lake Ct,Honolulu,HI,96889
CUST002643,Liquor Barn,"1714 Oak Ave, Suite 100",Buffalo,NY,14245
CUST002644,Frank & Al's Steakhouse,"4354 Sunset Rd, #101",Jackson,MS,39220
CUST002645,Circle K #869,"3359 Pine Way, Suite 200",Kansas City,MO,64116
CUST002646,Cracker Barrel,"5542 Bay Ave, #101",Queens,NY,11393
CUST002647,Fine Wine & Spirits,"9122 Forest Ave, Unit B",Omaha,NE,68157
CUST002648,Total Spirits Atlanta,"8557 Lake Blvd, Suite 200",Atlanta,GA,30325
CUST002649,Whataburger,7681 Church Dr,Dallas,TX,75214
CUST002650,Smith's Pub,6343 Meadow Ln,Houston,TX,77014
CUST002651,Best Western Plus Anchorage,7574 Harbor Pl,Anchorage,AK,99596
CUST002652,P.F. Chang's,"6848 Bay Ct, Suite 200",Colorado Springs,CO,80910
CUST002653,Punch Bowl Social,"3079 Lake Ave, Ste A",Charleston,SC,29417
CUST002654,Best Western Indianapolis,"6038 Willow St, Ste A",Indianapolis,IN,46265
CUST002655,Rite Aid,1183 Church Pkwy,Charlotte,NC,28286
CUST002656,Sonic Drive-In,2658 Oak St,San Diego,CA,92128
CUST002657,Sal's Grill,"6598 Walnut Rd, #101",Savannah,GA,31423
CUST002658,The Rail & Draft,7998 Green St,New York,NY,10020
CUST002659,Fairfield Inn by Marriott Madison,1099 Highland St,Madison,WI,53739
CUST002660,Colorado Springs Taproom,"1716 Industrial Rd, Unit B",Colorado Springs,CO,80963
CUST002661,Casey's General Store #3525,6167 Park Pl,Atlanta,GA,30392
CUST002662,Mama Caruso's,2619 Forest Pl,Los Angeles,CA,90056
CUST002663,The Draft House,"8982 Church Blvd, Suite 200",Denver,CO,80266
CUST002664,Sunset Lounge,6280 Forest Dr,Memphis,TN,38127
CUST002665,Mama Romano's Pizzeria,6940 Cedar Ln,Baltimore,MD,21215
CUST002666,Sports Page Bar,1091 Lake Pkwy,Chicago,IL,60630
CUST002667,Wilmington Ale House,949 Walnut Dr,Wilmington,DE,19841
CUST002668,IHOP,"9336 Garden Rd, Suite 200",Providence,RI,02997
CUST002669,Marketview Liquor,3552 Main Rd,Nashville,TN,37290
CUST002670,Loews Hotel Philadelphia,"8295 Chestnut Ave, Ste A",Dallas,TX,75231
CUST002671,Rite Aid,"7412 Hill Pl, Suite 100",Milwaukee,WI,53278
CUST002672,Mama Rossi's,3883 Industrial Ln,San Diego,CA,92110
CUST002673,Raising Cane's,"6599 Green Ave, Suite 200",San Antonio,TX,78273
CUST002674,Walgreens,"6056 Market St, Suite 200",Little Rock,AR,72276
CUST002675,Leo & Dave's Steakhouse,"4601 Highland Ave, Suite 200",Seattle,WA,98145
CUST002676,The Savannah Grille,"4886 Washington Blvd, Ste A",Savannah,GA,31406
CUST002677,Ray's Bar & Grill,"1777 Harbor St, Ste A",San Diego,CA,92119
CUST002678,CVS Pharmacy,9886 Market Blvd,Philadelphia,PA,19151
CUST002679,The Broken Spoke,"1822 Broad Way, Ste A",Anchorage,AK,99560
CUST002680,Down the Hatch,"4979 Commerce Ct, Suite 100",Austin,TX,78710
CUST002681,Mama Park's Pizzeria,"446 Industrial St, #101",San Francisco,CA,94146
CUST002682,Casey's General Store #1069,478 Cherry Ct,Worcester,MA,01650
CUST002683,Doubletree by Hilton Seattle,995 Industrial Pl,Houston,TX,77044
CUST002684,Total Spirits Milwaukee,"4646 Commerce Rd, Suite 100",Milwaukee,WI,53286
CUST002685,Speedway #4931,"1830 Valley Pkwy, Unit B",Houston,TX,77064
CUST002686,DoubleTree by Hilton Tulsa,5342 Highland Way,Tulsa,OK,74157
CUST002687,Wingstop,168 River Way,Memphis,TN,38116
CUST002688,Old Los Angeles Tavern,"9132 Harbor Rd, Unit B",Los Angeles,CA,90022
CUST002689,Red Robin,"9257 Walnut St, Suite 100",Fort Worth,TX,76107
CUST002690,Raleigh Bistro,5904 Industrial St,Raleigh,NC,27618
CUST002691,Buffalo Wild Wings,"3182 Commerce Ave, Suite 100",Sacramento,CA,95834
CUST002692,Caruso Family Restaurant,"1709 Hill Pl, Ste A",Austin,TX,78798
CUST002693,Sam's Bar & Grill,"4679 Forest Blvd, Unit B",Colorado Springs,CO,80923
CUST002694,Pilot Flying J #2583,8682 Cedar St,Philadelphia,PA,19157
CUST002695,Aldi,"850 Harbor St, #101",Tampa,FL,33679
CUST002696,Winn-Dixie,"512 Highland Ave, Unit B",Virginia Beach,VA,23418
CUST002697,Red Robin,8332 Valley Way,Cleveland,OH,44170
CUST002698,The Rusty Nail,"6318 Main Ln, Suite 100",Miami,FL,33107
CUST002699,World of Beer,2664 Bay Ln,Reno,NV,89559
CUST002700,Winn-Dixie,5948 Oak Rd,Spokane,WA,99214
CUST002701,Waffle House,6307 Maple Pkwy,Philadelphia,PA,19187
CUST002702,Miller's Pub,"5729 Harbor Pkwy, Ste A",Omaha,NE,68145
CUST002703,Twin Peaks,4147 Valley Ave,Virginia Beach,VA,23467
CUST002704,HEB,4263 Bay Pl,Grand Rapids,MI,49561
CUST002705,Denny's,1229 Broad Blvd,Providence,RI,02953
CUST002706,Buffalo Diner,"2785 Center Ct, Unit B",Buffalo,NY,14280
CUST002707,Cheers Bar & Grill,4949 Highland Dr,Wilmington,DE,19880
CUST002708,Wawa #432,3351 Sunset Ln,Memphis,TN,38124
CUST002709,Kim's Diner,5657 Cherry Blvd,San Francisco,CA,94160
CUST002710,Holiday Inn Express by IHG San Diego,"5557 Lake Way, Suite 200",San Diego,CA,92169
CUST002711,Salt Lake City Bistro,7572 Forest Pkwy,Salt Lake City,UT,84110
CUST002712,Olive Garden,"5551 Union Pl, Ste A",Tulsa,OK,74164
CUST002713,Choice Hotels Comfort Inn Jacksonville,7286 Broad St,Jacksonville,FL,32241
CUST002714,Old Albuquerque Tavern,6709 Magnolia St,Albuquerque,NM,87105
CUST002715,Corner Pocket Billiards & Bar,207 Center Ln,Portland,OR,97262
CUST002716,Staybridge Suites by IHG Las Vegas,6731 Highland Blvd,Las Vegas,NV,89116
CUST002717,Olive Garden,"1250 Center Blvd, Suite 100",Little Rock,AR,72257
CUST002718,Spec's Liquor,552 Division St,Orlando,FL,32841
CUST002719,Stater Bros.,2748 Main Way,San Francisco,CA,94136
CUST002720,Hooters,"9368 Maple Rd, Suite 200",Worcester,MA,01634
CUST002721,Total Wine & More,"4997 Main Ct, #101",Jacksonville,FL,32246
CUST002722,BevMo,3146 Market Ct,Little Rock,AR,72262
CUST002723,Choice Hotels Econo Lodge Dallas,9888 Bay Rd,Dallas,TX,75296
CUST002724,Best Western Plus Atlanta,"9495 Forest Pkwy, Suite 100",Atlanta,GA,30346
CUST002725,Radisson Eugene,3267 Elm Pl,Eugene,OR,97486
CUST002726,Marketview Liquor,948 Peach Blvd,Annapolis,MD,21440
CUST002727,Discount Liquor Mart,"7883 Lake Blvd, Suite 100",Wilmington,DE,19852
CUST002728,Chipotle Mexican Grill,900 Peach Ave,Worcester,MA,01697
CUST002729,Place by Hyatt Tampa,"6457 Elm Rd, #101",Tampa,FL,33694
CUST002730,Caruso's Liquor Store,"295 Willow Blvd, Suite 200",Spokane,WA,99226
CUST002731,Sports Page Bar,3270 Willow Pkwy,Nashville,TN,37221
CUST002732,Sheetz #5665,9258 Oak Ct,Cleveland,OH,44184
CUST002733,Hooters,982 Highland Pkwy,Jacksonville,FL,32233
CUST002734,Dave & Buster's,3027 Market Ct,Worcester,MA,01692
CUST002735,Best Western Premier San Antonio,5847 Park Ct,San Antonio,TX,78220
CUST002736,Choice Hotels Econo Lodge Providence,"8867 Cedar Pl, Ste A",Providence,RI,02972
CUST002737,Chen Family Restaurant,5472 Magnolia Pkwy,Cincinnati,OH,45282
CUST002738,Richmond Bottle Shop,7745 Valley Way,Richmond,VA,23236
CUST002739,Phil's Bar & Grill,"8236 Cedar Ln, Unit B",Baton Rouge,LA,70828
CUST002740,Kona Grill,"1314 Hill Blvd, Ste A",Queens,NY,11308
CUST002741,Sports Page Bar,"2137 Main Way, Ste A",San Diego,CA,92171
CUST002742,Fine Wine & Spirits,2345 Bay Dr,Richmond,VA,23221
CUST002743,Aldi,"5446 Cherry Rd, Ste A",Burlington,VT,05429
CUST002744,Ritz-Carlton New Orleans,209 Walnut Pkwy,Louisville,KY,40200
CUST002745,P.F. Chang's,"1457 Division Blvd, Unit B",San Antonio,TX,78202
CUST002746,7-Eleven Store #1611,"5917 Willow Pkwy, Suite 100",St. Paul,MN,55121
CUST002747,The Tap Room,"9111 Pine Dr, Suite 200",Austin,TX,78750
CUST002748,Neighborhood Bar & Grill,"7625 Commerce Pkwy, Unit B",Austin,TX,78793
CUST002749,Annapolis Diner,"1940 Forest Blvd, Suite 200",Annapolis,MD,21493
CUST002750,Raley's,6316 Pine Rd,Brooklyn,NY,11208
CUST002751,Cracker Barrel,4905 River Way,Los Angeles,CA,90062
CUST002752,Chili's,9741 Main St,Spokane,WA,99286
CUST002753,Chipotle Mexican Grill,"8736 Highland Ln, Suite 200",Springfield,IL,62769
CUST002754,Chili's,"3546 Willow Dr, #101",Anchorage,AK,99550
CUST002755,LongHorn Steakhouse,3262 Highland Ln,Little Rock,AR,72287
CUST002756,Bob Evans,"9050 Meadow Pl, #101",Baton Rouge,LA,70872
CUST002757,Yard House,"4051 Valley Way, #101",New York,NY,10018
CUST002758,The Cheesecake Factory,2650 Cedar Ln,Miami,FL,33146
CUST002759,Keg Liquors,5485 River Way,Orlando,FL,32885
CUST002760,Costco Wholesale,"9982 Church Rd, Suite 100",Newark,NJ,07192
CUST002761,Costco Wholesale,"7066 Meadow Ln, Suite 100",Portland,OR,97262
CUST002762,Cracker Barrel,9818 Harbor Blvd,St. Paul,MN,55120
CUST002763,Martinez's Liquor Store,"3587 Elm Dr, Suite 100",Tampa,FL,33674
CUST002764,Liquor Barn,2395 Willow Way,Columbia,SC,29268
CUST002765,Liquor Barn,1398 Industrial Way,New York,NY,10080
CUST002766,Buffalo Wild Wings,"8990 Division Dr, Suite 100",Milwaukee,WI,53213
CUST002767,Ray's Bar & Grill,248 Division Pl,Boston,MA,02131
CUST002768,Central Liquors,"141 Meadow Pkwy, Ste A",Oklahoma City,OK,73109
CUST002769,Ramada by Wyndham Houston,"333 Willow St, #101",Houston,TX,77068
CUST002770,Five Guys,"479 Maple Rd, #101",Fargo,ND,58102
CUST002771,Pittsburgh Bottle Shop,"1305 Market Pkwy, Ste A",Pittsburgh,PA,15208
CUST002772,Ferreira Family Restaurant,"9791 Sunset Pkwy, #101",Charlotte,NC,28241
CUST002773,HEB,"6780 Maple St, #101",Indianapolis,IN,46254
CUST002774,ampm #1307,7997 Maple Dr,Jacksonville,FL,32291
CUST002775,Westin Atlanta Peachtree,"1686 Park Rd, Unit B",Baton Rouge,LA,70854
CUST002776,Sal's Grill,"2233 Peach Dr, Unit B",Worcester,MA,01663
CUST002777,The Bottle Shop,5808 Valley Blvd,Dallas,TX,75233
CUST002778,Meijer,9133 Spring Pkwy,Colorado Springs,CO,80954
CUST002779,Al's Grill,3515 Magnolia Dr,Spokane,WA,99284
CUST002780,Blu by Radisson Annapolis,"7399 Meadow Ave, Suite 100",Annapolis,MD,21457
CUST002781,The Charleston Grille,"1721 Oak Ln, Suite 200",Charleston,SC,29408
CUST002782,The Charlotte Grille,4408 Hill Dr,Charlotte,NC,28274
CUST002783,Frank & Ray's Steakhouse,4226 Oak Blvd,Albuquerque,NM,87164
CUST002784,Denny's,1335 Commerce St,Cleveland,OH,44187
CUST002785,Hy-Vee,4966 Park Ln,Fargo,ND,58161
CUST002786,Red by Radisson Jackson,"7791 Lake Rd, Suite 100",Jackson,MS,39227
CUST002787,Giant Eagle,911 Commerce Ln,Omaha,NE,68139
CUST002788,Hyatt Place Denver,"4534 River Pkwy, Unit B",Memphis,TN,38136
CUST002789,Richie's Seafood,3908 Oak Rd,Jacksonville,FL,32203
CUST002790,Safeway,8819 Elm Pkwy,Houston,TX,77011
CUST002791,Sheetz #6649,"9675 Willow Ave, Suite 100",Queens,NY,11332
CUST002792,Red by Radisson Orlando,"6024 Pine St, Unit B",Orlando,FL,32813
CUST002793,Red Lobster,"8045 Union Pkwy, Suite 100",San Francisco,CA,94128
CUST002794,Joe & Rosa's Steakhouse,7191 Hill Rd,New York,NY,10092
CUST002795,Sports Page Bar,"6816 Hill Way, Ste A",Wilmington,DE,19829
CUST002796,Hooters,1032 Division Way,Newark,NJ,07180
CUST002797,Hooters,"1012 Oak Ave, Suite 200",Pittsburgh,PA,15285
CUST002798,Main Street Liquors,"6695 Hill Ln, Suite 200",Tampa,FL,33656
CUST002799,Grand by Hyatt Miami,5195 Cedar Rd,Miami,FL,33182
CUST002800,Raising Cane's,"911 Peach Dr, Suite 200",Denver,CO,80236
CUST002801,Cincinnati Grill,"834 Union Way, Suite 200",Cincinnati,OH,45243
CUST002802,The Mug & Pint,9190 Main St,Albuquerque,NM,87109
CUST002803,Williams's Liquor Store,9928 Sunset Blvd,Nashville,TN,37243
CUST002804,Jersey City Liquors,"4366 Oak Dr, Suite 200",Jersey City,NJ,07304
CUST002805,Holiday Inn Express by IHG Portland,"8100 Sunset Way, #101",Portland,OR,97277
CUST002806,Casey's General Store #4601,"5468 Center Ave, Suite 200",Wilmington,DE,19857
CUST002807,Binny's Beverage Depot,"2101 Industrial St, #101",Columbus,OH,43238
CUST002808,Queens Ale House,3771 Walnut Pl,Queens,NY,11311
CUST002809,Spec's Liquor,"2662 Willow Pkwy, Unit B",Providence,RI,02994
CUST002810,Fargo Liquors,"223 Pine Pkwy, Unit B",Fargo,ND,58185
CUST002811,Hooters,9096 Park St,Raleigh,NC,27625
CUST002812,Old Tampa Tavern,"8872 Commerce Blvd, Suite 100",Tampa,FL,33631
CUST002813,In-N-Out Burger,"8123 Sunset Ln, Unit B",Eugene,OR,97492
CUST002814,Premier Wine & Spirits,"7255 Oak Dr, #101",Jersey City,NJ,07380
CUST002815,Total Wine & More,542 Broad Dr,Virginia Beach,VA,23441
CUST002816,LongHorn Steakhouse,"4448 Green Pl, Unit B",Fort Worth,TX,76111
CUST002817,Yard House,"235 Sunset Ave, Suite 200",Louisville,KY,40245
CUST002818,Davis's BBQ,8190 Walnut Blvd,Los Angeles,CA,90074
CUST002819,Choice Hotels Quality Inn Chicago,"4440 Walnut St, Unit B",Chicago,IL,60610
CUST002820,The Draft House,6198 Industrial Ct,Annapolis,MD,21486
CUST002821,Central Liquors,"8227 Market Ave, Suite 100",Sacramento,CA,95802
CUST002822,Ingles Markets,8509 Division Blvd,Boston,MA,02110
CUST002823,Chris's Seafood,"499 Commerce Pkwy, #101",Springfield,IL,62783
CUST002824,Walgreens,1103 Willow Dr,Baltimore,MD,21267
CUST002825,Papa Chen's,"5581 Center Blvd, Suite 100",San Antonio,TX,78221
CUST002826,CVS Pharmacy,"4336 Cherry Ln, Unit B",Charlotte,NC,28279
CUST002827,Omni Dallas Hotel,"4588 Market Blvd, Ste A",Cleveland,OH,44188
CUST002828,Denny's,8724 Union Ave,Salt Lake City,UT,84155
CUST002829,Red Lobster,"4164 Industrial Dr, #101",Little Rock,AR,72299
CUST002830,Mama Johnson's Kitchen,7513 Peach Pkwy,Lexington,KY,40579
CUST002831,Speedway #2791,"6651 Harbor Way, Suite 200",Louisville,KY,40244
CUST002832,BevMo,2201 Elm Blvd,Houston,TX,77082
CUST002833,CVS Pharmacy,3906 Willow Way,Memphis,TN,38148
CUST002834,Whole Foods Market,9608 Oak Ct,St. Louis,MO,63151
CUST002835,Panera Bread,2367 Garden Pkwy,Cincinnati,OH,45286
CUST002836,BevMo,4147 Green Dr,Fort Worth,TX,76103
CUST002837,Sonic Drive-In,8115 Forest Way,Baltimore,MD,21296
CUST002838,Outback Steakhouse,"7057 Main Rd, Suite 200",Queens,NY,11330
CUST002839,The Tap Room,"4661 Spring Pkwy, #101",New York,NY,10013
CUST002840,Queens Liquors,"382 Magnolia Dr, Suite 100",Queens,NY,11353
CUST002841,Texas Roadhouse,"6326 Cherry St, #101",Louisville,KY,40234
CUST002842,Fairfield Inn by Marriott Kansas City,4786 River Ln,Kansas City,MO,64167
CUST002843,La Quinta by Wyndham Atlanta,5424 Magnolia Pl,Atlanta,GA,30387
CUST002844,Food Lion,9693 Division Pl,Sioux Falls,SD,57167
CUST002845,Sports Page Bar,9946 Union Ct,Providence,RI,02908
CUST002846,The Broken Spoke,"6750 Commerce Ct, Unit B",Hartford,CT,06166
CUST002847,Punch Bowl Social,2155 Forest Dr,Nashville,TN,37283
CUST002848,The Fox & Saddle,"5025 Highland Rd, Unit B",Nashville,TN,37274
CUST002849,ABC Fine Wine & Spirits,"2856 Sunset Ct, Ste A",Jersey City,NJ,07313
CUST002850,Nashville Bistro,7201 Industrial Dr,Nashville,TN,37293
CUST002851,Rosa's Grill,"5023 Chestnut St, Suite 200",Tampa,FL,33641
CUST002852,Williams's BBQ,3293 Washington Dr,Miami,FL,33171
CUST002853,Phoenix Ale House,9994 Garden Rd,Phoenix,AZ,85053
CUST002854,Whole Foods Market,4414 Industrial Ln,Louisville,KY,40298
CUST002855,Regency by Hyatt Jacksonville,"9769 Elm Way, Suite 100",Jacksonville,FL,32296
CUST002856,Days Inn by Wyndham Sioux Falls,3315 Forest St,Sioux Falls,SD,57193
CUST002857,BJ's Wholesale Club,"3376 Meadow Pkwy, Suite 100",Birmingham,AL,35277
CUST002858,Hy-Vee,"4980 Church Way, Suite 100",Dallas,TX,75260
CUST002859,Cracker Barrel,3851 Cedar Ct,Denver,CO,80207
CUST002860,Whataburger,"628 Division Ct, #101",Hartford,CT,06125
CUST002861,Punch Bowl Social,"4699 Park Ct, Unit B",Louisville,KY,40264
CUST002862,P.F. Chang's,"9607 Green Pkwy, Ste A",Reno,NV,89594
CUST002863,Radisson Tampa,7760 Spring St,Tampa,FL,33632
CUST002864,Anna & Eddie's Steakhouse,"3564 Meadow Blvd, Suite 200",Nashville,TN,37280
CUST002865,Red Lobster,"7662 Sunset Rd, Suite 100",Wilmington,DE,19875
CUST002866,Marketview Liquor,"2354 Chestnut Ln, #101",Richmond,VA,23248
CUST002867,Outback Steakhouse,2966 Cherry Way,Orlando,FL,32877
CUST002868,The Jersey City Grille,"5843 Bay Blvd, Suite 200",Jersey City,NJ,07328
CUST002869,Spec's Liquor,2813 Valley Ln,Kansas City,MO,64177
CUST002870,The Tucson Grille,"2048 Church Pl, Ste A",Tucson,AZ,85720
CUST002871,Casey's General Store #4666,5674 Washington Ct,Los Angeles,CA,90063
CUST002872,Grand by Hyatt Philadelphia,8401 Industrial Rd,Philadelphia,PA,19140
CUST002873,Casey's General Store #9603,1823 Spring Ave,Tulsa,OK,74182
CUST002874,Bar Louie,5036 Union Way,New York,NY,10036
CUST002875,The Blue Saddle,"5559 Washington Rd, #101",Austin,TX,78704
CUST002876,Chili's,"3545 Meadow Blvd, Unit B",Nashville,TN,37268
CUST002877,Rizzo's BBQ,"4151 Cherry Way, Ste A",Worcester,MA,01668
CUST002878,Rite Aid,"9018 Meadow Dr, Suite 100",Baltimore,MD,21216
CUST002879,Albuquerque Kitchen,2856 Garden Ave,Albuquerque,NM,87123
CUST002880,Tony's Bar & Grill,"8929 Lake Rd, Ste A",Spokane,WA,99290
CUST002881,BJ's Wholesale Club,"5723 Cherry St, Suite 200",Jersey City,NJ,07309
CUST002882,Yard House,"3955 Maple St, #101",Omaha,NE,68177
CUST002883,Hampton Inn by Hilton Phoenix,"9761 Forest Dr, #101",Phoenix,AZ,85055
CUST002884,Speedway #3862,"6430 River Rd, Suite 100",Charlotte,NC,28212
CUST002885,Total Wine & More,4793 Magnolia Ct,Columbia,SC,29227
CUST002886,Shake Shack,"4900 Meadow Blvd, Ste A",Chicago,IL,60668
CUST002887,Denny's,"3633 Elm Pkwy, #101",Austin,TX,78751
CUST002888,DoubleTree by Hilton Honolulu,"455 Center Ct, Unit B",Honolulu,HI,96874
CUST002889,San Francisco Liquors,3560 Green Blvd,San Francisco,CA,94106
CUST002890,TGI Fridays,"8854 Commerce Ave, Unit B",Omaha,NE,68151
CUST002891,The Cheesecake Factory,6802 River St,Austin,TX,78794
CUST002892,The Rusty Nail,"2368 Forest Ave, Suite 100",Jacksonville,FL,32281
CUST002893,Sacramento Grill,1199 Willow Way,Sacramento,CA,95807
CUST002894,Price Chopper,"517 Spring Ave, Suite 200",Wilmington,DE,19841
CUST002895,Super 8 by Wyndham Albuquerque,8956 Spring Way,Albuquerque,NM,87169
CUST002896,Mama Miller's Pizzeria,"1638 Peach Blvd, #101",Jacksonville,FL,32248
CUST002897,Best Western Eugene,"8707 Broad Dr, Unit B",Eugene,OR,97446
CUST002898,Ramada by Wyndham Fort Worth,"654 Center Ave, Ste A",Fort Worth,TX,76115
CUST002899,Davis's Diner,"376 Sunset Rd, #101",Worcester,MA,01633
CUST002900,The Rusty Nail,6558 Lake St,Cincinnati,OH,45213
CUST002901,Safeway,"3713 Hill Blvd, Ste A",Birmingham,AL,35297
CUST002902,Corner Pocket Billiards & Bar,"5868 Green Way, Ste A",Tulsa,OK,74185
CUST002903,Marketview Liquor,1083 Magnolia Pkwy,Birmingham,AL,35244
CUST002904,Waffle House,"9689 Cherry Ave, Unit B",Providence,RI,02962
CUST002905,Omni Dallas Hotel,"8152 Center Rd, Suite 100",Minneapolis,MN,55471
CUST002906,Main Street Liquors,"6496 Division Ave, Ste A",Charleston,SC,29443
CUST002907,Punch Bowl Social,"5287 Highland Ct, Ste A",Little Rock,AR,72272
CUST002908,Danny's Bar & Grill,2203 Willow St,Virginia Beach,VA,23472
CUST002909,Red Robin,"3139 Pine Way, #101",Columbia,SC,29280
CUST002910,Papa Caruso's,"4419 Willow Blvd, Suite 200",Houston,TX,77046
CUST002911,Down the Hatch,"6102 Harbor St, Unit B",Minneapolis,MN,55400
CUST002912,Mama Rossi's Pizzeria,"7489 Highland Ct, Suite 200",Orlando,FL,32818
CUST002913,Shake Shack,4009 Highland Ln,Chicago,IL,60655
CUST002914,Outback Steakhouse,8339 Chestnut Pl,Columbia,SC,29281
CUST002915,The Los Angeles Grille,"5487 Forest St, Unit B",Los Angeles,CA,90051
CUST002916,P.F. Chang's,"659 Park St, Suite 100",Tucson,AZ,85762
CUST002917,Sunset Lounge,"7958 Chestnut St, Ste A",Sacramento,CA,95876
CUST002918,Garcia Family Restaurant,"7632 Green Ln, Unit B",San Diego,CA,92117
CUST002919,Blu by Radisson Columbia,"717 Division Way, Suite 200",Columbia,SC,29283
CUST002920,Walgreens,2435 Commerce Ct,Madison,WI,53751
CUST002921,Liquor Barn,"3277 Forest Dr, Unit B",Louisville,KY,40275
CUST002922,CVS Pharmacy,"261 Walnut Ln, Suite 200",Raleigh,NC,27672
CUST002923,The Johnson House,"7277 Sunset Pl, Ste A",Virginia Beach,VA,23404
CUST002924,Williams's Liquor Store,8817 Oak Pl,St. Louis,MO,63165
CUST002925,Texas Roadhouse,"262 Walnut St, Unit B",Columbia,SC,29253
CUST002926,Sam's Club,"1335 Washington Dr, Suite 100",Little Rock,AR,72213
CUST002927,Denver Taproom,"8232 Center Pkwy, Unit B",Denver,CO,80246
CUST002928,Binny's Beverage Depot,"8152 Hill Dr, #101",Fargo,ND,58163
CUST002929,ABC Fine Wine & Spirits,7409 River Pl,Tampa,FL,33649
CUST002930,Bob's Seafood,8430 Union Ct,Memphis,TN,38116
CUST002931,Casa Garcia,"1586 Cedar Ave, Ste A",Springfield,IL,62798
CUST002932,Whole Foods Market,6047 Market Blvd,New Orleans,LA,70149
CUST002933,WinCo Foods,"5771 Spring Blvd, Suite 200",Virginia Beach,VA,23402
CUST002934,Dallas Ale House,1794 Walnut Dr,Dallas,TX,75296
CUST002935,Mama Park's Kitchen,"8629 Bay Ave, #101",Minneapolis,MN,55424
CUST002936,Mama Romano's,"503 Elm Ave, Suite 200",Spokane,WA,99224
CUST002937,Publix,"8331 Meadow Ave, Unit B",Tucson,AZ,85741
CUST002938,Phoenix Liquors,1286 Union Rd,Phoenix,AZ,85080
CUST002939,Chipotle Mexican Grill,"3829 Peach St, Unit B",Sacramento,CA,95814
CUST002940,Discount Liquor Mart,"4426 Bay Ln, Unit B",Orlando,FL,32868
CUST002941,Price Chopper,3099 Broad Ln,Springfield,IL,62747
CUST002942,Martinez Family Restaurant,"5165 Broad Ave, Unit B",Annapolis,MD,21409
CUST002943,Spec's Liquor,2326 Elm Ave,Charlotte,NC,28208
CUST002944,Four Seasons Miami,7777 Cherry Ave,Sioux Falls,SD,57182
CUST002945,Wegmans,6959 Washington Rd,Jacksonville,FL,32251
CUST002946,7-Eleven Store #8479,8158 Sunset Pl,Los Angeles,CA,90058
CUST002947,San Diego Ale House,"8788 Highland Way, Suite 100",San Diego,CA,92107
CUST002948,Regency by Hyatt Spokane,3479 Elm Way,Spokane,WA,99259
CUST002949,Birmingham Kitchen,8037 Main Ave,Birmingham,AL,35214
CUST002950,Albertsons,462 Garden Way,Austin,TX,78725
CUST002951,Choice Hotels Quality Inn Madison,4888 Commerce Dr,Madison,WI,53719
CUST002952,The Broken Spoke,"1986 Broad Blvd, Suite 200",Cleveland,OH,44150
CUST002953,Danny's Grill,287 Elm Rd,Newark,NJ,07144
CUST002954,Rossi Family Restaurant,1042 Center Rd,Baltimore,MD,21290
CUST002955,Cheers Bar & Grill,3633 Maple Ave,Sacramento,CA,95863
CUST002956,Sam's Club,"6452 Cedar Rd, Ste A",Honolulu,HI,96802
CUST002957,Newark Ale House,2746 Elm Ln,Newark,NJ,07151
CUST002958,WinCo Foods,"4812 Church Blvd, #101",Brooklyn,NY,11220
CUST002959,Chris & Ray's Steakhouse,"3631 Garden Blvd, Suite 200",Springfield,IL,62760
CUST002960,Chili's,6689 Industrial Dr,Atlanta,GA,30387
CUST002961,Applebee's,"261 Sunset Pl, Suite 200",Newark,NJ,07133
CUST002962,Panera Bread,9863 Center Rd,Anchorage,AK,99596
CUST002963,Publix,"9256 Highland Dr, Suite 200",Kansas City,MO,64191
CUST002964,Panera Bread,9493 Peach Ct,Madison,WI,53782
CUST002965,Cracker Barrel,"8290 Willow Rd, #101",Virginia Beach,VA,23468
CUST002966,Fine Wine & Spirits,"2353 Valley Pkwy, Unit B",Colorado Springs,CO,80917
CUST002967,Sunset Lounge,8587 Highland Pl,Newark,NJ,07115
CUST002968,Sheetz #680,"2241 Spring Rd, Suite 200",Jersey City,NJ,07397
CUST002969,Total Spirits Albuquerque,"2861 Main St, Suite 200",Albuquerque,NM,87196
CUST002970,Trader Joe's,"7333 Spring Ct, Suite 100",Milwaukee,WI,53225
CUST002971,St. Paul Brewing Co.,"6906 Peach Blvd, Unit B",St. Paul,MN,55183
CUST002972,Cracker Barrel,8239 Center Rd,Tulsa,OK,74193
CUST002973,The Fox & Wolf,6472 Chestnut Ave,Hartford,CT,06113
CUST002974,JW Marriott Los Angeles,9204 Oak Ln,Dallas,TX,75242
CUST002975,Rite Aid,4701 Spring Pkwy,Tucson,AZ,85779
CUST002976,Homewood Suites by Hilton Salt Lake City,"6581 Oak Rd, Ste A",Salt Lake City,UT,84188
CUST002977,Charlotte Tap Room,"5788 Church Rd, Suite 200",Charlotte,NC,28258
CUST002978,Papa Park's,4831 Bay Ave,Charlotte,NC,28219
CUST002979,Food Lion,"1369 Green St, Suite 100",Memphis,TN,38150
CUST002980,Radisson Spokane,5607 Center Pl,Spokane,WA,99297
CUST002981,The Copper Crow,"5315 Meadow Pkwy, Suite 200",Pittsburgh,PA,15260
CUST002982,Papa Rizzo's,"5575 Magnolia Way, #101",New Orleans,LA,70174
CUST002983,Kim's Tavern,"6361 Park Pkwy, Suite 200",Tucson,AZ,85773
CUST002984,Williams's Liquor Store,"5196 Sunset Way, #101",San Diego,CA,92165
CUST002985,Cracker Barrel,"8993 Park Dr, #101",Jackson,MS,39225
CUST002986,Cracker Barrel,"5737 Cedar Dr, Suite 200",Richmond,VA,23207
CUST002987,Baton Rouge Taproom,"3639 Center Pkwy, #101",Baton Rouge,LA,70856
CUST002988,Caruso's Pub,"6605 Division Ave, #101",Buffalo,NY,14259
CUST002989,Mama Martinez's Pizzeria,"9117 Industrial Way, Ste A",Springfield,IL,62700
CUST002990,Wilmington Grill,"7571 Cherry Blvd, Unit B",Wilmington,DE,19844
CUST002991,In-N-Out Burger,2082 Main Ave,Baltimore,MD,21275
CUST002992,Austin Liquors,"9193 Spring Dr, #101",Austin,TX,78761
CUST002993,Raising Cane's,1503 Washington Blvd,Pittsburgh,PA,15299
CUST002994,Papa Kim's,"6238 Highland Pkwy, Suite 200",Eugene,OR,97417
CUST002995,Golden Corral,"4735 Meadow Ave, Suite 200",Boston,MA,02135
CUST002996,Caruso's BBQ,8049 Harbor Dr,Worcester,MA,01698
CUST002997,Central Liquors,"251 Main Pl, Suite 100",New York,NY,10078
CUST002998,Cracker Barrel,3030 Willow Blvd,Columbus,OH,43225
CUST002999,Hyatt Place Denver,"983 Highland Blvd, Ste A",San Diego,CA,92110
CUST003000,Red Lobster,"2230 Peach Way, Ste A",Baltimore,MD,21231
CUST003001,Papa Smith's,5857 Bay St,Providence,RI,02993
CUST003002,Casa Esposito,"3992 Union St, #101",Richmond,VA,23289
CUST003003,Nguyen's Pub,1469 Broad Ln,New York,NY,10022
CUST003004,Brown's Pub,6887 Cherry Blvd,Seattle,WA,98191
CUST003005,HEB,5398 Magnolia Ave,Indianapolis,IN,46258
CUST003006,Sioux Falls Liquors,3135 Division Pl,Sioux Falls,SD,57157
CUST003007,Yard House,"9331 Park Ln, Ste A",Sioux Falls,SD,57170
CUST003008,Kansas City Kitchen,4745 Meadow Ln,Kansas City,MO,64160
CUST003009,BJ's Wholesale Club,4676 Highland Ln,Savannah,GA,31419
CUST003010,Bob Evans,7976 Harbor St,Pittsburgh,PA,15299
CUST003011,Panera Bread,"3818 Center Ct, Suite 100",Portland,OR,97247
CUST003012,Old Colorado Springs Tavern,"501 Lake Dr, Ste A",Colorado Springs,CO,80901
CUST003013,House by Hyatt Salt Lake City,1094 Harbor Pkwy,Salt Lake City,UT,84182
CUST003014,Choice Hotels Comfort Inn Fargo,"805 Cherry Rd, Unit B",Fargo,ND,58128
CUST003015,In-N-Out Burger,"4999 Pine Ln, Unit B",Nashville,TN,37264
CUST003016,Applebee's,"623 Hill Blvd, #101",Albuquerque,NM,87176
CUST003017,Luigi's Bar & Grill,3240 Walnut Dr,Atlanta,GA,30385
CUST003018,Ramada by Wyndham Savannah,"6838 Industrial Dr, Unit B",Savannah,GA,31494
CUST003019,Total Spirits Eugene,"8989 Willow Pkwy, #101",Eugene,OR,97498
CUST003020,Rizzo Family Restaurant,"962 Spring Ct, Ste A",Hartford,CT,06120
CUST003021,IHOP,"6091 Broad Ln, Suite 200",Queens,NY,11322
CUST003022,Liquor Barn,"4766 Green Blvd, Suite 100",Buffalo,NY,14206
CUST003023,New Orleans Liquors,"7924 Lake St, Suite 100",New Orleans,LA,70141
CUST003024,Casa Miller,"7618 Peach Way, Suite 100",Eugene,OR,97438
CUST003025,Marriott Houston Downtown,"2356 Main Ave, Ste A",Houston,TX,77060
CUST003026,Brooklyn Liquors,"4834 Cedar Ave, Unit B",Brooklyn,NY,11202
CUST003027,Premier Wine & Spirits,"7991 Lake Pkwy, Ste A",San Antonio,TX,78223
CUST003028,Hooters,"3814 Union Way, Ste A",Colorado Springs,CO,80923
CUST003029,Rite Aid,"369 Broad Ct, #101",Pittsburgh,PA,15253
CUST003030,Cheers Bar & Grill,2609 Meadow Ln,Honolulu,HI,96825
CUST003031,Holiday Inn by IHG Sioux Falls,5172 Forest Ct,Sioux Falls,SD,57114
CUST003032,Courtyard by Marriott Chicago,"9904 Oak Ave, Unit B",Baton Rouge,LA,70898
CUST003033,Smart & Final,7542 Broad Dr,San Antonio,TX,78283
CUST003034,Casa Garcia,7426 Industrial Way,Annapolis,MD,21444
CUST003035,Mama Williams's Pizzeria,1521 Sunset Blvd,Columbia,SC,29210
CUST003036,Joe & Bill's Steakhouse,"1499 Church Blvd, Suite 200",Charlotte,NC,28255
CUST003037,Mama DeLuca's,"8266 Main Ct, Unit B",Tulsa,OK,74169
CUST003038,Casey's General Store #3705,"4745 Center Ave, Suite 100",Albuquerque,NM,87199
CUST003039,Kona Grill,9598 Center Blvd,Wilmington,DE,19803
CUST003040,The Rusty Nail,"1174 Commerce Ct, Ste A",Baton Rouge,LA,70850
CUST003041,Shake Shack,"2270 Harbor Ct, Ste A",Kansas City,MO,64161
CUST003042,The Silver Draft,"9887 Bay Ave, Suite 200",Indianapolis,IN,46238
CUST003043,Atlanta Taproom,9392 Oak Blvd,Atlanta,GA,30380
CUST003044,BevMo,"2921 Green Blvd, Suite 100",Denver,CO,80222
CUST003045,The Silver Keg,"6109 Church Ln, Suite 200",Albuquerque,NM,87173
CUST003046,Smart & Final,"8103 Lake Dr, Suite 100",Miami,FL,33116
CUST003047,Raley's,7819 Main Dr,Brooklyn,NY,11210
CUST003048,Smart & Final,"6431 Willow Dr, Suite 200",Fort Worth,TX,76152
CUST003049,BevMo,5269 Church Ct,Jackson,MS,39291
CUST003050,Luigi & Pete's Steakhouse,7232 Pine Dr,Tampa,FL,33698
CUST003051,Hartford Brewing Co.,4749 Church St,Hartford,CT,06138
CUST003052,Price Chopper,"4669 Industrial Rd, Unit B",Milwaukee,WI,53245
CUST003053,Five Guys,"7268 Willow Ct, #101",Orlando,FL,32809
CUST003054,Homewood Suites by Hilton Columbus,329 Harbor Ln,Columbus,OH,43255
CUST003055,Luigi's Grill,"3105 Union Dr, Ste A",Dallas,TX,75219
CUST003056,Price Chopper,"8205 Spring Ln, Ste A",Sioux Falls,SD,57165
CUST003057,Hooters,"1067 Broad Ct, Ste A",Louisville,KY,40282
CUST003058,Buffalo Wild Wings,7373 Green Blvd,San Francisco,CA,94109
CUST003059,HEB,"8642 Lake Ln, Ste A",Jersey City,NJ,07316
CUST003060,Brown Kitchen,5083 Center St,Colorado Springs,CO,80986
CUST003061,Nick's Grill,7094 Division Pl,Memphis,TN,38139
CUST003062,Corner Pocket Billiards & Bar,2249 Garden Way,Fort Worth,TX,76157
CUST003063,Sports Page Bar,8100 Willow Way,Virginia Beach,VA,23468
CUST003064,Casa Garcia,"318 Church Rd, #101",Portland,OR,97255
CUST003065,Texas Roadhouse,"3547 Sunset Rd, #101",Honolulu,HI,96812
CUST003066,ABC Fine Wine & Spirits,"2892 Walnut Way, Ste A",Louisville,KY,40237
CUST003067,Sheetz #8431,"4759 Church Dr, Ste A",Baton Rouge,LA,70837
CUST003068,Costco Wholesale,5739 Valley Blvd,Charlotte,NC,28239
CUST003069,Stop & Shop,"4074 Center Way, Ste A",Cincinnati,OH,45215
CUST003070,Mama Smith's Pizzeria,"158 Church Pkwy, Unit B",Tucson,AZ,85750
CUST003071,Shake Shack,5874 Church Rd,Grand Rapids,MI,49531
CUST003072,Cheers Bar & Grill,7175 Maple St,Tulsa,OK,74130
CUST003073,Frank & Maria's Steakhouse,3863 Harbor Dr,Little Rock,AR,72226
CUST003074,HEB,2903 Peach Rd,Buffalo,NY,14266
CUST003075,Shake Shack,"6729 Green Rd, #101",Philadelphia,PA,19189
CUST003076,Total Wine & More,2787 Union Ct,Jackson,MS,39205
CUST003077,Main Street Liquors,"7031 Commerce Dr, #101",Nashville,TN,37258
CUST003078,Five Guys,"4832 Spring Dr, Suite 200",Kansas City,MO,64123
CUST003079,Steak 'n Shake,3435 Main Way,Cleveland,OH,44156
CUST003080,Sports Page Bar,8287 Hill St,Memphis,TN,38167
CUST003081,Salt Lake City Kitchen,5570 Magnolia Dr,Salt Lake City,UT,84121
CUST003082,Joe's Bar & Grill,3089 Peach Ct,Miami,FL,33175
CUST003083,The Rusty Stag,"6199 Maple Ln, Unit B",Portland,OR,97206
CUST003084,Denny's,"9975 Maple Dr, Suite 200",Tulsa,OK,74113
CUST003085,Red Robin,"8857 Walnut Way, Suite 200",Buffalo,NY,14267
CUST003086,Meijer,6060 Pine Pkwy,Louisville,KY,40288
CUST003087,Spec's Liquor,9321 Valley Blvd,Richmond,VA,23204
CUST003088,The Tap Room,"937 Market Rd, Unit B",Reno,NV,89516
CUST003089,Austin Bistro,"9223 Commerce Blvd, Ste A",Austin,TX,78711
CUST003090,Total Wine & More,"4012 Valley Ct, Suite 200",New York,NY,10017
CUST003091,IHOP,3385 Walnut Dr,Savannah,GA,31453
CUST003092,The Phoenix Grille,"2460 Harbor Blvd, Suite 200",Phoenix,AZ,85041
CUST003093,Binny's Beverage Depot,692 Park Ln,Providence,RI,02962
CUST003094,Love's Travel Stop #8453,"7369 Commerce Dr, Suite 200",Salt Lake City,UT,84195
CUST003095,Whataburger,"1026 Division Ct, Ste A",Las Vegas,NV,89153
CUST003096,Kona Grill,"575 Hill St, Ste A",Denver,CO,80274
CUST003097,Speedway #7264,"3781 Forest Way, Unit B",Jersey City,NJ,07388
CUST003098,Indianapolis Taproom,"2523 Division Ct, #101",Indianapolis,IN,46287
CUST003099,Whataburger,"3779 Maple Ln, Unit B",Charleston,SC,29495
CUST003100,Tucson Grill,"5022 Church Way, Unit B",Tucson,AZ,85752
CUST003101,St. Louis Kitchen,4845 Oak Pkwy,St. Louis,MO,63102
CUST003102,Circle K #1890,4579 Washington Pl,Philadelphia,PA,19183
CUST003103,Stater Bros.,4558 Cherry Ln,Savannah,GA,31469
CUST003104,Mama Patel's Pizzeria,9450 Forest Rd,Tulsa,OK,74148
CUST003105,Super 8 by Wyndham Colorado Springs,"7279 Willow Pkwy, Unit B",Colorado Springs,CO,80973
CUST003106,Providence Diner,"7346 Main Dr, #101",Providence,RI,02914
CUST003107,Total Wine & More,"7743 Commerce Way, Suite 100",Pittsburgh,PA,15255
CUST003108,Chili's,"2704 Meadow St, Suite 200",Raleigh,NC,27693
CUST003109,Omaha Bottle Shop,"6630 Meadow St, Ste A",Omaha,NE,68160
CUST003110,World of Beer,5706 Park St,Albuquerque,NM,87199
CUST003111,Salt Lake City Diner,"2018 Center Way, Suite 200",Salt Lake City,UT,84146
CUST003112,Choice Hotels Econo Lodge Louisville,"2445 Forest Pkwy, Ste A",Louisville,KY,40260
CUST003113,Red by Radisson Newark,"2587 Forest Pkwy, Suite 100",Newark,NJ,07164
CUST003114,Mama Nguyen's Kitchen,9542 Cedar Way,Charlotte,NC,28281
CUST003115,Danny & Chris's Steakhouse,"1027 Division Ln, Unit B",Reno,NV,89515
CUST003116,Golden Corral,2634 Bay Rd,Sacramento,CA,95815
CUST003117,Marketview Liquor,"9983 Walnut Ln, #101",Memphis,TN,38104
CUST003118,Hilton Garden Inn Dallas,1142 Spring Rd,Wilmington,DE,19806
CUST003119,Corner Pocket Billiards & Bar,3985 Commerce Way,Austin,TX,78781
CUST003120,Food Lion,2899 Magnolia Pl,Eugene,OR,97416
CUST003121,Providence Bottle Shop,"8482 Valley Dr, Suite 200",Providence,RI,02929
CUST003122,Outback Steakhouse,"2635 Oak Ave, Ste A",Raleigh,NC,27602
CUST003123,Rossi's Tavern,"4648 Hill Ln, #101",Tulsa,OK,74108
CUST003124,Lidl,"6797 Industrial Rd, Ste A",Charleston,SC,29453
CUST003125,Neighborhood Bar & Grill,"442 Meadow Ln, #101",Colorado Springs,CO,80918
CUST003126,Sports Page Bar,"2129 Meadow Ct, Unit B",Orlando,FL,32869
CUST003127,Keg Liquors,"9872 Elm St, Unit B",Colorado Springs,CO,80913
CUST003128,Davis Family Restaurant,"1963 Elm Pl, Suite 200",Savannah,GA,31456
CUST003129,The Lucky Stein,"861 Industrial Pkwy, Suite 100",Lexington,KY,40520
CUST003130,Yard House,6916 Forest Pl,Cincinnati,OH,45269
CUST003131,Regency by Hyatt Sacramento,3002 Bay Way,Sacramento,CA,95878
CUST003132,Fine Wine & Spirits,5399 Green Pl,Albuquerque,NM,87106
CUST003133,Wingstop,3972 Broad Dr,Madison,WI,53786
CUST003134,Brown's Tavern,4040 Union St,Minneapolis,MN,55400
CUST003135,Fargo Ale House,9128 Spring Rd,Fargo,ND,58167
CUST003136,Carlos & Joe's Steakhouse,9588 Spring Ln,Orlando,FL,32878
CUST003137,Publix,"4706 Hill Ct, Suite 200",Atlanta,GA,30374
CUST003138,CVS Pharmacy,5097 Broad Ct,Charlotte,NC,28204
CUST003139,Kona Grill,"2465 Oak Rd, Suite 100",Omaha,NE,68182
CUST003140,The Wolf & Anchor,"8112 Highland Pkwy, Unit B",Springfield,IL,62783
CUST003141,Outback Steakhouse,"319 Union Way, #101",Grand Rapids,MI,49565
CUST003142,Sunset Lounge,"6409 Meadow St, Unit B",Honolulu,HI,96855
CUST003143,Denny's,"368 Elm Ave, #101",Orlando,FL,32834
CUST003144,Bob Evans,3311 Valley Way,Providence,RI,02964
CUST003145,Rite Aid,"5377 Center Ct, Suite 200",Tulsa,OK,74196
CUST003146,IHOP,4089 Pine Pkwy,Phoenix,AZ,85077
CUST003147,Bill & Mike's Steakhouse,3477 Broad St,Las Vegas,NV,89169
CUST003148,Holiday Inn by IHG Nashville,"1858 Main Ln, Suite 200",Nashville,TN,37249
CUST003149,Papa Patel's,6685 Spring Dr,Miami,FL,33177
CUST003150,Denny's,"4419 River Ct, Ste A",Minneapolis,MN,55422
CUST003151,Ramada by Wyndham Virginia Beach,"5612 Pine St, #101",Virginia Beach,VA,23412
CUST003152,WinCo Foods,"5730 Center Ave, Suite 200",New Orleans,LA,70195
CUST003153,Bob Evans,"4805 Pine Ct, Ste A",Wilmington,DE,19880
CUST003154,Jack's Bar & Grill,5827 Chestnut Blvd,Jackson,MS,39235
CUST003155,CVS Pharmacy,3082 Bay Pl,Queens,NY,11360
CUST003156,Papa Smith's,"6781 Hill Way, Suite 100",Jackson,MS,39267
CUST003157,The Broken Spoke,4797 Oak Rd,Queens,NY,11306
CUST003158,The Tap Room,"1928 Industrial Dr, Unit B",Philadelphia,PA,19194
CUST003159,Hilton Garden Inn Dallas,9134 Spring Ave,Fort Worth,TX,76109
CUST003160,Cracker Barrel,4729 Park Blvd,San Antonio,TX,78259
CUST003161,Chipotle Mexican Grill,2514 Oak Pl,Philadelphia,PA,19137
CUST003162,Chipotle Mexican Grill,"6190 Church Way, Ste A",Queens,NY,11380
CUST003163,Texas Roadhouse,"3945 Sunset St, Suite 100",Richmond,VA,23271
CUST003164,Rosa & Maria's Steakhouse,1240 Cedar Ave,Philadelphia,PA,19150
CUST003165,Wawa #2530,"4520 Center Dr, Suite 200",San Francisco,CA,94107
CUST003166,Esposito's Tavern,"3252 Magnolia Blvd, #101",Birmingham,AL,35296
CUST003167,Total Wine & More,9612 Oak Way,Detroit,MI,48224
CUST003168,Red Lobster,"3950 Garden Ct, Suite 100",Richmond,VA,23242
CUST003169,Premier Wine & Spirits,"9459 Commerce Ct, Suite 200",Burlington,VT,05489
CUST003170,7-Eleven Store #3622,3814 Oak Pkwy,Annapolis,MD,21497
CUST003171,Denny's,4849 Willow Way,Los Angeles,CA,90077
CUST003172,CVS Pharmacy,"2048 Cherry Ave, #101",Columbus,OH,43234
CUST003173,Golden Corral,"360 Park Ct, #101",St. Louis,MO,63175
CUST003174,Burlington Wine & Spirits,5774 Union Ave,Burlington,VT,05444
CUST003175,Rite Aid,1887 Washington Rd,Nashville,TN,37285
CUST003176,The Draft House,"2725 Oak Ave, Suite 100",Los Angeles,CA,90049
CUST003177,Sam's Club,"5004 Maple Blvd, Ste A",Tulsa,OK,74131
CUST003178,The Cheesecake Factory,"7074 Division Way, #101",Savannah,GA,31460
CUST003179,Baton Rouge Taproom,3446 Lake Blvd,Baton Rouge,LA,70899
CUST003180,Costco Wholesale,9418 Valley Ct,Philadelphia,PA,19132
CUST003181,Residence Inn by Marriott Wilmington,"4369 Spring Way, #101",Wilmington,DE,19808
CUST003182,The Lexington Grille,4879 Spring Dr,Lexington,KY,40543
CUST003183,Old Fargo Tavern,"8898 Harbor Rd, Suite 200",Fargo,ND,58163
CUST003184,Twin Peaks,1497 Garden Rd,Virginia Beach,VA,23497
CUST003185,Olive Garden,1211 Hill Rd,Philadelphia,PA,19121
CUST003186,Lou's Grill,4510 Broad Pkwy,Columbia,SC,29247
CUST003187,Meijer,5004 Valley Way,Columbus,OH,43272
CUST003188,Steak 'n Shake,"8316 Commerce Rd, #101",Reno,NV,89534
CUST003189,7-Eleven Store #7354,8549 Harbor Blvd,Phoenix,AZ,85097
CUST003190,Raising Cane's,7809 Walnut Pl,Seattle,WA,98171
CUST003191,Old San Diego Tavern,"7734 Peach Rd, Suite 100",San Diego,CA,92138
CUST003192,Kim's Pub,"3893 Main Rd, Unit B",Newark,NJ,07108
CUST003193,Albertsons,8203 Oak Pl,Savannah,GA,31450
CUST003194,Kwik Trip #1139,"7178 Main Pkwy, Suite 100",Denver,CO,80204
CUST003195,Super 8 by Wyndham Hartford,"7011 Harbor Ln, #101",Hartford,CT,06167
CUST003196,TGI Fridays,2437 Sunset Rd,Little Rock,AR,72203
CUST003197,Yard House,"8709 Meadow Rd, Suite 100",Jacksonville,FL,32257
CUST003198,Olive Garden,7157 Pine Dr,Spokane,WA,99201
CUST003199,Chipotle Mexican Grill,8925 Chestnut Blvd,Miami,FL,33165
CUST003200,Mama Patel's,"9278 Forest Pl, Suite 200",San Antonio,TX,78296
CUST003201,Birmingham Diner,8562 Main St,Birmingham,AL,35275
CUST003202,Sam's Club,4123 Union Blvd,Little Rock,AR,72274
CUST003203,Keg Liquors,1036 Washington St,Jacksonville,FL,32207
CUST003204,IHOP,9639 Meadow Ct,Cincinnati,OH,45294
CUST003205,Crowne Plaza by IHG Los Angeles,"1161 Washington Way, #101",Los Angeles,CA,90017
CUST003206,The Milwaukee Grille,3749 Cedar Ln,Milwaukee,WI,53278
CUST003207,WinCo Foods,"5590 Walnut St, Ste A",Virginia Beach,VA,23491
CUST003208,Holiday Inn by IHG Tulsa,"4138 Cedar Ave, Ste A",Tulsa,OK,74124
CUST003209,Marketview Liquor,"5983 River Pkwy, Unit B",Virginia Beach,VA,23435
CUST003210,Down the Hatch,"4107 Highland Pl, Ste A",Tampa,FL,33650
CUST003211,The Tap Room,807 Industrial Ave,Jackson,MS,39248
CUST003212,Aldi,"8208 Center Pl, Suite 100",Philadelphia,PA,19176
CUST003213,Panera Bread,3930 Market Rd,St. Paul,MN,55117
CUST003214,Mama Rossi's,3440 Highland Way,Las Vegas,NV,89143
CUST003215,Patel Family Restaurant,"6467 Magnolia Way, Suite 100",Atlanta,GA,30334
CUST003216,Sheetz #2657,3498 Chestnut Rd,Savannah,GA,31451
CUST003217,Perkins Restaurant,"7210 Chestnut Pkwy, Ste A",Jacksonville,FL,32266
CUST003218,The Ferreira House,"2551 Forest St, Suite 200",Buffalo,NY,14205
CUST003219,Best Western Plus Denver,"192 River Blvd, Suite 100",Denver,CO,80253
CUST003220,The Minneapolis Grille,"4564 Park Pl, Suite 200",Minneapolis,MN,55488
CUST003221,Sunset Lounge,8624 Main Way,Phoenix,AZ,85099
CUST003222,Total Wine & More,"4917 Union Dr, #101",Tulsa,OK,74114
CUST003223,Perkins Restaurant,"9792 Willow Ave, Suite 100",Jacksonville,FL,32248
CUST003224,Sacramento Ale House,"7680 Center Ct, Unit B",Sacramento,CA,95860
CUST003225,BJ's Wholesale Club,"7949 Garden Pkwy, Ste A",Little Rock,AR,72217
CUST003226,Safeway,"3617 Green Ln, Unit B",Columbia,SC,29262
CUST003227,Kroger,7340 Harbor Ave,Colorado Springs,CO,80968
CUST003228,Casa Ferreira,"4393 Main Ct, #101",Annapolis,MD,21468
CUST003229,JW Marriott Los Angeles,"7076 Center St, Ste A",Grand Rapids,MI,49507
CUST003230,La Quinta by Wyndham New Orleans,"8734 Walnut Ct, #101",New Orleans,LA,70190
CUST003231,Kim Family Restaurant,"6309 Bay Pl, Suite 200",Lexington,KY,40504
CUST003232,Courtyard by Marriott Chicago,1718 Highland Blvd,Jackson,MS,39258
CUST003233,Phil & Mike's Steakhouse,"6218 Meadow Ct, Ste A",Dallas,TX,75282
CUST003234,Hampton Inn Nashville,7680 Walnut Pkwy,Albuquerque,NM,87104
CUST003235,Worcester Diner,637 Harbor Pkwy,Worcester,MA,01648
CUST003236,Papa Smith's,8598 Broad Ln,Nashville,TN,37274
CUST003237,Esposito's Pub,"7434 Sunset Pl, Unit B",Honolulu,HI,96824
CUST003238,Red by Radisson Louisville,"2708 Industrial Ln, Ste A",Louisville,KY,40281
CUST003239,Courtyard by Marriott Charleston,"1342 Lake Dr, Suite 100",Charleston,SC,29473
CUST003240,Kroger,8320 Oak Ave,Buffalo,NY,14232
CUST003241,The St. Paul Grille,"108 Chestnut Ln, Ste A",St. Paul,MN,55132
CUST003242,Liquor Barn,"9712 Washington Blvd, Suite 200",Tucson,AZ,85714
CUST003243,IHOP,3231 Sunset Way,Birmingham,AL,35283
CUST003244,Rite Aid,"6442 Maple Rd, #101",Columbus,OH,43282
CUST003245,Courtyard by Marriott Milwaukee,526 Pine Blvd,Milwaukee,WI,53275
CUST003246,Discount Liquor Mart,2766 Magnolia Ct,Providence,RI,02977
CUST003247,Mama Davis's Kitchen,6042 Cedar Ct,Pittsburgh,PA,15291
CUST003248,GetGo #1887,1444 Garden Ave,Austin,TX,78709
CUST003249,Waffle House,"7975 Sunset Pkwy, Ste A",Miami,FL,33128
CUST003250,Anna's Grill,4319 Cedar Ave,Fargo,ND,58106
CUST003251,Sunset Lounge,192 Maple Pkwy,Birmingham,AL,35214
CUST003252,Raley's,"1030 Green Rd, Unit B",Richmond,VA,23295
CUST003253,Waffle House,9088 Forest Pkwy,Newark,NJ,07164
CUST003254,Cleveland Ale House,4123 Cherry Ave,Cleveland,OH,44168
CUST003255,Homewood Suites by Hilton Birmingham,4476 Park Blvd,Birmingham,AL,35258
CUST003256,Whataburger,"6556 Oak St, Suite 100",Baltimore,MD,21271
CUST003257,Garcia Kitchen,4415 Sunset Ln,Phoenix,AZ,85087
CUST003258,Fort Worth Brewing Co.,"3627 Lake Blvd, #101",Fort Worth,TX,76160
CUST003259,Miami Wine & Spirits,8235 Highland Pkwy,Miami,FL,33148
CUST003260,Fine Wine & Spirits,4547 Meadow St,Nashville,TN,37268
CUST003261,Romano Family Restaurant,"7612 Valley Rd, Ste A",Annapolis,MD,21447
CUST003262,Place by Hyatt Springfield,"5455 Cedar Blvd, Suite 100",Springfield,IL,62723
CUST003263,Food Lion,7023 Elm Pkwy,Nashville,TN,37275
CUST003264,Main Street Liquors,"1223 Green Way, Ste A",Annapolis,MD,21498
CUST003265,Mama Romano's Pizzeria,"7625 Washington Dr, Ste A",Worcester,MA,01694
CUST003266,The Springfield Grille,"4387 Maple Pl, #101",Springfield,IL,62700
CUST003267,Marriott Houston Downtown,"7112 Meadow Way, #101",Phoenix,AZ,85059
CUST003268,Burlington Liquors,3527 Forest Ct,Burlington,VT,05459
CUST003269,Red Robin,"3658 Broad Ct, Unit B",Providence,RI,02986
CUST003270,Spec's Liquor,"4569 Oak Dr, Suite 100",Colorado Springs,CO,80936
CUST003271,Courtyard by Marriott Salt Lake City,"6744 Magnolia Ave, #101",Salt Lake City,UT,84159
CUST003272,Hampton Inn by Hilton Columbia,"3923 Church Rd, Ste A",Columbia,SC,29276
CUST003273,Applebee's,"6983 Highland Rd, Ste A",Tampa,FL,33629
CUST003274,Premier Wine & Spirits,8986 Market Blvd,Kansas City,MO,64187
CUST003275,Denny's,"1022 River Way, Suite 200",Columbus,OH,43270
CUST003276,Wingstop,"5163 Market St, Ste A",Detroit,MI,48250
CUST003277,Golden Corral,"1013 Broad Ct, Suite 100",Portland,OR,97238
CUST003278,Liquor Barn,2524 Harbor Ln,Colorado Springs,CO,80987
CUST003279,Stop & Shop,2397 Division Way,Providence,RI,02928
CUST003280,In-N-Out Burger,"3831 Union Pkwy, Unit B",Jersey City,NJ,07370
CUST003281,Albuquerque Kitchen,"6379 Harbor Ave, Suite 100",Albuquerque,NM,87140
CUST003282,Olive Garden,858 Division St,Honolulu,HI,96858
CUST003283,Liquor Barn,4978 Spring Pl,Tucson,AZ,85799
CUST003284,Waffle House,"9967 Highland Blvd, Suite 200",Tampa,FL,33645
CUST003285,Philadelphia Kitchen,"5228 Forest Ln, Suite 200",Philadelphia,PA,19182
CUST003286,Raley's,5318 Maple Pl,Honolulu,HI,96814
CUST003287,Philadelphia Tap Room,"8977 Spring Blvd, Ste A",Philadelphia,PA,19135
CUST003288,Park's Diner,6141 Meadow Way,Minneapolis,MN,55498
CUST003289,Keg Liquors,"869 River Blvd, Suite 200",Columbus,OH,43212
CUST003290,Sports Page Bar,6620 Church St,Memphis,TN,38166
CUST003291,Safeway,4040 Oak Rd,San Francisco,CA,94141
CUST003292,Hy-Vee,"5540 Highland Pl, Suite 200",Burlington,VT,05447
CUST003293,Albertsons,"2183 Church St, Suite 100",Buffalo,NY,14298
CUST003294,Wawa #2089,2482 Cherry Rd,Seattle,WA,98120
CUST003295,Buffalo Wild Wings,206 Sunset Dr,Dallas,TX,75233
CUST003296,Ingles Markets,4315 Harbor Rd,Sioux Falls,SD,57162
CUST003297,Pittsburgh Taproom,"6565 Hill Pl, #101",Pittsburgh,PA,15263
CUST003298,Ramada by Wyndham Springfield,7306 Bay Way,Springfield,IL,62777
CUST003299,Sal's Grill,"1661 Maple Ln, Suite 100",St. Louis,MO,63183
CUST003300,Hampton Inn by Hilton Seattle,8501 Center Way,Seattle,WA,98141
CUST003301,Fort Worth Bistro,8436 Maple Ln,Fort Worth,TX,76110
CUST003302,Meijer,"9748 Commerce St, Suite 100",Cleveland,OH,44173
CUST003303,Maria's Bar & Grill,1572 Cherry Ln,Miami,FL,33171
CUST003304,Radisson Atlanta,7464 Sunset Way,Atlanta,GA,30351
CUST003305,Smart & Final,4940 Maple Dr,Portland,OR,97257
CUST003306,Hy-Vee,3212 Magnolia Rd,Richmond,VA,23217
CUST003307,Giant Eagle,1658 Division Pkwy,St. Louis,MO,63157
CUST003308,Virginia Beach Taproom,"9282 Church Ln, Unit B",Virginia Beach,VA,23423
CUST003309,Old Madison Tavern,"7382 Chestnut Ct, #101",Madison,WI,53781
CUST003310,JW Marriott Los Angeles,"6189 Maple Way, Unit B",Queens,NY,11386
CUST003311,In-N-Out Burger,"4721 Union Dr, Suite 200",Salt Lake City,UT,84139
CUST003312,Whole Foods Market,"2366 Center Ln, #101",Dallas,TX,75226
CUST003313,Annapolis Brewing Co.,246 Willow Pkwy,Annapolis,MD,21400
CUST003314,Newark Taproom,"148 Oak Pkwy, #101",Newark,NJ,07199
CUST003315,Twin Peaks,"969 Green Pkwy, Suite 100",Houston,TX,77083
CUST003316,Punch Bowl Social,3471 Walnut Ln,Indianapolis,IN,46214
CUST003317,Central Liquors,"9338 Green Dr, Suite 100",Charleston,SC,29451
CUST003318,Holiday Inn by IHG Honolulu,"4841 Washington Rd, Suite 100",Honolulu,HI,96885
CUST003319,Tom's Seafood,"5420 Chestnut Way, Suite 200",Burlington,VT,05413
CUST003320,Dave & Buster's,"7261 Bay Rd, Unit B",Sacramento,CA,95899
CUST003321,Mama Park's,"9347 Walnut Pkwy, Suite 200",Tulsa,OK,74104
CUST003322,Publix,3809 Center Pkwy,Springfield,IL,62732
CUST003323,Colorado Springs Grill,8765 Meadow Ct,Colorado Springs,CO,80996
CUST003324,Cracker Barrel,8139 Main Ct,Seattle,WA,98161
CUST003325,Crowne Plaza by IHG Lexington,"5580 Chestnut Rd, Unit B",Lexington,KY,40568
CUST003326,TGI Fridays,2888 Walnut Ln,Eugene,OR,97403
CUST003327,Kwik Trip #3009,5398 Magnolia Ct,Annapolis,MD,21465
CUST003328,Trader Joe's,"339 Forest Ln, Suite 200",Newark,NJ,07142
CUST003329,Perkins Restaurant,1575 Bay Ave,St. Louis,MO,63189
CUST003330,Birmingham Brewing Co.,"6535 Meadow Pkwy, Ste A",Birmingham,AL,35251
CUST003331,BevMo,2959 Washington Ln,New Orleans,LA,70147
CUST003332,Sunset Lounge,9413 Harbor Ave,Virginia Beach,VA,23481
CUST003333,Ramada by Wyndham Cincinnati,5160 Oak Dr,Cincinnati,OH,45281
CUST003334,Sonic Drive-In,"3726 Church Ct, Suite 100",Kansas City,MO,64159
CUST003335,Super 8 by Wyndham Wilmington,"5171 Park Dr, Suite 200",Wilmington,DE,19861
CUST003336,Regency by Hyatt Atlanta,4493 Elm Pl,Atlanta,GA,30326
CUST003337,Sheetz #998,"2128 Sunset Ave, Ste A",Queens,NY,11317
CUST003338,P.F. Chang's,3670 Magnolia Rd,Newark,NJ,07155
CUST003339,WinCo Foods,2470 Spring Rd,Virginia Beach,VA,23461
CUST003340,San Francisco Diner,5112 Oak Pkwy,San Francisco,CA,94149
CUST003341,Raising Cane's,5455 Maple Ave,St. Paul,MN,55116
CUST003342,Golden Corral,281 Union Pl,Springfield,IL,62744
CUST003343,Sam's Club,4351 Market Rd,San Diego,CA,92153
CUST003344,Brooklyn Diner,"7255 Elm St, Ste A",Brooklyn,NY,11273
CUST003345,Texas Roadhouse,2320 Cedar St,Sacramento,CA,95831
CUST003346,Sports Page Bar,9687 Broad Dr,Grand Rapids,MI,49594
CUST003347,Main Street Liquors,"1659 Pine Dr, Ste A",Hartford,CT,06162
CUST003348,Smith's Liquor Store,7792 Meadow Ct,San Antonio,TX,78207
CUST003349,Brown's Diner,2568 Lake Way,Virginia Beach,VA,23497
CUST003350,P.F. Chang's,"6268 Harbor Rd, Suite 200",Houston,TX,77068
CUST003351,Keg Liquors,"8557 Harbor Blvd, Suite 200",Milwaukee,WI,53282
CUST003352,Old Springfield Tavern,2887 Meadow St,Springfield,IL,62706
CUST003353,Mike & Sal's Steakhouse,9656 Meadow Ave,Lexington,KY,40572
CUST003354,Publix,"779 Valley Ct, Suite 100",Phoenix,AZ,85052
CUST003355,The Rizzo House,1534 Washington Dr,Birmingham,AL,35270
CUST003356,Phil's Grill,6394 Sunset Ave,New York,NY,10034
CUST003357,Old Queens Tavern,1602 Washington Ave,Queens,NY,11330
CUST003358,Price Chopper,2922 Cherry Pkwy,Miami,FL,33123
CUST003359,Steak 'n Shake,"3455 Meadow Pl, Ste A",Providence,RI,02978
CUST003360,Sunset Lounge,"8615 Peach Rd, Ste A",Baton Rouge,LA,70852
CUST003361,World of Beer,"2119 Garden Dr, Suite 200",Dallas,TX,75259
CUST003362,GetGo #8569,1552 Market Rd,Louisville,KY,40264
CUST003363,Chen's BBQ,"1872 Willow Ave, Ste A",Newark,NJ,07130
CUST003364,Marco & Dave's Steakhouse,5677 Bay Ln,Little Rock,AR,72241
CUST003365,The Tap Room,4451 Main Rd,Philadelphia,PA,19197
CUST003366,Blu by Radisson Cleveland,6105 Harbor Pkwy,Cleveland,OH,44182
CUST003367,Mama Rizzo's Kitchen,"3330 Lake Ave, Suite 200",Dallas,TX,75283
CUST003368,Sports Page Bar,5700 Spring Ave,Las Vegas,NV,89159
CUST003369,DoubleTree by Hilton Detroit,"8450 Broad Ct, #101",Detroit,MI,48295
CUST003370,DeLuca's Diner,1003 Cedar St,Seattle,WA,98106
CUST003371,Buffalo Wild Wings,2724 Willow Dr,Spokane,WA,99282
CUST003372,Jersey City Grill,4422 Highland Dr,Jersey City,NJ,07346
CUST003373,7-Eleven Store #6016,"5145 Peach Blvd, Suite 200",Wilmington,DE,19867
CUST003374,The Queens Grille,1706 Main Dr,Queens,NY,11315
CUST003375,Rossi Kitchen,"5565 Industrial Rd, Suite 200",Boston,MA,02173
CUST003376,Best Western Premier Chicago,699 Commerce Way,Chicago,IL,60666
CUST003377,In-N-Out Burger,1839 Elm St,Detroit,MI,48273
CUST003378,Homewood Suites by Hilton Denver,591 Church Way,Denver,CO,80278
CUST003379,Bob Evans,"8951 Union Pkwy, Ste A",Fort Worth,TX,76132
CUST003380,Ritz-Carlton New Orleans,1235 Maple Blvd,Indianapolis,IN,46214
CUST003381,Choice Hotels Clarion Orlando,"8169 Division Pl, Suite 100",Orlando,FL,32824
CUST003382,Cracker Barrel,8866 Forest Pkwy,Boston,MA,02136
CUST003383,Brooklyn Kitchen,"3073 Peach St, Unit B",Brooklyn,NY,11262
CUST003384,Esposito's Tavern,1498 Garden Ave,Annapolis,MD,21487
CUST003385,Marketview Liquor,"8274 Lake St, #101",Atlanta,GA,30371
CUST003386,St. Paul Wine & Spirits,3939 Industrial Pl,St. Paul,MN,55196
CUST003387,Charleston Liquors,8754 Magnolia Pkwy,Charleston,SC,29409
CUST003388,Sunset Lounge,"3341 Center Pkwy, Unit B",Detroit,MI,48272
CUST003389,Sam's Club,"520 Magnolia Ave, #101",Chicago,IL,60603
CUST003390,Hooters,"6632 Hill Rd, Suite 100",San Francisco,CA,94154
CUST003391,World of Beer,"4581 River Rd, Ste A",Brooklyn,NY,11254
CUST003392,Walgreens,4212 Lake Way,Sioux Falls,SD,57105
CUST003393,Smart & Final,"9803 Highland Dr, Suite 100",Burlington,VT,05473
CUST003394,Savannah Brewing Co.,2799 Division St,Savannah,GA,31429
CUST003395,Aldi,"5588 Valley Ct, Unit B",Worcester,MA,01679
CUST003396,Binny's Beverage Depot,"6305 Oak Pkwy, #101",Dallas,TX,75256
CUST003397,Waffle House,2217 Elm Way,Seattle,WA,98185
CUST003398,P.F. Chang's,2983 Hill St,Raleigh,NC,27654
CUST003399,Spec's Liquor,4393 Hill Blvd,Wilmington,DE,19881
CUST003400,Golden Corral,"8960 Union Ave, Suite 200",Louisville,KY,40260
CUST003401,Buffalo Wild Wings,"1098 Washington St, Suite 200",Tucson,AZ,85770
CUST003402,Kona Grill,5122 Main Dr,Albuquerque,NM,87190
CUST003403,Columbia Bistro,"6669 Walnut Blvd, Suite 100",Columbia,SC,29213
CUST003404,Whataburger,"5802 Peach Ct, Suite 100",Providence,RI,02950
CUST003405,Hilton Garden Inn Dallas,"1673 Spring Rd, Suite 200",Eugene,OR,97456
CUST003406,In-N-Out Burger,"1221 Forest Pkwy, #101",Kansas City,MO,64185
CUST003407,Trader Joe's,"282 Industrial St, Unit B",Seattle,WA,98105
CUST003408,Ray's Seafood,9557 Willow Pl,Fargo,ND,58133
CUST003409,Five Guys,"3156 Cherry Dr, Ste A",Oklahoma City,OK,73132
CUST003410,Sunset Lounge,947 Division Way,Charlotte,NC,28208
CUST003411,Denny's,6973 Spring Ave,Charleston,SC,29475
CUST003412,Rite Aid,"1195 Washington Way, Suite 100",Newark,NJ,07167
CUST003413,Rite Aid,7025 Union Rd,Baton Rouge,LA,70865
CUST003414,Five Guys,"600 Maple Pl, Suite 100",Providence,RI,02935
CUST003415,Old Las Vegas Tavern,"5333 Harbor Ct, Suite 100",Las Vegas,NV,89162
CUST003416,Costco Wholesale,"1139 Hill Rd, Suite 200",Queens,NY,11300
CUST003417,Winn-Dixie,"1753 Hill Rd, Unit B",Colorado Springs,CO,80961
CUST003418,The Broken Spoke,8732 Washington Dr,Philadelphia,PA,19124
CUST003419,Miller's BBQ,"4508 River Ave, Suite 100",San Diego,CA,92133
CUST003420,Carlos's Grill,"5574 Center Blvd, Unit B",Denver,CO,80231
CUST003421,San Diego Liquors,"5217 Willow Rd, Unit B",San Diego,CA,92189
CUST003422,Nashville Bottle Shop,"7417 Spring St, #101",Nashville,TN,37287
CUST003423,Neighborhood Bar & Grill,6522 Industrial St,Sacramento,CA,95855
CUST003424,Five Guys,5164 Spring Ave,Kansas City,MO,64114
CUST003425,Bob Evans,"2787 Maple Pkwy, Suite 100",New Orleans,LA,70104
CUST003426,Red Lobster,"7907 Garden Pl, Suite 200",San Diego,CA,92162
CUST003427,Corner Pocket Billiards & Bar,3892 Cherry Way,Tulsa,OK,74115
CUST003428,Homewood Suites by Hilton Anchorage,9769 Commerce St,Anchorage,AK,99552
CUST003429,Sunset Lounge,"2902 Lake Way, #101",Minneapolis,MN,55483
CUST003430,Denny's,"9957 Pine Ln, Suite 100",Cincinnati,OH,45284
CUST003431,Buffalo Wild Wings,"4737 Elm Blvd, Ste A",St. Paul,MN,55110
CUST003432,Fine Wine & Spirits,"5082 Bay Ln, Ste A",Orlando,FL,32833
CUST003433,BJ's Wholesale Club,"8662 Market Ln, Unit B",Louisville,KY,40201
CUST003434,Casa Rossi,"7441 Valley Pkwy, Unit B",Anchorage,AK,99558
CUST003435,Marketview Liquor,9365 Oak Pl,Fort Worth,TX,76198
CUST003436,Radisson Madison,"4186 Meadow Way, Suite 200",Madison,WI,53776
CUST003437,Wingstop,6080 Forest Pl,Anchorage,AK,99567
CUST003438,Honolulu Kitchen,4280 River Rd,Honolulu,HI,96821
CUST003439,Albertsons,6975 Elm Ct,Buffalo,NY,14242
CUST003440,Caruso's Diner,"7747 Green Way, Suite 100",Brooklyn,NY,11247
CUST003441,Papa Jones's,8857 River Rd,Chicago,IL,60688
CUST003442,Mama Romano's Kitchen,9567 Chestnut Ln,Sioux Falls,SD,57138
CUST003443,Safeway,"9806 Market Way, Suite 200",Wilmington,DE,19861
CUST003444,Hooters,"3059 Market Ct, Suite 200",Anchorage,AK,99527
CUST003445,Patel's BBQ,5181 Church Ct,New York,NY,10076
CUST003446,Red Robin,6366 Main Pkwy,Kansas City,MO,64109
CUST003447,Down the Hatch,"2608 Chestnut Pkwy, #101",Sioux Falls,SD,57147
CUST003448,Wilmington Taproom,"6333 Church Ln, Suite 100",Wilmington,DE,19819
CUST003449,Patel's Diner,5594 Maple St,Columbia,SC,29286
CUST003450,WinCo Foods,"8145 Peach Ln, #101",Brooklyn,NY,11238
CUST003451,Tucson Bottle Shop,"9422 Highland Pl, Unit B",Tucson,AZ,85740
CUST003452,Panera Bread,"9836 Elm Ct, Suite 200",Indianapolis,IN,46279
CUST003453,Five Guys,"130 Center Ln, Unit B",Cincinnati,OH,45212
CUST003454,Whataburger,6520 Forest Ave,Jackson,MS,39296
CUST003455,Papa Brown's,4667 Center Ave,Las Vegas,NV,89177
CUST003456,Fairfield Inn by Marriott Jacksonville,"7888 Willow Ave, Ste A",Jacksonville,FL,32279
CUST003457,In-N-Out Burger,"8142 Commerce Pl, Suite 100",St. Louis,MO,63122
CUST003458,Discount Liquor Mart,"4495 Valley St, Suite 200",Detroit,MI,48297
CUST003459,Lidl,"7899 Church Pl, Suite 100",Eugene,OR,97488
CUST003460,Panera Bread,"4049 Chestnut St, Suite 200",Wilmington,DE,19829
CUST003461,Five Guys,"8645 Washington St, #101",Wilmington,DE,19891
CUST003462,Red Lobster,"1805 Maple Ave, Unit B",Eugene,OR,97437
CUST003463,The Broken Spoke,"5698 Lake Ln, Unit B",New Orleans,LA,70174
CUST003464,Sioux Falls Bistro,"4302 Harbor Ave, Ste A",Sioux Falls,SD,57166
CUST003465,TGI Fridays,"1590 Oak Ct, Ste A",Baltimore,MD,21255
CUST003466,Applebee's,1465 River Dr,Cleveland,OH,44154
CUST003467,Old San Francisco Tavern,"7571 River Pkwy, #101",San Francisco,CA,94145
CUST003468,HEB,"2230 Hill Way, Suite 100",Austin,TX,78716
CUST003469,Los Angeles Liquors,4216 Lake Ct,Los Angeles,CA,90019
CUST003470,Honolulu Tap Room,388 Willow St,Honolulu,HI,96809
CUST003471,Miller's Diner,1340 Cedar Dr,Charlotte,NC,28293
CUST003472,Keg Liquors,2805 Elm Ct,New Orleans,LA,70130
CUST003473,Sonic Drive-In,"8103 Park Pkwy, Ste A",Atlanta,GA,30392
CUST003474,Circle K #3405,6219 Valley Pl,Orlando,FL,32806
CUST003475,Fairfield Inn by Marriott Baltimore,8349 Cherry Dr,Baltimore,MD,21247
CUST003476,Bob Evans,9729 Meadow Way,Richmond,VA,23205
CUST003477,Liquor Barn,"9858 Park St, Unit B",Denver,CO,80239
CUST003478,Choice Hotels Econo Lodge Grand Rapids,5004 Sunset St,Grand Rapids,MI,49574
CUST003479,Red Lobster,6205 River St,Dallas,TX,75222
CUST003480,HEB,"7553 Magnolia Ave, Unit B",Cleveland,OH,44164
CUST003481,Panera Bread,"9712 Pine Ct, Suite 200",Lexington,KY,40531
CUST003482,DeLuca's Diner,"3986 Cherry Pkwy, Suite 100",Madison,WI,53716
CUST003483,Jacksonville Diner,"6964 Sunset Ln, Suite 100",Jacksonville,FL,32223
CUST003484,Best Western Reno,3575 Hill Blvd,Reno,NV,89504
CUST003485,TGI Fridays,6276 Willow St,Orlando,FL,32810
CUST003486,Phil's Grill,"6174 Garden Blvd, Unit B",Springfield,IL,62730
CUST003487,Detroit Grill,3535 Meadow Pl,Detroit,MI,48297
CUST003488,Total Wine & More,"3879 Green Ct, Suite 100",Charleston,SC,29456
CUST003489,Wingstop,"5123 Hill Ave, Unit B",Raleigh,NC,27623
CUST003490,Winn-Dixie,"4985 Elm Pl, #101",New Orleans,LA,70166
CUST003491,GetGo #9895,"3127 Meadow Ct, #101",Boston,MA,02127
CUST003492,Raley's,"366 Green Pl, Suite 200",Sioux Falls,SD,57114
CUST003493,Whataburger,"8916 Spring Pkwy, Suite 100",Jackson,MS,39288
CUST003494,Rite Aid,7227 River Blvd,Houston,TX,77006
CUST003495,Holiday Inn by IHG Louisville,5215 River Pl,Louisville,KY,40268
CUST003496,Albertsons,"4830 Cherry Pl, #101",Salt Lake City,UT,84184
CUST003497,Wawa #9972,"8423 Walnut Rd, Suite 100",Annapolis,MD,21482
CUST003498,Chili's,8844 Center Ln,Reno,NV,89552
CUST003499,TGI Fridays,"8602 Park Blvd, Ste A",Boston,MA,02150
CUST003500,7-Eleven Store #2454,6021 Commerce Dr,Sioux Falls,SD,57139
CUST003501,Buffalo Wild Wings,9395 Sunset Ct,Tucson,AZ,85775
CUST003502,Romano Family Restaurant,1399 Hill Way,Worcester,MA,01682
CUST003503,Romano Family Restaurant,"7958 Industrial Ave, Suite 100",St. Louis,MO,63139
CUST003504,Kona Grill,"1385 Hill Rd, Unit B",Atlanta,GA,30345
CUST003505,Five Guys,"3817 Sunset Ct, #101",Minneapolis,MN,55441
CUST003506,Walgreens,"5738 Oak Blvd, #101",Boston,MA,02168
CUST003507,The Williams House,5163 Main Ln,Dallas,TX,75284
CUST003508,Denny's,8425 Division Blvd,Cincinnati,OH,45253
CUST003509,Jackson Bottle Shop,"9789 Magnolia Pl, #101",Jackson,MS,39264
CUST003510,Regency by Hyatt Los Angeles,1830 Garden St,Los Angeles,CA,90097
CUST003511,Albertsons,"586 Walnut Blvd, Unit B",Salt Lake City,UT,84133
CUST003512,House by Hyatt Worcester,6664 Union St,Worcester,MA,01654
CUST003513,Pilot Flying J #639,"4329 Garden Ct, Unit B",Cleveland,OH,44149
CUST003514,Rite Aid,"7509 Washington Ct, Unit B",Sioux Falls,SD,57127
CUST003515,Hy-Vee,"8233 Garden Dr, Suite 200",Austin,TX,78701
CUST003516,House by Hyatt Jacksonville,"198 Sunset St, #101",Jacksonville,FL,32210
CUST003517,Red Lobster,"564 Cedar Ave, Unit B",Worcester,MA,01669
CUST003518,Twin Peaks,417 Hill Ct,New York,NY,10051
CUST003519,Denny's,9034 Main Ln,Houston,TX,77003
CUST003520,Cracker Barrel,"903 Forest Dr, Ste A",Baton Rouge,LA,70811
CUST003521,Sunset Lounge,"2929 Oak Ct, Suite 100",Eugene,OR,97492
CUST003522,The Broken Spoke,1855 Union Rd,Fargo,ND,58184
CUST003523,Five Guys,7097 Magnolia Ct,Hartford,CT,06140
CUST003524,Bob & Tom's Steakhouse,5089 Oak Way,Richmond,VA,23276
CUST003525,Holiday Inn Express Boston,6223 Cherry Ct,Fort Worth,TX,76126
CUST003526,Chipotle Mexican Grill,"6921 Maple Ln, Unit B",Cincinnati,OH,45241
CUST003527,The New Spur,5056 Chestnut Dr,Colorado Springs,CO,80927
CUST003528,Panera Bread,"6650 Pine St, #101",Cincinnati,OH,45276
CUST003529,Bar Louie,"625 Division St, Suite 200",Tampa,FL,33676
CUST003530,Food Lion,"1623 River Rd, Suite 200",Lexington,KY,40576
CUST003531,Sam's Club,"4170 Broad Blvd, Suite 100",Nashville,TN,37259
CUST003532,Best Western Plus Birmingham,6850 Cedar Dr,Birmingham,AL,35281
CUST003533,BJ's Wholesale Club,"1323 Union Rd, #101",Cincinnati,OH,45216
CUST003534,IHOP,"7113 Hill Blvd, Unit B",Charleston,SC,29480
CUST003535,Austin Ale House,2804 Harbor Pkwy,Austin,TX,78707
CUST003536,Red Lobster,"4895 Broad St, Suite 200",Detroit,MI,48288
CUST003537,CVS Pharmacy,7349 Hill Rd,Nashville,TN,37206
CUST003538,Rossi Family Restaurant,"9683 Cedar Pl, Suite 200",Buffalo,NY,14261
CUST003539,Shake Shack,1063 Sunset Ave,Phoenix,AZ,85021
CUST003540,Keg Liquors,"8324 Lake Pkwy, Suite 200",Sioux Falls,SD,57193
CUST003541,Shake Shack,"2005 River Ct, Suite 200",Honolulu,HI,96840
CUST003542,Casa DeLuca,7910 Sunset Way,Minneapolis,MN,55408
CUST003543,Red Lobster,"447 Sunset St, Suite 200",Grand Rapids,MI,49583
CUST003544,New Orleans Taproom,"712 Maple Dr, Suite 200",New Orleans,LA,70181
CUST003545,Neighborhood Bar & Grill,"3506 Washington Pkwy, Suite 200",Fort Worth,TX,76195
CUST003546,Applebee's,851 Park St,Dallas,TX,75245
CUST003547,In-N-Out Burger,4440 Magnolia Pl,Jersey City,NJ,07323
CUST003548,P.F. Chang's,"3403 Spring Ave, Ste A",Annapolis,MD,21487
CUST003549,New York Diner,"5139 Elm Blvd, Unit B",New York,NY,10085
CUST003550,The Draft House,"9822 Division Ave, #101",Phoenix,AZ,85058
CUST003551,Five Guys,"7237 Spring St, #101",Spokane,WA,99220
CUST003552,Ferreira's Diner,"3893 Meadow Rd, Unit B",Philadelphia,PA,19152
CUST003553,Sam's Club,"8737 Washington St, Suite 200",Queens,NY,11342
CUST003554,Pilot Flying J #762,"4844 Bay St, Ste A",Reno,NV,89566
CUST003555,Texas Roadhouse,"8718 Chestnut Dr, Unit B",Tulsa,OK,74186
CUST003556,Twin Peaks,"953 Elm Way, Unit B",Virginia Beach,VA,23407
CUST003557,Casa Patel,"1960 River Ave, Suite 100",Nashville,TN,37278
CUST003558,Jones's BBQ,"242 Bay Rd, Suite 200",Honolulu,HI,96801
CUST003559,The Mug & Crow,"5979 Willow Pkwy, #101",San Diego,CA,92157
CUST003560,Rite Aid,7881 Broad Way,Baltimore,MD,21202
CUST003561,Kansas City Grill,"4094 Walnut Way, Unit B",Kansas City,MO,64173
CUST003562,Sunset Lounge,2674 Maple Dr,Portland,OR,97258
CUST003563,Smart & Final,"5341 Oak Dr, #101",Raleigh,NC,27617
CUST003564,Rossi Family Restaurant,"651 Peach Way, Unit B",Baltimore,MD,21283
CUST003565,Residence Inn by Marriott Sacramento,"7841 Main Blvd, Suite 200",Sacramento,CA,95893
CUST003566,Olive Garden,"8494 Main Dr, Suite 100",Orlando,FL,32814
CUST003567,Spec's Liquor,675 Highland Ave,Savannah,GA,31408
CUST003568,Aldi,"2527 Highland Dr, Unit B",Eugene,OR,97466
CUST003569,Sheetz #4255,"7227 Garden Way, Suite 200",Queens,NY,11355
CUST003570,Kroger,8967 Willow Ave,Miami,FL,33152
CUST003571,Miller's Diner,1953 Broad Dr,Sioux Falls,SD,57175
CUST003572,Garden Inn by Hilton Dallas,"1918 Division Rd, #101",Dallas,TX,75236
CUST003573,Yard House,2599 Center Ave,Virginia Beach,VA,23430
CUST003574,Denny's,"3377 Willow Blvd, Suite 200",San Francisco,CA,94178
CUST003575,Mama Rossi's,2000 Forest Ln,Boston,MA,02120
CUST003576,The Draft House,3546 Chestnut Way,St. Paul,MN,55130
CUST003577,San Antonio Tap Room,"148 Broad Pl, Suite 100",San Antonio,TX,78230
CUST003578,The Rusty Nail,1502 Sunset Pkwy,Jersey City,NJ,07378
CUST003579,Walgreens,3722 Oak Ave,Jackson,MS,39295
CUST003580,Buffalo Wild Wings,7297 Garden Ct,Tampa,FL,33692
CUST003581,Stop & Shop,9232 Center Pl,Chicago,IL,60608
CUST003582,Mama DeLuca's Kitchen,9170 Broad Ln,Chicago,IL,60636
CUST003583,Total Spirits Colorado Springs,"8873 Meadow Ave, Ste A",Colorado Springs,CO,80990
CUST003584,The Draft House,1962 Cherry Ln,Miami,FL,33172
CUST003585,TGI Fridays,"6040 Spring Pkwy, Ste A",Jacksonville,FL,32279
CUST003586,The Bear & Pint,5977 Peach Dr,Grand Rapids,MI,49539
CUST003587,Casa Park,1092 Broad Ave,Anchorage,AK,99502
CUST003588,Steak 'n Shake,6094 Garden Rd,Sacramento,CA,95825
CUST003589,Nguyen's Tavern,1241 Market Pkwy,Milwaukee,WI,53267
CUST003590,Luigi & Phil's Steakhouse,6475 Oak Ave,Birmingham,AL,35292
CUST003591,Stater Bros.,7303 Chestnut Way,Sacramento,CA,95853
CUST003592,Total Spirits Albuquerque,"1425 Market Ct, #101",Albuquerque,NM,87128
CUST003593,Choice Hotels Quality Inn Los Angeles,"7052 River Way, Suite 100",Los Angeles,CA,90084
CUST003594,Orlando Wine & Spirits,1861 Elm Rd,Orlando,FL,32897
CUST003595,The Romano House,"214 Oak Ave, Suite 200",St. Paul,MN,55138
CUST003596,Smith's Diner,5117 Willow Ct,San Francisco,CA,94182
CUST003597,Esposito's Diner,"2870 Broad Ave, Suite 200",Tulsa,OK,74100
CUST003598,ampm #2733,"486 Forest Rd, Ste A",Tulsa,OK,74180
CUST003599,Sunset Lounge,"2569 Spring Pl, Ste A",Queens,NY,11393
CUST003600,Omni Dallas Hotel,"7095 Industrial Ave, Unit B",Louisville,KY,40231
CUST003601,Panera Bread,1681 Commerce Pl,Cleveland,OH,44165
CUST003602,Chipotle Mexican Grill,9169 Magnolia Dr,Anchorage,AK,99583
CUST003603,Staybridge Suites by IHG Cincinnati,"4156 Oak Ln, Suite 100",Cincinnati,OH,45242
CUST003604,Lidl,"1088 Church Way, Suite 100",Burlington,VT,05430
CUST003605,Buffalo Brewing Co.,"1348 Peach Rd, Unit B",Buffalo,NY,14231
CUST003606,The Tap Room,"7963 Green Pl, #101",Philadelphia,PA,19146
CUST003607,Whataburger,"5479 Spring Ave, Unit B",Tucson,AZ,85728
CUST003608,Buffalo Wild Wings,"5836 Meadow Pl, Suite 100",Newark,NJ,07107
CUST003609,GetGo #7776,6079 Willow Ln,Newark,NJ,07163
CUST003610,Love's Travel Stop #7235,9444 Industrial Rd,Fargo,ND,58129
CUST003611,Sunset Lounge,7144 River Dr,Little Rock,AR,72223
CUST003612,Sioux Falls Bistro,"789 Spring Ave, Unit B",Sioux Falls,SD,57198
CUST003613,Pilot Flying J #1394,9312 Broad Pl,Hartford,CT,06157
CUST003614,Corner Pocket Billiards & Bar,1249 Lake Rd,Savannah,GA,31484
CUST003615,Liquor Barn,4660 Chestnut Ct,Cincinnati,OH,45246
CUST003616,The Broken Spoke,6348 Maple St,Tampa,FL,33658
CUST003617,Patel Kitchen,"1530 Lake St, #101",Anchorage,AK,99564
CUST003618,Marketview Liquor,"207 Garden Blvd, Unit B",Denver,CO,80228
CUST003619,Memphis Bistro,"1337 Washington Pl, Unit B",Memphis,TN,38153
CUST003620,BJ's Wholesale Club,"4499 Forest Rd, Unit B",Providence,RI,02915
CUST003621,Jack's Grill,2381 Highland Pkwy,Detroit,MI,48224
CUST003622,Waffle House,2865 Maple Pkwy,Chicago,IL,60613
CUST003623,Mama Brown's Pizzeria,8543 Green Pkwy,Little Rock,AR,72277
CUST003624,Little Rock Kitchen,9899 Cedar Way,Little Rock,AR,72284
CUST003625,Regency by Hyatt Pittsburgh,9605 Union Pl,Pittsburgh,PA,15245
CUST003626,Mama Garcia's Pizzeria,2716 Garden Ave,Fort Worth,TX,76174
CUST003627,Chris's Grill,"6399 Spring Rd, Ste A",Milwaukee,WI,53262
CUST003628,Smith Kitchen,"361 Highland Dr, #101",Miami,FL,33166
CUST003629,Jones Family Restaurant,"2654 Walnut St, Suite 100",Newark,NJ,07194
CUST003630,Down the Hatch,"6478 Walnut Ave, Unit B",Las Vegas,NV,89151
CUST003631,Denny's,1030 Park Blvd,San Diego,CA,92193
CUST003632,Binny's Beverage Depot,"9503 Church Pl, Unit B",Queens,NY,11370
CUST003633,Discount Liquor Mart,9146 Industrial Dr,Milwaukee,WI,53218
CUST003634,Cheers Bar & Grill,"1586 Church Pkwy, Unit B",Baltimore,MD,21234
CUST003635,Costco Wholesale,7166 Washington Pkwy,Buffalo,NY,14246
CUST003636,Rite Aid,"6044 Center Way, #101",Columbus,OH,43259
CUST003637,Buffalo Wild Wings,9142 Church Pkwy,Tulsa,OK,74101
CUST003638,Central Liquors,3794 Lake St,Albuquerque,NM,87176
CUST003639,The Bottle Shop,5264 Magnolia Ave,Spokane,WA,99206
CUST003640,Wilmington Grill,"6093 Main Pkwy, Ste A",Wilmington,DE,19895
CUST003641,Hy-Vee,7446 Cedar Dr,Buffalo,NY,14224
CUST003642,Pete & Al's Steakhouse,"3292 Union Way, #101",Louisville,KY,40260
CUST003643,Minneapolis Wine & Spirits,"6921 Meadow Pkwy, #101",Minneapolis,MN,55459
CUST003644,Love's Travel Stop #6396,6578 Harbor Rd,Sacramento,CA,95828
CUST003645,Best Western Plus Brooklyn,"5321 Garden Ln, Suite 100",Brooklyn,NY,11297
CUST003646,Raleigh Liquors,"9198 Elm Blvd, Suite 200",Raleigh,NC,27609
CUST003647,DoubleTree by Hilton Orlando,"1894 Pine Pl, #101",Orlando,FL,32802
CUST003648,Columbia Ale House,"2314 Church Blvd, #101",Columbia,SC,29278
CUST003649,Charleston Grill,"110 Meadow Ln, Suite 100",Charleston,SC,29439
CUST003650,In-N-Out Burger,"2296 Forest Ave, Suite 200",Jackson,MS,39282
CUST003651,Raising Cane's,4120 River Blvd,Providence,RI,02936
CUST003652,Kroger,"2461 Valley Ln, Unit B",Cleveland,OH,44130
CUST003653,Speedway #2376,"4563 Maple Blvd, Suite 200",Memphis,TN,38128
CUST003654,Walgreens,"5526 Broad Way, Ste A",Omaha,NE,68192
CUST003655,Hooters,"2855 Washington Pkwy, Suite 100",Brooklyn,NY,11281
CUST003656,Sheetz #1945,3808 Spring Rd,Madison,WI,53743
CUST003657,Casey's General Store #5062,689 Sunset Ave,Salt Lake City,UT,84128
CUST003658,Papa Miller's,"3296 Main Ln, Suite 200",Houston,TX,77043
CUST003659,Bar Louie,1195 Bay Ave,Detroit,MI,48244
CUST003660,Mama Smith's Pizzeria,5705 Broad Pl,Seattle,WA,98160
CUST003661,Kim Family Restaurant,2038 Cherry Ct,Queens,NY,11357
CUST003662,The Draft House,"5655 River Ave, #101",Reno,NV,89525
CUST003663,The Bottle Shop,"6137 Commerce Blvd, Ste A",Columbia,SC,29230
CUST003664,Mike's Bar & Grill,"7627 Willow Pkwy, #101",Philadelphia,PA,19171
CUST003665,Bob Evans,5383 Market Way,Portland,OR,97251
CUST003666,Albuquerque Ale House,"1556 Commerce Pkwy, Suite 100",Albuquerque,NM,87140
CUST003667,Twin Peaks,"7218 Commerce Pkwy, Unit B",Annapolis,MD,21483
CUST003668,Garcia Kitchen,"8308 Church Ct, #101",Cleveland,OH,44187
CUST003669,Louisville Grill,"4662 Broad Ave, #101",Louisville,KY,40244
CUST003670,Mama Williams's Kitchen,7332 Valley Ln,Minneapolis,MN,55414
CUST003671,Red Lobster,"7491 Washington St, Ste A",Birmingham,AL,35297
CUST003672,Doubletree by Hilton Seattle,"9486 Market Rd, #101",Fort Worth,TX,76197
CUST003673,Mama Brown's Pizzeria,"6449 Meadow St, Suite 100",Louisville,KY,40278
CUST003674,BevMo,"7546 River Pkwy, Suite 100",Spokane,WA,99281
CUST003675,Choice Hotels Econo Lodge Jacksonville,"6242 Green Pl, #101",Jacksonville,FL,32252
CUST003676,Safeway,2762 Walnut Ln,Albuquerque,NM,87115
CUST003677,Meijer,4560 Forest Blvd,New York,NY,10091
CUST003678,The Indianapolis Grille,"2415 Elm Blvd, #101",Indianapolis,IN,46287
CUST003679,Olive Garden,4022 Harbor Ln,Seattle,WA,98182
CUST003680,Winn-Dixie,"3156 Walnut Rd, Ste A",Spokane,WA,99240
CUST003681,Crowne Plaza by IHG Lexington,2019 Washington Ave,Lexington,KY,40595
CUST003682,Raley's,4565 Church Rd,Spokane,WA,99230
CUST003683,St. Paul Kitchen,"2882 Highland Ave, Suite 100",St. Paul,MN,55182
CUST003684,Ingles Markets,"3200 Valley Ave, Suite 100",Seattle,WA,98159
CUST003685,Sonic Drive-In,8495 River Rd,Columbus,OH,43294
CUST003686,Safeway,4425 Union Ave,Milwaukee,WI,53281
CUST003687,Blu by Radisson Providence,1272 Main Ave,Providence,RI,02960
CUST003688,Shake Shack,"7878 Bay Blvd, Ste A",Oklahoma City,OK,73191
CUST003689,World of Beer,7126 Garden Way,Lexington,KY,40597
CUST003690,Sal & Bob's Steakhouse,"448 Highland Ln, #101",Tampa,FL,33620
CUST003691,Sam's Club,"4325 Meadow Pkwy, Ste A",Springfield,IL,62788
CUST003692,ampm #553,"3624 Hill Way, Suite 200",Reno,NV,89522
CUST003693,House by Hyatt Charleston,2899 Chestnut Dr,Charleston,SC,29401
CUST003694,Courtyard by Marriott Birmingham,"9805 Spring Ct, Unit B",Birmingham,AL,35210
CUST003695,Marketview Liquor,"3138 Chestnut Ct, Unit B",San Diego,CA,92166
CUST003696,Sunset Lounge,7565 Willow St,Oklahoma City,OK,73143
CUST003697,Texas Roadhouse,"2096 Cedar Way, #101",Cleveland,OH,44182
CUST003698,La Quinta by Wyndham Tulsa,"8634 Union Dr, #101",Tulsa,OK,74196
CUST003699,Courtyard by Marriott Chicago,"1686 Valley Blvd, Ste A",San Diego,CA,92128
CUST003700,Aldi,"7997 Maple Ln, Suite 200",Fort Worth,TX,76196
CUST003701,Wegmans,"5612 Willow Dr, Ste A",Virginia Beach,VA,23400
CUST003702,Esposito's Diner,5856 Harbor Ln,Chicago,IL,60665
CUST003703,Chili's,"6626 Maple St, Suite 100",Savannah,GA,31469
CUST003704,Chili's,"6315 Garden Pkwy, Ste A",Reno,NV,89592
CUST003705,Radisson Chicago,5845 Chestnut St,Chicago,IL,60690
CUST003706,Kwik Trip #6432,"1638 Cedar Blvd, Ste A",Dallas,TX,75205
CUST003707,Best Western Premier Milwaukee,"354 Green St, Ste A",Milwaukee,WI,53225
CUST003708,Days Inn by Wyndham Las Vegas,7263 Cedar St,Las Vegas,NV,89179
CUST003709,Rossi's Tavern,"8718 Green Dr, Unit B",Omaha,NE,68110
CUST003710,Carlos's Grill,"1108 Willow Way, Suite 200",Las Vegas,NV,89100
CUST003711,Golden Corral,"3062 Highland Pkwy, Unit B",Buffalo,NY,14277
CUST003712,Doubletree by Hilton Seattle,"1688 Broad Ct, Suite 200",Newark,NJ,07156
CUST003713,7-Eleven Store #8126,"1813 Division St, Suite 100",Savannah,GA,31481
CUST003714,Days Inn by Wyndham Tampa,4019 Cedar Dr,Tampa,FL,33604
CUST003715,Cleveland Liquors,"7871 Industrial Way, Suite 200",Cleveland,OH,44107
CUST003716,In-N-Out Burger,455 Church Blvd,Brooklyn,NY,11229
CUST003717,Mama DeLuca's,1468 Market Pkwy,Charlotte,NC,28289
CUST003718,Mama Johnson's Kitchen,"1180 Main Pkwy, #101",Nashville,TN,37239
CUST003719,Rossi's BBQ,2792 Washington Dr,Baton Rouge,LA,70892
CUST003720,Mike's Seafood,"3725 Union Pkwy, Unit B",Reno,NV,89537
CUST003721,Hilton Garden Inn Dallas,"4485 Lake Pkwy, Suite 100",Louisville,KY,40261
CUST003722,Fairfield Inn by Marriott Tulsa,"6301 Market Ln, #101",Tulsa,OK,74112
CUST003723,Buffalo Wild Wings,"9823 Industrial Pl, #101",St. Paul,MN,55135
CUST003724,Jacksonville Diner,5983 Meadow St,Jacksonville,FL,32217
CUST003725,Lou's Seafood,782 Maple Rd,Newark,NJ,07170
CUST003726,Mama Martinez's,"4240 Center Way, Suite 200",Omaha,NE,68152
CUST003727,Rossi Family Restaurant,1507 Green Pkwy,Queens,NY,11349
CUST003728,Perkins Restaurant,2997 Peach Ave,Hartford,CT,06190
CUST003729,Papa Brown's,"2624 Commerce Rd, Ste A",Cleveland,OH,44145
CUST003730,Chipotle Mexican Grill,5703 Meadow Ave,Raleigh,NC,27628
CUST003731,Super 8 by Wyndham Springfield,112 Green Pkwy,Springfield,IL,62734
CUST003732,Casa Park,"7518 Chestnut St, Suite 200",Memphis,TN,38116
CUST003733,Sioux Falls Grill,5790 Main Pkwy,Sioux Falls,SD,57194
CUST003734,Marketview Liquor,"4256 Harbor Ct, Ste A",Detroit,MI,48207
CUST003735,Denny's,"3325 Peach Ct, Unit B",Savannah,GA,31470
CUST003736,Courtyard by Marriott Worcester,8696 Market St,Worcester,MA,01694
CUST003737,Outback Steakhouse,9356 Spring Pl,Tampa,FL,33643
CUST003738,Main Street Liquors,"1176 Harbor Rd, Suite 200",Miami,FL,33185
CUST003739,Rizzo's BBQ,"6918 Center Ln, Ste A",Hartford,CT,06101
CUST003740,Bob Evans,"5113 Lake St, Unit B",Chicago,IL,60666
CUST003741,Albertsons,"5828 Washington Rd, Suite 200",Baltimore,MD,21293
CUST003742,The Cheesecake Factory,"4148 Forest Blvd, #101",Spokane,WA,99205
CUST003743,Best Western Phoenix,"9114 Magnolia Pl, #101",Phoenix,AZ,85084
CUST003744,Papa Nguyen's,"6886 Broad Blvd, Ste A",Jacksonville,FL,32211
CUST003745,Jersey City Grill,"8192 Maple Ct, Ste A",Jersey City,NJ,07365
CUST003746,The Draft House,"6158 Meadow Rd, Suite 200",Grand Rapids,MI,49503
CUST003747,Corner Pocket Billiards & Bar,"6638 Union Blvd, Suite 200",Orlando,FL,32862
CUST003748,Romano's Diner,"1213 Division Ct, Suite 200",Baltimore,MD,21205
CUST003749,Punch Bowl Social,"2362 Broad Ct, #101",Baton Rouge,LA,70804
CUST003750,Raleigh Taproom,1522 Market Ave,Raleigh,NC,27657
CUST003751,IHOP,"7341 Green Ct, Suite 100",Richmond,VA,23272
CUST003752,ABC Fine Wine & Spirits,"5000 Bay Dr, Suite 200",Tulsa,OK,74180
CUST003753,Kwik Trip #677,"4764 Meadow Ln, Ste A",Denver,CO,80234
CUST003754,Corner Pocket Billiards & Bar,"4085 Sunset Pkwy, Unit B",San Antonio,TX,78234
CUST003755,In-N-Out Burger,1311 Peach Ct,Providence,RI,02907
CUST003756,BevMo,"1609 Valley Pl, #101",Orlando,FL,32848
CUST003757,Binny's Beverage Depot,"5518 Hill Ct, #101",Salt Lake City,UT,84189
CUST003758,Baton Rouge Tap Room,"3642 Oak Ave, Ste A",Baton Rouge,LA,70834
CUST003759,Hampton Inn by Hilton Hartford,"1829 Walnut Blvd, Suite 200",Hartford,CT,06198
CUST003760,Red Robin,1069 Maple Way,Salt Lake City,UT,84179
CUST003761,BevMo,"5218 Pine St, Ste A",Baltimore,MD,21236
CUST003762,Holiday Inn Express by IHG Reno,3941 Cedar Ln,Reno,NV,89555
CUST003763,Hy-Vee,"6947 Garden Ln, Suite 200",Colorado Springs,CO,80956
CUST003764,Applebee's,7059 Valley St,Boston,MA,02125
CUST003765,Little Rock Kitchen,8521 Magnolia Blvd,Little Rock,AR,72225
CUST003766,Ingles Markets,2184 Walnut Way,Detroit,MI,48294
CUST003767,La Quinta by Wyndham Houston,"3360 Oak Ave, Ste A",Houston,TX,77063
CUST003768,HEB,"7062 Pine Rd, #101",Fort Worth,TX,76123
CUST003769,Marketview Liquor,"5243 Market Ct, Suite 200",Baton Rouge,LA,70855
CUST003770,Binny's Beverage Depot,"6367 Valley Ln, Suite 100",Los Angeles,CA,90044
CUST003771,Shake Shack,8064 Highland Way,Sioux Falls,SD,57179
CUST003772,Trader Joe's,"722 Church Pkwy, Suite 100",Newark,NJ,07185
CUST003773,Choice Hotels Quality Inn Omaha,235 Cedar Way,Omaha,NE,68129
CUST003774,The Golden Crow,5711 Green Ct,Grand Rapids,MI,49543
CUST003775,The San Antonio Grille,"3226 Oak Blvd, Suite 200",San Antonio,TX,78216
CUST003776,Papa Martinez's,1992 Green Blvd,Louisville,KY,40286
CUST003777,Chipotle Mexican Grill,"700 Garden Rd, Suite 100",Miami,FL,33161
CUST003778,Sonic Drive-In,6387 Park Blvd,Queens,NY,11355
CUST003779,Red Lobster,8266 Cherry Pl,Tulsa,OK,74142
CUST003780,Holiday Inn by IHG Spokane,"5865 Church Pkwy, Ste A",Spokane,WA,99205
CUST003781,Rite Aid,5121 Walnut Pl,Seattle,WA,98113
CUST003782,Place by Hyatt Dallas,1451 Willow St,Dallas,TX,75290
CUST003783,Total Spirits Brooklyn,8851 Willow Pl,Brooklyn,NY,11252
CUST003784,Martinez's Diner,"2302 Forest Way, Ste A",Miami,FL,33165
CUST003785,Premier Wine & Spirits,"8541 Garden Ln, Suite 200",Fort Worth,TX,76119
CUST003786,Kona Grill,"2326 Bay Ct, #101",Columbia,SC,29212
CUST003787,ABC Fine Wine & Spirits,"3550 Lake Way, #101",Louisville,KY,40228
CUST003788,Hooters,"5562 Industrial Pl, Unit B",Madison,WI,53799
CUST003789,Garden Inn by Hilton Baltimore,"7904 Highland Ln, Suite 100",Baltimore,MD,21248
CUST003790,Sioux Falls Ale House,"8652 Valley Ln, Unit B",Sioux Falls,SD,57154
CUST003791,Raley's,"2609 Broad Ct, Ste A",Detroit,MI,48207
CUST003792,The Broken Spoke,"3037 Garden St, Suite 200",Providence,RI,02909
CUST003793,Meijer,1350 Chestnut Way,Detroit,MI,48230
CUST003794,Kroger,"4318 Cherry Ln, #101",Tulsa,OK,74184
CUST003795,Punch Bowl Social,"8551 Spring Rd, Unit B",Houston,TX,77069
CUST003796,Eugene Tap Room,7770 Cherry Ln,Eugene,OR,97407
CUST003797,Esposito's Liquor Store,"4347 Magnolia Dr, Suite 100",Annapolis,MD,21422
CUST003798,Cleveland Taproom,341 Main Rd,Cleveland,OH,44123
CUST003799,Holiday Inn Express Boston,2507 Lake Dr,New York,NY,10043
CUST003800,BJ's Wholesale Club,1306 Magnolia St,Little Rock,AR,72216
CUST003801,The Tap Room,4314 Division Rd,Annapolis,MD,21491
CUST003802,Fine Wine & Spirits,"4059 Cherry Ave, Unit B",Cincinnati,OH,45222
CUST003803,Casa Rossi,3287 Lake Pkwy,Jackson,MS,39253
CUST003804,Pilot Flying J #1162,"4823 Walnut Rd, Suite 200",Charleston,SC,29432
CUST003805,Best Western Baton Rouge,4427 Park Way,Baton Rouge,LA,70859
CUST003806,Mama Garcia's Pizzeria,7527 Harbor St,Memphis,TN,38122
CUST003807,Miami Bistro,"8003 Oak Way, Suite 200",Miami,FL,33114
CUST003808,Piggly Wiggly,3682 Magnolia Blvd,San Diego,CA,92120
CUST003809,Wegmans,"2398 Broad Ave, Unit B",Little Rock,AR,72207
CUST003810,DoubleTree by Hilton Charleston,"1194 Market St, Ste A",Charleston,SC,29450
CUST003811,Sunset Lounge,637 Pine Ct,Virginia Beach,VA,23423
CUST003812,Red Robin,"8073 Church Blvd, Unit B",Sioux Falls,SD,57192
CUST003813,Cheers Bar & Grill,894 Magnolia Pl,Queens,NY,11321
CUST003814,Speedway #7446,"5813 Forest Pl, Ste A",Worcester,MA,01691
CUST003815,Choice Hotels Clarion Jersey City,831 Hill St,Jersey City,NJ,07329
CUST003816,Papa Martinez's,7166 Sunset St,Richmond,VA,23206
CUST003817,Johnson Family Restaurant,8408 Industrial St,Boston,MA,02148
CUST003818,Williams Kitchen,"2945 Walnut Blvd, Suite 100",Worcester,MA,01624
CUST003819,Meijer,"8259 Industrial Rd, Ste A",Wilmington,DE,19877
CUST003820,Meijer,1718 Maple Ct,Wilmington,DE,19884
CUST003821,BJ's Wholesale Club,2061 Spring Pl,Newark,NJ,07182
CUST003822,Neighborhood Bar & Grill,3631 Hill Rd,New Orleans,LA,70119
CUST003823,Five Guys,"9013 Forest St, Unit B",St. Louis,MO,63113
CUST003824,Mama Nguyen's Pizzeria,4957 Elm Rd,Eugene,OR,97430
CUST003825,Hooters,"1313 Broad St, #101",Kansas City,MO,64105
CUST003826,Outback Steakhouse,"5990 Maple Ln, #101",Pittsburgh,PA,15297
CUST003827,Outback Steakhouse,5745 Oak Dr,Phoenix,AZ,85087
CUST003828,Bob Evans,"5237 Broad Ct, Suite 100",San Diego,CA,92190
CUST003829,BevMo,5871 Peach Ave,Colorado Springs,CO,80903
CUST003830,Giant Eagle,4785 Peach Pkwy,Portland,OR,97221
CUST003831,P.F. Chang's,4099 Cherry Dr,Los Angeles,CA,90065
CUST003832,Albertsons,"1146 Church Pl, Ste A",Madison,WI,53739
CUST003833,Raising Cane's,"6524 Division Rd, Ste A",Milwaukee,WI,53235
CUST003834,Sonic Drive-In,1350 Harbor Ct,Lexington,KY,40585
CUST003835,Trader Joe's,"6796 River Blvd, Ste A",Philadelphia,PA,19194
CUST003836,Ray's Grill,"9298 Main Way, Unit B",Richmond,VA,23209
CUST003837,Mama Williams's Pizzeria,9688 Cherry Dr,San Diego,CA,92109
CUST003838,Four Seasons Miami,"9825 Green Pl, Suite 200",San Francisco,CA,94153
CUST003839,Los Angeles Ale House,3706 Center Ct,Los Angeles,CA,90097
CUST003840,The Draft House,"8468 Green Ln, Suite 200",Richmond,VA,23237
CUST003841,Marketview Liquor,3093 River Pkwy,Houston,TX,77057
CUST003842,Circle K #1095,"3179 Maple St, Ste A",Reno,NV,89521
CUST003843,Whataburger,"4493 Division Pl, Suite 200",Boston,MA,02154
CUST003844,HEB,7379 Peach Way,Milwaukee,WI,53260
CUST003845,Pat & Leo's Steakhouse,"128 River Rd, Ste A",Honolulu,HI,96867
CUST003846,GetGo #7469,"2955 Spring Ln, Suite 100",Springfield,IL,62780
CUST003847,Virginia Beach Brewing Co.,2048 Maple Pl,Virginia Beach,VA,23498
CUST003848,Waffle House,420 Magnolia Dr,Sacramento,CA,95871
CUST003849,Gino's Grill,9593 Oak St,Honolulu,HI,96826
CUST003850,Rizzo Family Restaurant,2414 Green Ln,Jersey City,NJ,07320
CUST003851,Hooters,9875 Market Rd,Dallas,TX,75274
CUST003852,Dave's Seafood,7289 Meadow Rd,Charlotte,NC,28208
CUST003853,Premier Wine & Spirits,5047 Broad Ave,Oklahoma City,OK,73183
CUST003854,Four Seasons Miami,"1008 Cherry Rd, Suite 100",Charlotte,NC,28222
CUST003855,Cracker Barrel,703 River Rd,Virginia Beach,VA,23433
CUST003856,Central Liquors,5493 Peach Ave,Omaha,NE,68103
CUST003857,La Quinta by Wyndham Jacksonville,"9390 Harbor Pkwy, Suite 100",Jacksonville,FL,32277
CUST003858,Courtyard by Marriott Grand Rapids,"3701 Maple Ct, Ste A",Grand Rapids,MI,49583
CUST003859,Central Liquors,"286 Chestnut Ln, Suite 200",Dallas,TX,75220
CUST003860,The Fox & Pint,4200 Sunset Ave,Burlington,VT,05449
CUST003861,Price Chopper,"1537 Highland Blvd, Unit B",St. Louis,MO,63188
CUST003862,Nick & Nick's Steakhouse,"8287 Valley Pkwy, Unit B",Miami,FL,33123
CUST003863,Fine Wine & Spirits,"4662 Elm Pl, Unit B",Sacramento,CA,95889
CUST003864,Dave & Buster's,"1661 Lake Pkwy, #101",Memphis,TN,38118
CUST003865,Maria & Frank's Steakhouse,6623 Magnolia Blvd,St. Paul,MN,55139
CUST003866,TGI Fridays,"8985 Forest Blvd, #101",Miami,FL,33191
CUST003867,Walgreens,"9865 Church Way, Suite 100",Seattle,WA,98195
CUST003868,Best Western Baltimore,4555 Walnut St,Baltimore,MD,21216
CUST003869,The Tap Room,7767 Pine Way,New York,NY,10056
CUST003870,Sacramento Tap Room,"8022 Garden Ct, Ste A",Sacramento,CA,95843
CUST003871,Lidl,5658 Walnut Blvd,Indianapolis,IN,46259
CUST003872,Springhill Suites by Marriott New York,6308 Division St,New York,NY,10045
CUST003873,Texas Roadhouse,6306 Industrial Pkwy,Albuquerque,NM,87176
CUST003874,Costco Wholesale,3416 Cherry St,Cleveland,OH,44125
CUST003875,Giant Eagle,"4061 Main Dr, #101",San Diego,CA,92158
CUST003876,Stater Bros.,"7652 Chestnut Ave, Suite 100",Jackson,MS,39247
CUST003877,DeLuca's Liquor Store,8408 Center St,Brooklyn,NY,11283
CUST003878,Premier Wine & Spirits,"8208 Sunset St, Suite 200",Kansas City,MO,64112
CUST003879,Olive Garden,5901 Church Ln,Fargo,ND,58170
CUST003880,Doubletree by Hilton Seattle,158 Willow St,Little Rock,AR,72254
CUST003881,Total Spirits Charleston,"6163 Forest St, Unit B",Charleston,SC,29470
CUST003882,Portland Bistro,3333 Pine Ln,Portland,OR,97207
CUST003883,Aldi,4984 Hill Blvd,Philadelphia,PA,19172
CUST003884,The Rusty Nail,7931 Maple Rd,Detroit,MI,48254
CUST003885,Mama Miller's Pizzeria,"6763 Elm Ct, Suite 200",Atlanta,GA,30328
CUST003886,Pilot Flying J #4454,"5642 Cherry Pkwy, Unit B",New Orleans,LA,70111
CUST003887,Red Robin,"6422 Pine Ln, Suite 100",Madison,WI,53780
CUST003888,The Broken Spoke,3766 Magnolia Ave,Milwaukee,WI,53274
CUST003889,Sal & Richie's Steakhouse,652 Oak Blvd,Worcester,MA,01649
CUST003890,Punch Bowl Social,"639 Industrial Pl, #101",Wilmington,DE,19899
CUST003891,Yard House,8200 Harbor Ave,Phoenix,AZ,85048
CUST003892,Meijer,"2326 Chestnut Rd, Ste A",Austin,TX,78765
CUST003893,CVS Pharmacy,"5154 Maple Way, Suite 100",Sacramento,CA,95839
CUST003894,GetGo #6433,"3112 Walnut Ct, Suite 100",Las Vegas,NV,89146
CUST003895,Portland Wine & Spirits,"1743 Cherry Pl, Suite 200",Portland,OR,97274
CUST003896,Neighborhood Bar & Grill,8840 Harbor Ln,Las Vegas,NV,89144
CUST003897,Costco Wholesale,6107 Elm Blvd,Indianapolis,IN,46264
CUST003898,Hooters,1598 Highland Way,Oklahoma City,OK,73119
CUST003899,Waffle House,"4067 Elm Ave, Ste A",Savannah,GA,31414
CUST003900,House by Hyatt Little Rock,"7559 Garden Pl, Suite 200",Little Rock,AR,72263
CUST003901,Five Guys,"9171 Harbor Ln, Ste A",Dallas,TX,75245
CUST003902,Hampton Inn by Hilton Cincinnati,"816 River Rd, Suite 200",Cincinnati,OH,45290
CUST003903,Oklahoma City Grill,9471 Magnolia Pl,Oklahoma City,OK,73121
CUST003904,Red Lobster,"3992 Park Blvd, Suite 200",Eugene,OR,97416
CUST003905,Grand Rapids Bistro,"9151 Union Pl, Suite 200",Grand Rapids,MI,49578
CUST003906,Down the Hatch,"9254 River Ave, Suite 100",Dallas,TX,75275
CUST003907,Buffalo Wild Wings,9111 Cherry Blvd,Boston,MA,02166
CUST003908,Kroger,"3709 Chestnut Dr, Suite 100",Phoenix,AZ,85012
CUST003909,Denny's,"6620 Maple Rd, Ste A",Savannah,GA,31418
CUST003910,Mama Nguyen's Pizzeria,"986 Highland Way, #101",Houston,TX,77099
CUST003911,Los Angeles Wine & Spirits,"6883 Hill Ln, #101",Los Angeles,CA,90000
CUST003912,Atlanta Diner,"2298 Valley Ct, Ste A",Atlanta,GA,30371
CUST003913,Raley's,"7077 Cherry Rd, Ste A",Buffalo,NY,14281
CUST003914,Kona Grill,9657 Church Rd,Spokane,WA,99201
CUST003915,Richie's Bar & Grill,3862 Bay Pl,Oklahoma City,OK,73147
CUST003916,Fine Wine & Spirits,"8703 Sunset Way, Suite 200",Springfield,IL,62738
CUST003917,Hyatt Place Denver,2889 Division Pl,Tucson,AZ,85771
CUST003918,IHOP,6844 Broad Pl,San Francisco,CA,94199
CUST003919,Twin Peaks,6084 Cherry Dr,Denver,CO,80234
CUST003920,Twin Peaks,"8577 Bay Dr, Suite 100",Oklahoma City,OK,73119
CUST003921,Rite Aid,4194 Park Ln,San Francisco,CA,94120
CUST003922,Hyatt Place Denver,4878 Main Way,Brooklyn,NY,11221
CUST003923,Buffalo Diner,1624 Oak Blvd,Buffalo,NY,14281
CUST003924,IHOP,9078 Elm St,Dallas,TX,75209
CUST003925,Raley's,5135 Pine Ln,Tulsa,OK,74178
CUST003926,Corner Pocket Billiards & Bar,"7463 Magnolia Dr, Suite 200",Kansas City,MO,64120
CUST003927,Jones's Tavern,7920 Park Pl,Charleston,SC,29497
CUST003928,Homewood Suites by Hilton Baltimore,"9172 Washington Pkwy, Suite 100",Baltimore,MD,21275
CUST003929,Kim Kitchen,"2112 Meadow St, Suite 100",Wilmington,DE,19801
CUST003930,Casa Smith,5481 Valley Ct,Cleveland,OH,44102
CUST003931,Circle K #9377,5832 Park Blvd,Austin,TX,78749
CUST003932,Steak 'n Shake,3592 Cherry Rd,Orlando,FL,32892
CUST003933,The Rusty Nail,4338 Forest Pkwy,Cleveland,OH,44147
CUST003934,Yard House,"2512 Elm Rd, Suite 200",Raleigh,NC,27697
CUST003935,Spec's Liquor,"3429 Valley Rd, Suite 200",Newark,NJ,07100
CUST003936,Love's Travel Stop #2963,"8914 Meadow Ave, #101",Baltimore,MD,21206
CUST003937,Mama Park's Pizzeria,"1953 Chestnut Rd, Suite 100",New York,NY,10004
CUST003938,Courtyard by Marriott Houston,"1218 Green Blvd, Suite 200",Houston,TX,77030
CUST003939,Papa DeLuca's,"4187 Magnolia Ave, Suite 100",Baton Rouge,LA,70817
CUST003940,Kona Grill,"5938 Valley Pl, Suite 200",Atlanta,GA,30355
CUST003941,WinCo Foods,"2319 Chestnut Ct, Suite 100",Anchorage,AK,99507
CUST003942,Sunset Lounge,"3826 Forest Pkwy, Unit B",Colorado Springs,CO,80974
CUST003943,Wingstop,2651 Union Pkwy,Los Angeles,CA,90011
CUST003944,Smart & Final,"9221 Market Pl, Suite 100",Annapolis,MD,21447
CUST003945,Fine Wine & Spirits,6315 Division Dr,Brooklyn,NY,11203
CUST003946,Kwik Trip #3425,"7104 Church Rd, Unit B",Sioux Falls,SD,57188
CUST003947,Twin Peaks,4416 Maple Dr,Indianapolis,IN,46237
CUST003948,Texas Roadhouse,6876 Main Ct,Salt Lake City,UT,84145
CUST003949,Total Spirits Columbus,"6730 Bay Way, Unit B",Columbus,OH,43225
CUST003950,Neighborhood Bar & Grill,"1533 Green Ln, Suite 200",Spokane,WA,99246
CUST003951,Sam & Al's Steakhouse,9924 Peach Pl,Cincinnati,OH,45237
CUST003952,Kim's BBQ,"4122 Elm Pl, Unit B",Springfield,IL,62702
CUST003953,Rite Aid,1952 Chestnut Way,New York,NY,10056
CUST003954,Holiday Inn by IHG Raleigh,9583 Green Ln,Raleigh,NC,27648
CUST003955,Jim's Bar & Grill,"8974 Green Ln, Unit B",Pittsburgh,PA,15204
CUST003956,Marketview Liquor,6984 Sunset Way,Jackson,MS,39264
CUST003957,Marketview Liquor,"8200 Elm Ave, Ste A",Denver,CO,80262
CUST003958,Rizzo's Diner,"1512 Highland Dr, #101",Sacramento,CA,95861
CUST003959,Hampton Inn Nashville,"6513 Highland Way, Unit B",Albuquerque,NM,87160
CUST003960,Colorado Springs Kitchen,"6993 Hill Dr, Unit B",Colorado Springs,CO,80959
CUST003961,The Rusty Nail,"2353 Willow Way, #101",Spokane,WA,99210
CUST003962,Main Street Liquors,3235 Washington Blvd,Lexington,KY,40543
CUST003963,Sports Page Bar,"2786 Market Pl, Unit B",Miami,FL,33129
CUST003964,IHOP,3193 Garden St,Columbia,SC,29282
CUST003965,The Draft House,3661 Garden St,Miami,FL,33165
CUST003966,Courtyard by Marriott Little Rock,1859 Spring St,Little Rock,AR,72229
CUST003967,Rite Aid,"4597 Park Way, Unit B",Eugene,OR,97475
CUST003968,ampm #6902,"657 Harbor Ln, Unit B",St. Paul,MN,55106
CUST003969,Ritz-Carlton New Orleans,4089 Walnut Way,Houston,TX,77064
CUST003970,Meijer,"127 Garden Ave, Suite 100",Sacramento,CA,95881
CUST003971,The Tap Room,"8699 Union Dr, Suite 200",Atlanta,GA,30346
CUST003972,Steak 'n Shake,2642 Willow Ave,Lexington,KY,40539
CUST003973,Love's Travel Stop #855,"359 Spring Rd, Suite 100",St. Louis,MO,63103
CUST003974,BJ's Wholesale Club,"7266 Spring Rd, Suite 100",Cleveland,OH,44151
CUST003975,Golden Corral,"9346 River Blvd, Ste A",Providence,RI,02949
CUST003976,Safeway,7036 Bay Ave,Worcester,MA,01653
CUST003977,LongHorn Steakhouse,"4860 Hill St, Suite 200",Baltimore,MD,21298
CUST003978,Leo's Bar & Grill,"6434 Maple Pl, #101",Albuquerque,NM,87145
CUST003979,Martinez's Tavern,"6811 Spring Blvd, Suite 100",Queens,NY,11349
CUST003980,Pilot Flying J #1429,"4251 Main Ct, Unit B",New York,NY,10012
CUST003981,Kona Grill,3695 Lake Rd,Hartford,CT,06126
CUST003982,Aldi,3326 Pine Way,Memphis,TN,38171
CUST003983,Smart & Final,"372 Commerce Ave, Suite 200",Sioux Falls,SD,57104
CUST003984,Stop & Shop,"361 Valley Way, Ste A",Providence,RI,02911
CUST003985,Outback Steakhouse,6748 Cedar Blvd,Jersey City,NJ,07356
CUST003986,Pilot Flying J #2703,"1363 Spring Way, Suite 200",Los Angeles,CA,90042
CUST003987,Danny's Seafood,663 Union Way,Detroit,MI,48295
CUST003988,Neighborhood Bar & Grill,"4562 Magnolia Pl, Suite 200",Fargo,ND,58183
CUST003989,Wilmington Grill,"6707 Cherry Blvd, #101",Wilmington,DE,19853
CUST003990,Applebee's,3781 Harbor St,Eugene,OR,97461
CUST003991,Circle K #3201,"2555 River St, Ste A",Nashville,TN,37293
CUST003992,Hy-Vee,6255 Spring Rd,Las Vegas,NV,89136
CUST003993,Sheraton New York Times Square,"3045 Walnut Ave, #101",Columbia,SC,29222
CUST003994,Choice Hotels Quality Inn Madison,3631 Market Ln,Madison,WI,53746
CUST003995,Twin Peaks,3328 Park Pkwy,Burlington,VT,05419
CUST003996,The Phoenix Grille,9459 Forest Blvd,Phoenix,AZ,85007
CUST003997,Charlotte Tap Room,"6283 Harbor St, Ste A",Charlotte,NC,28253
CUST003998,Circle K #5517,"9283 Green Pl, Unit B",Virginia Beach,VA,23458
CUST003999,Golden Corral,"3918 Harbor Dr, #101",Baltimore,MD,21246
CUST004000,Albertsons,"4000 Valley Blvd, Ste A",Sacramento,CA,95872
CUST004001,Bob Evans,9776 Center Blvd,Nashville,TN,37233
CUST004002,Raley's,"4603 Walnut St, Ste A",Anchorage,AK,99583
CUST004003,Papa Rizzo's,3234 Peach Ln,Richmond,VA,23283
CUST004004,CVS Pharmacy,1046 Maple Ln,Indianapolis,IN,46215
CUST004005,Papa Rizzo's,"3419 Industrial Pl, Suite 200",Jersey City,NJ,07372
CUST004006,Portland Grill,"1212 River Pkwy, Ste A",Portland,OR,97223
CUST004007,Residence Inn by Marriott Lexington,7389 Washington Way,Lexington,KY,40517
CUST004008,Keg Liquors,"4825 Cherry Blvd, Unit B",Portland,OR,97208
CUST004009,San Francisco Wine & Spirits,3797 Park Ln,San Francisco,CA,94144
CUST004010,Corner Pocket Billiards & Bar,"9291 Main Rd, #101",Madison,WI,53790
CUST004011,Total Spirits San Diego,"7644 Bay Way, Suite 100",San Diego,CA,92176
CUST004012,Old Springfield Tavern,"257 Walnut Pl, Suite 200",Springfield,IL,62793
CUST004013,Shake Shack,8586 Willow Pkwy,Albuquerque,NM,87179
CUST004014,Steak 'n Shake,"9637 Highland Ct, Unit B",Jacksonville,FL,32230
CUST004015,Red Robin,"9335 Chestnut Blvd, Unit B",St. Louis,MO,63126
CUST004016,Mama Williams's Pizzeria,"7348 Chestnut Dr, Unit B",Annapolis,MD,21420
CUST004017,Old Albuquerque Tavern,"8666 Highland St, Suite 200",Albuquerque,NM,87122
CUST004018,Dave & Buster's,4526 Spring Pkwy,San Francisco,CA,94142
CUST004019,Homewood Suites by Hilton Cincinnati,5339 Main Ave,Cincinnati,OH,45243
CUST004020,Sonic Drive-In,2095 Park Ave,Tucson,AZ,85731
CUST004021,Radisson Louisville,"3782 Green Way, Unit B",Louisville,KY,40219
CUST004022,IHOP,2111 Green Pkwy,San Diego,CA,92102
CUST004023,Food Lion,"6454 Oak Way, Unit B",Jersey City,NJ,07331
CUST004024,The Johnson House,9111 Bay Pl,Newark,NJ,07116
CUST004025,Marketview Liquor,"433 Highland Ave, Suite 200",Louisville,KY,40264
CUST004026,Love's Travel Stop #7953,"9964 Bay St, Suite 100",Little Rock,AR,72233
CUST004027,Choice Hotels Clarion Chicago,"2944 Highland Pkwy, Unit B",Chicago,IL,60621
CUST004028,Red by Radisson Worcester,"2773 Washington Ave, Ste A",Worcester,MA,01631
CUST004029,Doubletree by Hilton Seattle,"4573 Forest Pl, Ste A",Philadelphia,PA,19172
CUST004030,Richie & Phil's Steakhouse,5898 Oak Blvd,Cleveland,OH,44199
CUST004031,The Park House,"2163 Elm Way, Suite 100",Fort Worth,TX,76166
CUST004032,The Broken Spoke,1444 Park St,Detroit,MI,48262
CUST004033,Central Liquors,9615 Green St,Columbia,SC,29266
CUST004034,Dave & Buster's,"3026 Division Blvd, Suite 200",Tulsa,OK,74145
CUST004035,Pittsburgh Ale House,"7323 Willow St, Unit B",Pittsburgh,PA,15237
CUST004036,The Midnight Mug,7166 Green Ln,Jacksonville,FL,32257
CUST004037,Tulsa Brewing Co.,3513 Highland Pkwy,Tulsa,OK,74167
CUST004038,7-Eleven Store #4787,3872 Cedar Pl,Indianapolis,IN,46297
CUST004039,Mama Nguyen's Pizzeria,9867 Peach Rd,Detroit,MI,48244
CUST004040,Fairfield Inn by Marriott Jacksonville,"8802 Valley Way, Ste A",Jacksonville,FL,32226
CUST004041,Casa Esposito,"7443 Pine St, Unit B",Richmond,VA,23277
CUST004042,Raley's,"4391 Cedar St, Suite 200",Detroit,MI,48241
CUST004043,Olive Garden,5317 Peach Blvd,San Francisco,CA,94142
CUST004044,Wegmans,9047 Willow Ct,Wilmington,DE,19873
CUST004045,In-N-Out Burger,"2858 Industrial Ln, Ste A",Minneapolis,MN,55465
CUST004046,Springhill Suites by Marriott Providence,669 Hill Ct,Providence,RI,02921
CUST004047,The Iron Wolf,"2263 Maple Dr, Ste A",San Francisco,CA,94169
CUST004048,Rite Aid,"7095 Pine Pl, Ste A",Newark,NJ,07117
CUST004049,Sunset Lounge,"9731 Peach Rd, Suite 200",Wilmington,DE,19877
CUST004050,The Tap & Anchor,"4559 Maple Blvd, Unit B",Austin,TX,78717
CUST004051,Wilmington Ale House,"7375 Park Pl, Suite 200",Wilmington,DE,19898
CUST004052,Five Guys,5597 Broad Pkwy,Raleigh,NC,27648
CUST004053,Walgreens,"5959 Church Ave, Suite 200",Charlotte,NC,28215
CUST004054,Applebee's,"6450 Maple Ave, Suite 200",Buffalo,NY,14213
CUST004055,Old Hartford Tavern,3659 Washington Ln,Hartford,CT,06176
CUST004056,Danny's Bar & Grill,2821 Cedar St,Wilmington,DE,19810
CUST004057,St. Louis Liquors,1229 River Ct,St. Louis,MO,63146
CUST004058,Sheetz #1568,5735 Pine Ct,Hartford,CT,06117
CUST004059,Hampton Inn by Hilton San Diego,"6449 Market St, #101",San Diego,CA,92165
CUST004060,Walgreens,"9361 Washington Pl, #101",Salt Lake City,UT,84184
CUST004061,LongHorn Steakhouse,7761 Center Way,Buffalo,NY,14225
CUST004062,Circle K #794,8468 Garden Ave,Denver,CO,80231
CUST004063,Spec's Liquor,"4189 Cherry Blvd, Ste A",Columbus,OH,43225
CUST004064,Mama Brown's Pizzeria,9424 Walnut Rd,Louisville,KY,40256
CUST004065,Mama Park's Pizzeria,1301 Magnolia St,Tucson,AZ,85751
CUST004066,San Francisco Brewing Co.,"8803 Highland Blvd, Ste A",San Francisco,CA,94169
CUST004067,San Antonio Taproom,5057 Harbor Way,San Antonio,TX,78231
CUST004068,Memphis Taproom,"8702 Center Blvd, Suite 200",Memphis,TN,38121
CUST004069,Central Liquors,1890 Peach Ct,Omaha,NE,68116
CUST004070,Olive Garden,7979 Sunset Ct,Baton Rouge,LA,70818
CUST004071,Five Guys,"5136 Cherry Blvd, Unit B",Eugene,OR,97460
CUST004072,Outback Steakhouse,"3562 Walnut Rd, Unit B",Reno,NV,89561
CUST004073,Jim's Bar & Grill,8542 Pine Dr,Tampa,FL,33629
CUST004074,The Broken Spoke,"3747 Peach Pl, Suite 100",Colorado Springs,CO,80963
CUST004075,Springhill Suites by Marriott Richmond,"9745 Bay Pkwy, Suite 200",Richmond,VA,23215
CUST004076,Chili's,"5854 Sunset Ln, Suite 200",Pittsburgh,PA,15251
CUST004077,Mama Smith's,8263 Walnut Ln,San Diego,CA,92195
CUST004078,BevMo,"4009 Center Blvd, #101",Spokane,WA,99223
CUST004079,Chen's Diner,5304 Market Rd,Madison,WI,53780
CUST004080,Smart & Final,"1854 Peach Ave, #101",Springfield,IL,62723
CUST004081,Best Western Premier Baton Rouge,"7367 Oak St, #101",Baton Rouge,LA,70820
CUST004082,Whataburger,"2934 Peach Pl, Unit B",Worcester,MA,01674
CUST004083,Pittsburgh Grill,"5335 Sunset Ave, Suite 100",Pittsburgh,PA,15283
CUST004084,Stater Bros.,6505 Park Blvd,New York,NY,10021
CUST004085,Minneapolis Diner,"5405 Cedar Dr, Ste A",Minneapolis,MN,55425
CUST004086,Total Wine & More,"7529 Hill Dr, Suite 200",New York,NY,10015
CUST004087,Twin Peaks,"3988 Meadow Blvd, Suite 200",San Antonio,TX,78248
CUST004088,Williams's Liquor Store,7831 Valley Ave,Baltimore,MD,21269
CUST004089,Carlos's Grill,"7673 Main Way, #101",Baton Rouge,LA,70826
CUST004090,BevMo,"7969 Main Rd, Suite 200",Fargo,ND,58168
CUST004091,Wingstop,"4188 Spring Blvd, Suite 200",Lexington,KY,40527
CUST004092,Ramada by Wyndham Phoenix,1500 Industrial Pkwy,Phoenix,AZ,85076
CUST004093,CVS Pharmacy,"5390 Cedar Ave, Unit B",Charleston,SC,29480
CUST004094,Fairfield Inn by Marriott San Antonio,3369 Highland St,San Antonio,TX,78234
CUST004095,Papa Chen's,"7612 Maple Ave, #101",Tucson,AZ,85728
CUST004096,IHOP,"9765 Main Blvd, #101",Los Angeles,CA,90070
CUST004097,Corner Pocket Billiards & Bar,"9398 Garden Dr, Unit B",Springfield,IL,62738
CUST004098,Food Lion,"4663 Bay Way, Suite 100",Philadelphia,PA,19128
CUST004099,Price Chopper,"4887 Magnolia Dr, Suite 100",Boston,MA,02131
CUST004100,Sonic Drive-In,"4432 Meadow Dr, Ste A",Worcester,MA,01602
CUST004101,House by Hyatt Columbia,2031 Cherry Pl,Columbia,SC,29239
CUST004102,Five Guys,"3251 Market Ct, #101",Oklahoma City,OK,73144
CUST004103,The Broken Spoke,"1789 Center Pkwy, Suite 200",Orlando,FL,32883
CUST004104,Red Robin,3948 Valley Pkwy,San Antonio,TX,78282
CUST004105,Rite Aid,"9979 Main Pkwy, #101",Boston,MA,02149
CUST004106,LongHorn Steakhouse,"8136 Cherry Way, Suite 100",Minneapolis,MN,55476
CUST004107,Bob Evans,"6282 Chestnut Rd, Suite 200",Columbus,OH,43224
CUST004108,Holiday Inn by IHG Madison,6803 Union Pl,Madison,WI,53713
CUST004109,Bill & Danny's Steakhouse,1148 Spring Way,Anchorage,AK,99546
CUST004110,The Jersey City Grille,9932 Meadow Ave,Jersey City,NJ,07332
CUST004111,Nguyen's Pub,5066 Highland Dr,Worcester,MA,01682
CUST004112,Trader Joe's,4741 Lake Blvd,Charlotte,NC,28299
CUST004113,Whataburger,"8360 Union Ln, Suite 100",Savannah,GA,31411
CUST004114,Texas Roadhouse,"7437 Center Rd, Suite 100",Brooklyn,NY,11283
CUST004115,Olive Garden,1238 Willow Ct,Richmond,VA,23260
CUST004116,Homewood Suites by Hilton Detroit,"2398 Cedar Ln, Suite 200",Detroit,MI,48219
CUST004117,Chili's,"9305 Maple Ct, Suite 100",Philadelphia,PA,19187
CUST004118,Punch Bowl Social,5790 Industrial Dr,Jersey City,NJ,07384
CUST004119,The Rusty Nail,9280 Center Dr,New Orleans,LA,70161
CUST004120,Old Seattle Tavern,1137 Sunset St,Seattle,WA,98186
CUST004121,LongHorn Steakhouse,"9725 Harbor Dr, #101",Columbus,OH,43245
CUST004122,Price Chopper,6229 Highland Ave,Boston,MA,02133
CUST004123,Mama DeLuca's Pizzeria,"4912 Cedar Pkwy, Suite 100",Spokane,WA,99241
CUST004124,Marketview Liquor,"2641 Cedar Way, Ste A",Virginia Beach,VA,23469
CUST004125,Tony's Grill,"8904 Sunset Blvd, Ste A",Annapolis,MD,21497
CUST004126,Sports Page Bar,"8330 Park Pkwy, Ste A",St. Paul,MN,55170
CUST004127,Garcia's Pub,"3287 Highland Ln, Suite 100",Denver,CO,80297
CUST004128,Ramada by Wyndham Springfield,"8806 Market Rd, Suite 200",Springfield,IL,62789
CUST004129,Williams's Diner,4262 Harbor Ct,Newark,NJ,07127
CUST004130,Mama DeLuca's Pizzeria,3439 Willow Blvd,Colorado Springs,CO,80932
CUST004131,Esposito's Pub,"7488 Pine Blvd, Suite 200",Cleveland,OH,44180
CUST004132,7-Eleven Store #3396,"9652 Oak Rd, #101",Anchorage,AK,99553
CUST004133,Davis's Pub,8475 Park Rd,Burlington,VT,05409
CUST004134,Whole Foods Market,"5392 Commerce Ln, Suite 100",Columbia,SC,29206
CUST004135,Dave & Buster's,"593 Union Pkwy, Suite 100",Anchorage,AK,99569
CUST004136,Hilton Garden Inn Dallas,"2683 Willow Dr, #101",Fort Worth,TX,76151
CUST004137,Mama Park's Kitchen,1070 Bay Ave,San Diego,CA,92186
CUST004138,Stater Bros.,2766 Bay Blvd,Jackson,MS,39263
CUST004139,Red Lobster,1049 Oak Ct,Little Rock,AR,72237
CUST004140,Nguyen's BBQ,8061 Valley Way,Baton Rouge,LA,70884
CUST004141,Bar Louie,7724 Washington Dr,Columbia,SC,29235
CUST004142,The Draft House,5055 Lake Ln,Spokane,WA,99225
CUST004143,Loews Hotel Philadelphia,"2000 Maple Way, Suite 100",Jersey City,NJ,07339
CUST004144,BJ's Wholesale Club,"5500 Forest Ln, Suite 100",Baton Rouge,LA,70850
CUST004145,BevMo,"8559 Harbor Ave, #101",Honolulu,HI,96865
CUST004146,In-N-Out Burger,6358 Garden Blvd,Kansas City,MO,64134
CUST004147,TGI Fridays,"8508 Main Pkwy, Unit B",Jackson,MS,39203
CUST004148,San Diego Taproom,1241 Forest St,San Diego,CA,92181
CUST004149,Waffle House,7630 Main Way,Oklahoma City,OK,73183
CUST004150,Smith's BBQ,"1660 Division Ave, Suite 200",Las Vegas,NV,89134
CUST004151,Mama Rossi's Pizzeria,4919 Bay Way,Los Angeles,CA,90026
CUST004152,Outback Steakhouse,"8302 Commerce Way, Ste A",Grand Rapids,MI,49599
CUST004153,Perkins Restaurant,"798 Hill St, Suite 200",Brooklyn,NY,11229
CUST004154,Marco's Seafood,"1741 Bay Ln, Unit B",Tulsa,OK,74145
CUST004155,Bob Evans,"235 Market Blvd, Ste A",Newark,NJ,07152
CUST004156,Rite Aid,"7878 Center Dr, Ste A",Nashville,TN,37206
CUST004157,Trader Joe's,"8009 Oak Pkwy, Suite 200",Baltimore,MD,21281
CUST004158,Best Western Colorado Springs,"5675 Division Pl, #101",Colorado Springs,CO,80983
CUST004159,Rite Aid,842 Sunset Ave,Little Rock,AR,72201
CUST004160,Costco Wholesale,5524 Maple Ct,Richmond,VA,23202
CUST004161,Mama Johnson's Pizzeria,4305 River Blvd,Charlotte,NC,28267
CUST004162,Chen Family Restaurant,"1236 Cherry Ln, Suite 100",Providence,RI,02933
CUST004163,The Cheesecake Factory,"8562 Cedar Pkwy, Suite 100",Richmond,VA,23283
CUST004164,Twin Peaks,1060 Highland Pl,Fort Worth,TX,76169
CUST004165,Four Seasons Miami,8068 Magnolia Pl,Reno,NV,89518
CUST004166,Mama Brown's Pizzeria,1298 Lake Ln,Chicago,IL,60649
CUST004167,Atlanta Bottle Shop,"1558 Washington Dr, Unit B",Atlanta,GA,30310
CUST004168,WinCo Foods,5952 Bay Ln,Albuquerque,NM,87129
CUST004169,IHOP,"2260 Broad St, Suite 100",Burlington,VT,05471
CUST004170,Central Liquors,3554 Hill Rd,Savannah,GA,31428
CUST004171,Whole Foods Market,"3315 Cedar Pl, Suite 100",Tulsa,OK,74143
CUST004172,Eugene Diner,9558 Elm Blvd,Eugene,OR,97421
CUST004173,Best Western Plus Burlington,1508 Cedar Blvd,Burlington,VT,05422
CUST004174,The Red Saddle,"1233 Chestnut Ave, Suite 100",Baton Rouge,LA,70886
CUST004175,Binny's Beverage Depot,"5562 Commerce Rd, Suite 200",Philadelphia,PA,19156
CUST004176,Miami Kitchen,"6273 Chestnut Dr, Ste A",Miami,FL,33108
CUST004177,The Bottle Shop,8813 Magnolia Pkwy,Oklahoma City,OK,73158
CUST004178,Rossi Kitchen,"2409 Walnut Pl, #101",Spokane,WA,99226
CUST004179,Mama Johnson's,"6397 Walnut Pkwy, Ste A",Minneapolis,MN,55418
CUST004180,The Tap Room,1284 Walnut Ln,Richmond,VA,23282
CUST004181,TGI Fridays,8823 Peach Pkwy,Albuquerque,NM,87103
CUST004182,Sports Page Bar,4763 Park St,Sacramento,CA,95819
CUST004183,Martinez's BBQ,"3270 Union Ct, Suite 200",Richmond,VA,23298
CUST004184,Marriott Houston Downtown,"5446 Lake St, Suite 100",Phoenix,AZ,85033
CUST004185,The Tap Room,2188 Park Ave,New York,NY,10014
CUST004186,The Rail & Stag,"4697 Oak Dr, Ste A",Honolulu,HI,96868
CUST004187,Perkins Restaurant,1175 Sunset Ave,Seattle,WA,98164
CUST004188,Pilot Flying J #8562,2595 Cedar Rd,Reno,NV,89597
CUST004189,Jack & Tom's Steakhouse,"9088 Division Pkwy, Ste A",Spokane,WA,99222
CUST004190,Costco Wholesale,3699 Elm Ave,Houston,TX,77099
CUST004191,Chen's Diner,953 Union Rd,Buffalo,NY,14229
CUST004192,Pilot Flying J #4458,4559 Green Way,Little Rock,AR,72298
CUST004193,Neighborhood Bar & Grill,"5434 Hill Pkwy, Suite 100",Atlanta,GA,30308
CUST004194,Garden Inn by Hilton Tulsa,8672 Market Dr,Tulsa,OK,74124
CUST004195,TGI Fridays,5985 Harbor Rd,Salt Lake City,UT,84121
CUST004196,Aldi,"9927 Commerce Blvd, Unit B",Boston,MA,02184
CUST004197,Bob Evans,"3924 Union Ln, Ste A",Eugene,OR,97412
CUST004198,Price Chopper,5999 Sunset Ct,Jackson,MS,39236
CUST004199,Courtyard by Marriott Sacramento,"9274 Valley Ln, Ste A",Sacramento,CA,95839
CUST004200,Sheetz #3165,"3781 Walnut Rd, Ste A",Salt Lake City,UT,84195
CUST004201,Courtyard by Marriott Chicago,"1705 Washington Pl, Suite 200",Pittsburgh,PA,15295
CUST004202,Raley's,9594 Cherry Dr,Hartford,CT,06112
CUST004203,Papa Romano's,"5780 Chestnut Blvd, Ste A",Birmingham,AL,35259
CUST004204,Trader Joe's,"9030 Forest Pkwy, Suite 100",Oklahoma City,OK,73107
CUST004205,Chen Family Restaurant,"6688 Sunset Ln, Unit B",Houston,TX,77052
CUST004206,Ingles Markets,"937 Elm Blvd, #101",Richmond,VA,23212
CUST004207,BJ's Wholesale Club,"2048 Harbor Dr, #101",Omaha,NE,68165
CUST004208,DeLuca's BBQ,8018 Hill Ln,Sacramento,CA,95874
CUST004209,Hartford Diner,"6276 Cherry Pkwy, Unit B",Hartford,CT,06179
CUST004210,Food Lion,2208 Chestnut Pl,Denver,CO,80244
CUST004211,P.F. Chang's,2515 Commerce Ave,Minneapolis,MN,55498
CUST004212,Fine Wine & Spirits,"7738 Chestnut Pl, Unit B",St. Paul,MN,55120
CUST004213,Ingles Markets,"527 Elm Ave, Unit B",Jacksonville,FL,32223
CUST004214,Walgreens,"227 Harbor Dr, Suite 100",Las Vegas,NV,89156
CUST004215,Neighborhood Bar & Grill,"1253 Harbor Rd, Suite 200",Burlington,VT,05409
CUST004216,Ingles Markets,"1844 Market Rd, Unit B",Orlando,FL,32831
CUST004217,Casey's General Store #5914,"466 Garden Pl, Suite 200",Spokane,WA,99225
CUST004218,Spec's Liquor,"8801 Church Dr, #101",Wilmington,DE,19857
CUST004219,Denny's,"9979 Pine Way, Unit B",Burlington,VT,05440
CUST004220,ampm #1525,"8443 Elm Rd, Suite 100",Houston,TX,77070
CUST004221,The Broken Spoke,"3941 Union Pkwy, #101",Portland,OR,97238
CUST004222,Speedway #9510,"4732 Spring Ct, Suite 200",Worcester,MA,01632
CUST004223,Waffle House,"3819 Green Blvd, Unit B",Providence,RI,02975
CUST004224,Down the Hatch,5031 Willow St,Savannah,GA,31467
CUST004225,Marco & Tom's Steakhouse,8575 Center Rd,St. Louis,MO,63172
CUST004226,Mama Miller's Pizzeria,"2759 Magnolia St, Unit B",Springfield,IL,62707
CUST004227,BJ's Wholesale Club,"5374 Church Rd, Suite 200",Orlando,FL,32837
CUST004228,Sunset Lounge,"6907 Forest Ln, Suite 200",Queens,NY,11385
CUST004229,ABC Fine Wine & Spirits,4550 Broad Blvd,Buffalo,NY,14202
CUST004230,Corner Pocket Billiards & Bar,4495 Valley Ct,New Orleans,LA,70141
CUST004231,Central Liquors,"120 Bay Dr, Unit B",Sacramento,CA,95829
CUST004232,Kona Grill,"8627 River Ln, Ste A",Milwaukee,WI,53298
CUST004233,Detroit Grill,4710 River St,Detroit,MI,48238
CUST004234,Steak 'n Shake,"3307 Green St, Unit B",Columbus,OH,43242
CUST004235,Holiday Inn by IHG Nashville,"1005 Division Pl, #101",Nashville,TN,37274
CUST004236,Eddie's Bar & Grill,5472 Broad Dr,Worcester,MA,01633
CUST004237,Walgreens,1386 Church Way,Pittsburgh,PA,15213
CUST004238,Rossi's Diner,"8513 Highland Blvd, #101",Baltimore,MD,21266
CUST004239,Crowne Plaza by IHG New Orleans,8727 Cedar Blvd,New Orleans,LA,70156
CUST004240,7-Eleven Store #2522,9120 Sunset Ave,Raleigh,NC,27644
CUST004241,Spec's Liquor,"4565 Peach Dr, #101",Atlanta,GA,30328
CUST004242,The Rizzo House,463 Walnut Ln,Philadelphia,PA,19177
CUST004243,Mama Smith's,"7105 Magnolia Dr, Suite 200",Reno,NV,89502
CUST004244,New Orleans Liquors,1089 Peach St,New Orleans,LA,70187
CUST004245,Raleigh Taproom,"5309 Highland Pkwy, #101",Raleigh,NC,27665
CUST004246,Lou's Seafood,3893 Green Ln,Baton Rouge,LA,70855
CUST004247,Mama Smith's Kitchen,9244 Walnut Way,Denver,CO,80214
CUST004248,Hartford Wine & Spirits,"6877 Meadow Ave, Suite 100",Hartford,CT,06148
CUST004249,Anna's Seafood,2325 Bay Blvd,Pittsburgh,PA,15250
CUST004250,Shake Shack,"6929 Commerce Pl, Suite 100",San Diego,CA,92113
CUST004251,CVS Pharmacy,"2316 Main Ct, Suite 100",San Antonio,TX,78259
CUST004252,Olive Garden,8568 Broad Way,Atlanta,GA,30397
CUST004253,Trader Joe's,9626 River Pl,Orlando,FL,32833
CUST004254,Jones's BBQ,4689 Elm Blvd,Austin,TX,78710
CUST004255,Charlotte Bistro,"7611 Forest St, Suite 100",Charlotte,NC,28260
CUST004256,Rizzo Family Restaurant,7656 Main Way,Nashville,TN,37248
CUST004257,Total Wine & More,"4583 Church Way, Suite 100",Austin,TX,78737
CUST004258,Holiday Inn by IHG Lexington,"8242 Magnolia St, Suite 100",Lexington,KY,40517
CUST004259,ABC Fine Wine & Spirits,5535 Garden St,Las Vegas,NV,89143
CUST004260,WinCo Foods,"3330 Walnut Blvd, Suite 200",Las Vegas,NV,89167
CUST004261,Spec's Liquor,"1865 Spring Pl, Ste A",Tucson,AZ,85760
CUST004262,Tampa Diner,4026 Broad Pl,Tampa,FL,33688
CUST004263,Chicago Taproom,"5956 Hill Pl, Ste A",Chicago,IL,60604
CUST004264,Nguyen's Diner,3121 Cherry Ct,Omaha,NE,68178
CUST004265,Price Chopper,"1129 Magnolia Ct, Suite 200",Cleveland,OH,44114
CUST004266,LongHorn Steakhouse,5906 Meadow Dr,Eugene,OR,97445
CUST004267,Cheers Bar & Grill,"3772 Walnut Pl, #101",Phoenix,AZ,85093
CUST004268,GetGo #3651,7117 Harbor Way,Austin,TX,78765
CUST004269,Westin Atlanta Peachtree,"2679 Union Ave, Suite 200",Raleigh,NC,27624
CUST004270,Super 8 by Wyndham Sioux Falls,9424 Bay Way,Sioux Falls,SD,57187
CUST004271,Olive Garden,3999 River Pkwy,Houston,TX,77036
CUST004272,ampm #4784,"4107 Oak Ct, Ste A",Miami,FL,33112
CUST004273,Publix,3531 Main Ave,Fort Worth,TX,76102
CUST004274,Sal's Seafood,9920 Lake Rd,Eugene,OR,97406
CUST004275,The Draft & Wolf,"1219 Pine Pkwy, Ste A",Virginia Beach,VA,23443
CUST004276,CVS Pharmacy,3278 Forest Way,San Diego,CA,92160
CUST004277,Westin Atlanta Peachtree,"4661 Center Way, Unit B",St. Paul,MN,55103
CUST004278,Circle K #7771,8103 Elm Rd,Tucson,AZ,85798
CUST004279,The Tap Room,"8707 Commerce Dr, Suite 200",San Antonio,TX,78210
CUST004280,Buffalo Diner,"5683 Bay Blvd, Unit B",Buffalo,NY,14264
CUST004281,ampm #1444,"4934 Market Dr, Suite 100",Las Vegas,NV,89150
CUST004282,Romano's BBQ,"8163 Union Ave, Ste A",San Antonio,TX,78215
CUST004283,Choice Hotels Econo Lodge Columbus,7941 Elm Way,Columbus,OH,43224
CUST004284,IHOP,5562 Walnut Blvd,St. Paul,MN,55137
CUST004285,Publix,"9625 Market Ave, Suite 100",Fargo,ND,58109
CUST004286,Chipotle Mexican Grill,1641 Market Blvd,Albuquerque,NM,87192
CUST004287,Chipotle Mexican Grill,"110 Forest Rd, Suite 200",Austin,TX,78708
CUST004288,Whole Foods Market,"7181 Industrial Rd, Unit B",Spokane,WA,99251
CUST004289,Marketview Liquor,3844 Oak Dr,Jersey City,NJ,07337
CUST004290,Marriott Houston Downtown,7262 Chestnut Rd,Colorado Springs,CO,80907
CUST004291,Mama Rossi's,"240 Division Pl, Ste A",Atlanta,GA,30368
CUST004292,Sal & Vic's Steakhouse,"5753 Harbor Pl, Suite 200",St. Louis,MO,63141
CUST004293,Worcester Bottle Shop,615 Pine Rd,Worcester,MA,01625
CUST004294,The Tap Room,"6826 River Pl, #101",Charlotte,NC,28268
CUST004295,Sheetz #8617,"8855 Magnolia St, Suite 100",Jackson,MS,39258
CUST004296,Rossi's Pub,"7595 Forest Ct, Suite 200",Cleveland,OH,44111
CUST004297,Papa DeLuca's,6536 Forest Rd,Nashville,TN,37217
CUST004298,DeLuca's Pub,"7419 Industrial Way, Ste A",Madison,WI,53784
CUST004299,Steak 'n Shake,"6893 Division Ct, #101",Springfield,IL,62715
CUST004300,Kroger,7928 Oak Pl,Salt Lake City,UT,84106
CUST004301,Lidl,7701 Green Rd,Kansas City,MO,64178
CUST004302,Piggly Wiggly,"7756 Sunset Pl, Ste A",Los Angeles,CA,90038
CUST004303,Garcia Kitchen,"2909 Hill Ct, Unit B",Nashville,TN,37287
CUST004304,Choice Hotels Quality Inn Jersey City,2379 Lake Way,Jersey City,NJ,07368
CUST004305,The Ferreira House,"8304 Maple Pkwy, Ste A",Cincinnati,OH,45219
CUST004306,Hyatt Place Denver,1797 Division Ave,Albuquerque,NM,87182
CUST004307,Rossi's BBQ,3882 Garden Way,Jacksonville,FL,32289
CUST004308,Best Western Plus Baltimore,"9594 Cherry Pl, Unit B",Baltimore,MD,21204
CUST004309,Orlando Bottle Shop,"9966 Walnut Way, Ste A",Orlando,FL,32868
CUST004310,Maria's Seafood,"3298 Church Rd, #101",Jersey City,NJ,07304
CUST004311,Crowne Plaza by IHG Austin,"9833 Bay Dr, #101",Austin,TX,78732
CUST004312,Mama Williams's Pizzeria,"644 Market Pl, #101",Indianapolis,IN,46225
CUST004313,Sam's Seafood,"1644 Church Ln, Unit B",Richmond,VA,23287
CUST004314,Golden Corral,"6133 Commerce St, Ste A",Portland,OR,97207
CUST004315,Maria & Sal's Steakhouse,2200 Willow Ln,Columbia,SC,29282
CUST004316,The Midnight Hound,"9817 Willow Pl, Suite 200",Cincinnati,OH,45240
CUST004317,The Bottle Shop,2875 Center Pl,Fargo,ND,58191
CUST004318,Sam's Club,1061 Magnolia Pl,Indianapolis,IN,46210
CUST004319,Olive Garden,"1118 Garden St, Ste A",St. Paul,MN,55144
CUST004320,The Draft House,9746 Union Ave,Eugene,OR,97430
CUST004321,Memphis Liquors,"4494 Center St, Unit B",Memphis,TN,38106
CUST004322,Outback Steakhouse,"9830 Washington St, #101",Spokane,WA,99267
CUST004323,The Cheesecake Factory,"350 Lake Rd, #101",Birmingham,AL,35256
CUST004324,Buffalo Wild Wings,"2484 Broad Ave, Suite 200",St. Louis,MO,63131
CUST004325,Meijer,5356 Magnolia Dr,San Francisco,CA,94128
CUST004326,Golden Corral,"1807 Oak Ln, #101",Burlington,VT,05473
CUST004327,ABC Fine Wine & Spirits,"5976 Peach Rd, Suite 200",Boston,MA,02138
CUST004328,Denver Grill,"3617 Peach St, Suite 200",Denver,CO,80283
CUST004329,The Cheesecake Factory,"3696 Willow Way, Ste A",Atlanta,GA,30349
CUST004330,LongHorn Steakhouse,9437 Pine Pl,Lexington,KY,40590
CUST004331,Red Robin,"2766 Park Pl, Unit B",Fort Worth,TX,76186
CUST004332,Pat's Bar & Grill,4339 Chestnut Ave,Charleston,SC,29401
CUST004333,Hooters,"2272 River Ct, Suite 100",Cincinnati,OH,45214
CUST004334,Hy-Vee,"1200 Elm Rd, Ste A",New York,NY,10072
CUST004335,Days Inn by Wyndham Atlanta,7728 Market Way,Atlanta,GA,30333
CUST004336,Ritz-Carlton New Orleans,"5002 Green Pl, Suite 100",Brooklyn,NY,11276
CUST004337,Five Guys,3882 Walnut Way,Baltimore,MD,21255
CUST004338,Panera Bread,"7289 Main Ave, Suite 100",Wilmington,DE,19896
CUST004339,Olive Garden,5631 Forest Way,Jacksonville,FL,32254
CUST004340,Orlando Brewing Co.,"4393 Green Way, Suite 100",Orlando,FL,32817
CUST004341,Davis's Diner,"9992 Willow Ave, Suite 100",Kansas City,MO,64137
CUST004342,Winn-Dixie,"7982 Magnolia Rd, #101",Miami,FL,33156
CUST004343,Sunset Lounge,"178 Division Ln, Suite 200",Annapolis,MD,21409
CUST004344,Sal's Grill,9081 Forest Dr,Buffalo,NY,14210
CUST004345,Neighborhood Bar & Grill,"9409 Harbor Ct, Suite 100",Chicago,IL,60626
CUST004346,The Broken Spoke,"6991 Church Dr, #101",Portland,OR,97297
CUST004347,Jones Kitchen,7868 Walnut Way,Annapolis,MD,21405
CUST004348,P.F. Chang's,"5625 Division Way, Ste A",New York,NY,10023
CUST004349,Main Street Liquors,7059 Center Pl,Denver,CO,80263
CUST004350,Westin Atlanta Peachtree,"2152 Main St, #101",Madison,WI,53765
CUST004351,Fairfield Inn by Marriott Queens,2447 Walnut Pkwy,Queens,NY,11339
CUST004352,Steak 'n Shake,3524 Cedar Pkwy,Cincinnati,OH,45287
CUST004353,Mama Nguyen's,2542 Walnut Way,Miami,FL,33124
CUST004354,Chili's,4846 Main Rd,Boston,MA,02166
CUST004355,Texas Roadhouse,"4032 Oak Dr, Unit B",Jersey City,NJ,07322
CUST004356,Cheers Bar & Grill,9196 Valley Way,Providence,RI,02970
CUST004357,The Rusty Nail,"3770 Maple Way, Suite 200",Fargo,ND,58108
CUST004358,Texas Roadhouse,"9790 Pine St, Suite 100",St. Paul,MN,55144
CUST004359,Martinez Family Restaurant,"4753 Elm Pkwy, #101",Fort Worth,TX,76114
CUST004360,BJ's Wholesale Club,8434 Church Blvd,Las Vegas,NV,89164
CUST004361,Rite Aid,2746 Broad Way,Savannah,GA,31419
CUST004362,Spec's Liquor,5334 Maple Rd,Pittsburgh,PA,15214
CUST004363,Costco Wholesale,"3073 Bay Ave, Ste A",Columbia,SC,29231
CUST004364,Super 8 by Wyndham New Orleans,"168 Washington Ln, Suite 200",New Orleans,LA,70152
CUST004365,Spec's Liquor,"4675 Cedar Ln, #101",Honolulu,HI,96835
CUST004366,Corner Pocket Billiards & Bar,"761 Maple Pkwy, Suite 200",Phoenix,AZ,85074
CUST004367,Lexington Liquors,6602 Harbor Ln,Lexington,KY,40554
CUST004368,Meijer,"2849 Broad Rd, #101",Oklahoma City,OK,73133
CUST004369,San Antonio Bottle Shop,"6133 Walnut Way, Suite 200",San Antonio,TX,78213
CUST004370,Kroger,"946 Union Dr, Ste A",Springfield,IL,62773
CUST004371,Super 8 by Wyndham Wilmington,"9872 Center Pkwy, #101",Wilmington,DE,19841
CUST004372,Applebee's,128 Hill Blvd,Sioux Falls,SD,57109
CUST004373,Piggly Wiggly,"7762 Elm St, Ste A",Miami,FL,33167
CUST004374,ampm #5586,"7393 Highland Ct, #101",Indianapolis,IN,46254
CUST004375,Panera Bread,6775 Washington Rd,Minneapolis,MN,55407
CUST004376,Sioux Falls Grill,"2792 Meadow Ct, #101",Sioux Falls,SD,57144
CUST004377,Garcia Family Restaurant,"6417 Willow Dr, Suite 100",Milwaukee,WI,53210
CUST004378,Cracker Barrel,"3586 Spring Pl, #101",Brooklyn,NY,11221
CUST004379,Casa Jones,"3191 Chestnut Pkwy, Suite 200",Worcester,MA,01637
CUST004380,The St. Louis Grille,"4192 River St, Ste A",St. Louis,MO,63178
CUST004381,Danny's Grill,"7583 Cherry Way, Unit B",Colorado Springs,CO,80922
CUST004382,Texas Roadhouse,9770 Maple Ln,St. Paul,MN,55135
CUST004383,Brooklyn Diner,"2746 Bay St, #101",Brooklyn,NY,11223
CUST004384,Rite Aid,2957 River Way,Minneapolis,MN,55490
CUST004385,Brown Kitchen,"2820 Cherry Ave, Suite 100",Jacksonville,FL,32286
CUST004386,The Omaha Grille,"2419 Sunset Pkwy, Suite 100",Omaha,NE,68172
CUST004387,Sam's Club,"849 Chestnut Dr, Suite 200",Albuquerque,NM,87144
CUST004388,Chipotle Mexican Grill,9495 Valley Ln,Grand Rapids,MI,49535
CUST004389,Binny's Beverage Depot,"6368 Walnut Way, #101",Honolulu,HI,96823
CUST004390,Five Guys,9952 Market Ave,Little Rock,AR,72295
CUST004391,Lexington Grill,2968 Pine Dr,Lexington,KY,40545
CUST004392,Omaha Bistro,"2688 Cherry Rd, Unit B",Omaha,NE,68112
CUST004393,Costco Wholesale,"9535 Church St, Suite 100",Louisville,KY,40266
CUST004394,Seattle Grill,"3310 Cedar Blvd, #101",Seattle,WA,98166
CUST004395,Houston Tap Room,"6097 Church Dr, #101",Houston,TX,77043
CUST004396,Cracker Barrel,"5194 Peach Rd, #101",Savannah,GA,31476
CUST004397,Best Western Richmond,4750 Cherry Dr,Richmond,VA,23200
CUST004398,Cracker Barrel,"885 Hill Rd, Suite 100",Little Rock,AR,72200
CUST004399,Piggly Wiggly,"1076 Oak Ave, Ste A",Eugene,OR,97472
CUST004400,Papa Esposito's,"4653 Commerce Dr, Ste A",Madison,WI,53739
CUST004401,Twin Peaks,7878 Cherry Pl,Tampa,FL,33624
CUST004402,Holiday Inn Express Boston,"7668 Industrial Rd, Suite 100",Sacramento,CA,95864
CUST004403,Kona Grill,856 Union Dr,Dallas,TX,75204
CUST004404,CVS Pharmacy,"4605 Industrial Ave, Suite 200",Grand Rapids,MI,49548
CUST004405,Tony's Grill,2032 Elm Pkwy,Minneapolis,MN,55446
CUST004406,Circle K #2627,"6432 Main Pl, Suite 200",Birmingham,AL,35240
CUST004407,Olive Garden,"2731 Division Blvd, Ste A",Sioux Falls,SD,57179
CUST004408,Hyatt Place Denver,7150 Elm Ave,Kansas City,MO,64179
CUST004409,Jackson Liquors,"8799 Union Rd, Suite 100",Jackson,MS,39276
CUST004410,Panera Bread,3193 Park Rd,San Diego,CA,92101
CUST004411,Marketview Liquor,7357 Harbor St,Birmingham,AL,35217
CUST004412,Jim & Pat's Steakhouse,1995 Market Rd,Spokane,WA,99260
CUST004413,Punch Bowl Social,"7656 Sunset Blvd, #101",Denver,CO,80230
CUST004414,Liquor Barn,2000 Meadow St,Columbus,OH,43262
CUST004415,Mama Romano's Pizzeria,"2729 Washington St, Unit B",Las Vegas,NV,89135
CUST004416,Chris & Rosa's Steakhouse,"8733 Lake Rd, Ste A",Buffalo,NY,14266
CUST004417,Albertsons,"8880 Cedar Pkwy, #101",Los Angeles,CA,90008
CUST004418,Eddie's Grill,535 Maple Ln,Eugene,OR,97477
CUST004419,Marketview Liquor,"8045 Forest Rd, #101",Kansas City,MO,64168
CUST004420,Cheers Bar & Grill,"8823 Center Pkwy, Ste A",Kansas City,MO,64187
CUST004421,Chen Kitchen,8778 Industrial St,Cleveland,OH,44118
CUST004422,Kroger,"9887 Washington Ln, Unit B",Charleston,SC,29446
CUST004423,Sonic Drive-In,"2976 Elm Dr, Unit B",Albuquerque,NM,87193
CUST004424,Shake Shack,"2131 River Dr, #101",Portland,OR,97245
CUST004425,7-Eleven Store #8511,"3660 Pine Pkwy, Suite 200",Portland,OR,97249
CUST004426,Sheraton New York Times Square,9512 Pine Pkwy,Seattle,WA,98105
CUST004427,Raising Cane's,990 Cherry Ave,Sioux Falls,SD,57199
CUST004428,Loews Hotel Philadelphia,"5552 Pine St, Ste A",Memphis,TN,38176
CUST004429,Martinez Kitchen,1528 Commerce Pl,Nashville,TN,37210
CUST004430,Whole Foods Market,4075 River Pkwy,Providence,RI,02978
CUST004431,Super 8 by Wyndham Miami,"3481 Cedar Ct, #101",Miami,FL,33133
CUST004432,Golden Corral,"2688 Broad Way, #101",Richmond,VA,23263
CUST004433,Steak 'n Shake,3318 Washington Dr,Eugene,OR,97440
CUST004434,Cracker Barrel,"2302 Church Rd, Unit B",Baltimore,MD,21207
CUST004435,Eugene Wine & Spirits,7732 Spring Blvd,Eugene,OR,97439
CUST004436,Martinez's Pub,4652 Cherry Pkwy,Providence,RI,02919
CUST004437,The Rusty Nail,"9662 Hill Pl, Suite 100",Anchorage,AK,99508
CUST004438,The Bottle Shop,6639 Forest Ave,San Francisco,CA,94152
CUST004439,Golden Corral,"2086 Chestnut Way, Suite 200",Providence,RI,02960
CUST004440,Boston Grill,4303 Maple Dr,Boston,MA,02159
CUST004441,The Draft House,"8126 Main Ave, Suite 200",Reno,NV,89562
CUST004442,Giant Eagle,"8570 Industrial Ave, #101",Tampa,FL,33626
CUST004443,Olive Garden,3153 Market Blvd,Las Vegas,NV,89189
CUST004444,Shake Shack,"2709 Peach Dr, #101",Birmingham,AL,35252
CUST004445,Wawa #2953,539 Green Ct,Oklahoma City,OK,73191
CUST004446,Gino & Jack's Steakhouse,8593 Elm Rd,Milwaukee,WI,53213
CUST004447,Walgreens,3207 Commerce Ln,Grand Rapids,MI,49544
CUST004448,Denny's,439 Union Ct,Jersey City,NJ,07316
CUST004449,DeLuca Family Restaurant,"153 Sunset Dr, #101",Indianapolis,IN,46234
CUST004450,Liquor Barn,"5784 River Ct, #101",Nashville,TN,37201
CUST004451,Circle K #6410,127 Commerce Ct,Tampa,FL,33600
CUST004452,Corner Pocket Billiards & Bar,"1801 Harbor Dr, Unit B",Worcester,MA,01678
CUST004453,Sonic Drive-In,"5651 Harbor Ct, Suite 100",Charleston,SC,29439
CUST004454,Chris & Jimmy's Steakhouse,1069 Division Dr,Houston,TX,77014
CUST004455,The Park House,8321 Church Dr,Miami,FL,33126
CUST004456,Miami Liquors,"2227 Center Pkwy, Unit B",Miami,FL,33147
CUST004457,Total Wine & More,1867 Main Pkwy,Anchorage,AK,99554
CUST004458,Olive Garden,133 Cherry St,Sioux Falls,SD,57118
CUST004459,Cheers Bar & Grill,"5999 Bay Pl, Ste A",Wilmington,DE,19864
CUST004460,Keg Liquors,"2739 Industrial Ct, Unit B",Wilmington,DE,19813
CUST004461,The Bottle Shop,"250 Broad Ln, Suite 100",Cincinnati,OH,45245
CUST004462,Premier Wine & Spirits,"9399 Chestnut Dr, Ste A",Louisville,KY,40216
CUST004463,Love's Travel Stop #8126,2115 Peach Ave,Chicago,IL,60607
CUST004464,Shake Shack,5169 Highland Ct,Anchorage,AK,99504
CUST004465,JW Marriott Los Angeles,"8937 Center Ln, Ste A",Columbus,OH,43297
CUST004466,Place by Hyatt Orlando,4932 Highland St,Orlando,FL,32857
CUST004467,Olive Garden,2011 Washington Rd,Grand Rapids,MI,49573
CUST004468,Newark Bottle Shop,7154 Center Pl,Newark,NJ,07127
CUST004469,IHOP,2789 Highland Way,Columbus,OH,43281
CUST004470,Sunset Lounge,"5004 Forest Ln, #101",Burlington,VT,05425
CUST004471,Whole Foods Market,2191 Chestnut Rd,Detroit,MI,48221
CUST004472,Kroger,8645 Maple Blvd,Phoenix,AZ,85016
CUST004473,La Quinta by Wyndham Cincinnati,3243 Cedar Ln,Cincinnati,OH,45285
CUST004474,Hy-Vee,"5181 Magnolia Ave, #101",Birmingham,AL,35263
CUST004475,Giant Eagle,"4841 Commerce Pkwy, Suite 100",Little Rock,AR,72282
CUST004476,Shake Shack,3386 River Rd,Richmond,VA,23241
CUST004477,Mama Davis's Kitchen,277 Garden Ct,Houston,TX,77071
CUST004478,Walgreens,"7854 Harbor Dr, Suite 200",Baltimore,MD,21220
CUST004479,Jimmy's Seafood,6862 Park Pl,Minneapolis,MN,55404
CUST004480,Baltimore Tap Room,3930 Park Ave,Baltimore,MD,21288
CUST004481,The San Francisco Grille,"9031 Cherry Rd, Suite 100",San Francisco,CA,94148
CUST004482,Twin Peaks,"6077 Main Way, Suite 200",Tampa,FL,33686
CUST004483,Wegmans,"6974 Elm Pl, #101",San Antonio,TX,78229
CUST004484,Mama Jones's Kitchen,8213 Forest Blvd,Boston,MA,02121
CUST004485,The Broken Spoke,"9281 Division Ct, Unit B",Savannah,GA,31498
CUST004486,The Rusty Nail,9638 Willow Blvd,Tulsa,OK,74123
CUST004487,Spokane Bottle Shop,"4040 Cherry Ave, Suite 100",Spokane,WA,99296
CUST004488,Pilot Flying J #6428,"804 Sunset St, Ste A",Fargo,ND,58184
CUST004489,Brooklyn Wine & Spirits,"7749 Green Ave, Suite 200",Brooklyn,NY,11211
CUST004490,Mama Patel's Kitchen,4489 Center Ave,Boston,MA,02161
CUST004491,Texas Roadhouse,"1118 Sunset Blvd, Ste A",Reno,NV,89507
CUST004492,The Broken Spoke,9787 Union Pl,Sioux Falls,SD,57161
CUST004493,Fort Worth Diner,"7043 Harbor Pl, Unit B",Fort Worth,TX,76199
CUST004494,Raley's,"6550 River Dr, Unit B",Jersey City,NJ,07394
CUST004495,Buffalo Wild Wings,"8899 Willow Ln, Unit B",Grand Rapids,MI,49595
CUST004496,Shake Shack,8197 Main Rd,Cleveland,OH,44152
CUST004497,Davis Kitchen,"6399 Hill Way, Suite 200",Providence,RI,02991
CUST004498,Yard House,5523 Magnolia Ln,Oklahoma City,OK,73134
CUST004499,Albertsons,"2907 Magnolia Ct, Suite 200",Wilmington,DE,19824
CUST004500,Danny's Bar & Grill,1569 Spring Ave,Birmingham,AL,35285
CUST004501,Rossi's Tavern,1593 Forest Pkwy,Queens,NY,11333
CUST004502,Chili's,"7935 Willow Pl, Suite 100",Savannah,GA,31435
CUST004503,Martinez's Diner,"4643 Forest Ln, Suite 100",Spokane,WA,99210
CUST004504,Perkins Restaurant,6397 Church St,Jackson,MS,39249
CUST004505,Residence Inn by Marriott Little Rock,1112 Center Pkwy,Little Rock,AR,72276
CUST004506,Best Western Premier Columbia,8832 River Rd,Columbia,SC,29240
CUST004507,Hampton Inn Nashville,"9453 Industrial Dr, Suite 200",Worcester,MA,01683
CUST004508,Davis's Liquor Store,"2487 River Ln, Suite 100",Newark,NJ,07129
CUST004509,Costco Wholesale,"6512 Market Rd, #101",Virginia Beach,VA,23441
CUST004510,Central Liquors,"6260 Valley Ct, Unit B",Austin,TX,78773
CUST004511,Jackson Wine & Spirits,2567 Lake Way,Jackson,MS,39221
CUST004512,Speedway #6347,8842 Spring St,Spokane,WA,99233
CUST004513,Raley's,9989 Willow Dr,Jackson,MS,39257
CUST004514,Central Liquors,"2027 Broad Way, Ste A",Burlington,VT,05410
CUST004515,TGI Fridays,2112 Church Rd,Hartford,CT,06105
CUST004516,Chipotle Mexican Grill,"3057 Elm Ln, #101",St. Paul,MN,55150
CUST004517,Meijer,"9255 Oak Ln, Unit B",Burlington,VT,05476
CUST004518,Romano's BBQ,"5729 Highland Ct, Ste A",Memphis,TN,38178
CUST004519,Golden Corral,"938 Park Pl, Suite 200",Milwaukee,WI,53224
CUST004520,Stater Bros.,8667 Harbor St,Fargo,ND,58109
CUST004521,Outback Steakhouse,"5020 Sunset St, #101",San Diego,CA,92105
CUST004522,Corner Pocket Billiards & Bar,8713 River Ln,Boston,MA,02134
CUST004523,Red Robin,1170 Willow Ct,Annapolis,MD,21415
CUST004524,Choice Hotels Comfort Inn Providence,9089 Oak Blvd,Providence,RI,02956
CUST004525,Food Lion,8609 Main Dr,Omaha,NE,68192
CUST004526,Old Phoenix Tavern,2477 Meadow Blvd,Phoenix,AZ,85082
CUST004527,The Midnight Fox,5116 Bay St,Minneapolis,MN,55440
CUST004528,Giant Eagle,3006 Broad Way,Dallas,TX,75271
CUST004529,Rizzo's Pub,6415 Cedar Ct,Los Angeles,CA,90024
CUST004530,Hampton Inn Nashville,224 Valley Way,Charleston,SC,29432
CUST004531,TGI Fridays,"8516 Walnut St, Suite 200",Spokane,WA,99231
CUST004532,The Draft House,"9244 Maple St, Suite 200",Eugene,OR,97409
CUST004533,Las Vegas Diner,5654 Pine Way,Las Vegas,NV,89194
CUST004534,Stater Bros.,"7999 Forest Ct, #101",Springfield,IL,62748
CUST004535,Sunset Lounge,3864 Park Pkwy,Oklahoma City,OK,73114
CUST004536,Hy-Vee,"8115 Bay Rd, Ste A",Annapolis,MD,21483
CUST004537,Eugene Wine & Spirits,314 Meadow Way,Eugene,OR,97492
CUST004538,Shake Shack,"4850 Cherry Ln, Suite 100",Atlanta,GA,30322
CUST004539,Price Chopper,5758 Division Blvd,Jersey City,NJ,07366
CUST004540,San Antonio Diner,"4890 Church St, Unit B",San Antonio,TX,78228
CUST004541,Sam's Club,"5097 Meadow Dr, #101",Detroit,MI,48258
CUST004542,Wegmans,"350 Highland Dr, Ste A",Sacramento,CA,95836
CUST004543,The Cheesecake Factory,221 Spring Pl,Newark,NJ,07119
CUST004544,Garden Inn by Hilton Boston,"3646 Sunset Rd, Unit B",Boston,MA,02125
CUST004545,Waffle House,2141 Willow Pkwy,Miami,FL,33197
CUST004546,Sioux Falls Ale House,"907 Meadow St, Suite 200",Sioux Falls,SD,57145
CUST004547,Walgreens,9468 River Pkwy,San Francisco,CA,94197
CUST004548,The Old Draft,"6151 Valley Way, Unit B",Chicago,IL,60652
CUST004549,Place by Hyatt Omaha,7291 Walnut Blvd,Omaha,NE,68131
CUST004550,Pat's Bar & Grill,"7255 Garden Dr, #101",Boston,MA,02141
CUST004551,New York Grill,"5978 Elm Dr, Ste A",New York,NY,10084
CUST004552,Kim's Tavern,729 Washington Ct,Annapolis,MD,21445
CUST004553,Sports Page Bar,"1175 Chestnut Way, Ste A",Orlando,FL,32848
CUST004554,Sam's Club,"8570 Meadow Way, Unit B",Tucson,AZ,85704
CUST004555,House by Hyatt Memphis,"2459 Union St, Unit B",Memphis,TN,38173
CUST004556,7-Eleven Store #3128,1881 Washington Pl,Savannah,GA,31400
CUST004557,Best Western Miami,"6016 Cherry Rd, Suite 200",Miami,FL,33108
CUST004558,Sam's Club,9636 Chestnut Ln,Oklahoma City,OK,73192
CUST004559,Chipotle Mexican Grill,9827 Oak Ave,Newark,NJ,07160
CUST004560,Mama Garcia's,"688 Industrial Ln, Suite 200",New York,NY,10033
CUST004561,Liquor Barn,"8720 Division Ave, #101",Miami,FL,33182
CUST004562,Residence Inn by Marriott Miami,"2035 Cherry Ave, Ste A",Miami,FL,33103
CUST004563,Pat's Grill,"2342 River Pl, Suite 200",Charleston,SC,29459
CUST004564,Columbus Grill,1025 Walnut Pl,Columbus,OH,43297
CUST004565,Cheers Bar & Grill,"3154 Chestnut Ct, #101",Virginia Beach,VA,23470
CUST004566,ampm #2667,"7672 Elm Pkwy, Unit B",Chicago,IL,60637
CUST004567,Total Spirits Brooklyn,"6185 Washington Pkwy, Suite 100",Brooklyn,NY,11265
CUST004568,Minneapolis Brewing Co.,4324 Broad Way,Minneapolis,MN,55441
CUST004569,Springhill Suites by Marriott Anchorage,"1212 Main Ln, #101",Anchorage,AK,99578
CUST004570,Red Lobster,"4346 Center St, #101",Jackson,MS,39279
CUST004571,The Cheesecake Factory,"2516 Division Pkwy, Suite 100",Baltimore,MD,21216
CUST004572,Smith Kitchen,7804 Magnolia Ave,Las Vegas,NV,89143
CUST004573,Discount Liquor Mart,5612 Highland Dr,Philadelphia,PA,19190
CUST004574,Nguyen Kitchen,3585 Meadow Rd,Lexington,KY,40536
CUST004575,Bar Louie,6077 Meadow Pkwy,Tampa,FL,33679
CUST004576,Old Omaha Tavern,"2201 Market Ct, Suite 200",Omaha,NE,68115
CUST004577,Fargo Diner,3942 Sunset Way,Fargo,ND,58105
CUST004578,Liquor Barn,"2911 Union Ct, Unit B",Fargo,ND,58146
CUST004579,Winn-Dixie,"9464 Washington Pkwy, Suite 200",Charlotte,NC,28231
CUST004580,Sunset Lounge,690 Garden Pl,Charlotte,NC,28235
CUST004581,Walgreens,"1616 River Pkwy, Suite 100",Charleston,SC,29410
CUST004582,Johnson's Liquor Store,"5676 Industrial Pl, Unit B",Seattle,WA,98105
CUST004583,Bar Louie,4731 Broad Pl,Detroit,MI,48228
CUST004584,DoubleTree by Hilton Los Angeles,"1373 Forest Ave, Unit B",Los Angeles,CA,90091
CUST004585,Tom's Bar & Grill,"1045 River Ct, Suite 100",Omaha,NE,68158
CUST004586,Chris & Bob's Steakhouse,5350 Peach Blvd,Nashville,TN,37283
CUST004587,Spec's Liquor,"6487 Green Pkwy, Suite 200",San Diego,CA,92137
CUST004588,Red Robin,"6007 Commerce Ave, Suite 200",Louisville,KY,40291
CUST004589,Walgreens,1995 Maple Ct,Grand Rapids,MI,49595
CUST004590,Denny's,5583 Cedar Pl,Richmond,VA,23260
CUST004591,Sonic Drive-In,"6717 Walnut Dr, Suite 200",Pittsburgh,PA,15263
CUST004592,Mama Nguyen's Pizzeria,5577 Bay Ave,Boston,MA,02174
CUST004593,Costco Wholesale,9783 Church Rd,Albuquerque,NM,87191
CUST004594,Yard House,"2827 Cherry Pkwy, Unit B",New York,NY,10072
CUST004595,Waffle House,"4403 Lake Rd, Suite 200",Charleston,SC,29457
CUST004596,Williams's BBQ,8042 Walnut Pl,Spokane,WA,99297
CUST004597,Best Western Plus Jersey City,2434 Green Ct,Jersey City,NJ,07379
CUST004598,Phil's Bar & Grill,"8766 Bay St, Suite 100",New Orleans,LA,70101
CUST004599,HEB,"6848 Industrial Ave, Suite 100",Springfield,IL,62728
CUST004600,Martinez's Diner,"9289 Broad Dr, Suite 200",San Diego,CA,92138
CUST004601,Binny's Beverage Depot,"6024 Center Ave, Ste A",Nashville,TN,37289
CUST004602,Whole Foods Market,5535 Lake Blvd,Chicago,IL,60627
CUST004603,Denny's,"1056 Union Blvd, Ste A",Newark,NJ,07121
CUST004604,Blu by Radisson Richmond,"3168 Valley Ln, Unit B",Richmond,VA,23217
CUST004605,Premier Wine & Spirits,"8251 Chestnut Pkwy, Suite 200",Columbia,SC,29288
CUST004606,Springfield Brewing Co.,"2482 Commerce Pl, #101",Springfield,IL,62744
CUST004607,The Draft House,8719 Market Rd,Reno,NV,89568
CUST004608,Speedway #7735,"6085 Industrial Rd, Ste A",Boston,MA,02141
CUST004609,Cracker Barrel,5525 Union Ct,Springfield,IL,62760
CUST004610,Super 8 by Wyndham Eugene,2370 Lake Pl,Eugene,OR,97488
CUST004611,The St. Louis Grille,"4899 Magnolia Dr, Ste A",St. Louis,MO,63144
CUST004612,Best Western Premier Phoenix,"4333 Elm Ct, Suite 200",Phoenix,AZ,85055
CUST004613,Hilton Garden Inn Dallas,2960 Spring Dr,Miami,FL,33195
CUST004614,Texas Roadhouse,"2397 Elm Pl, Ste A",Baton Rouge,LA,70860
CUST004615,Keg Liquors,"954 Green Pl, Unit B",Sioux Falls,SD,57157
CUST004616,Bob Evans,"8705 Forest Blvd, Unit B",Tampa,FL,33686
CUST004617,P.F. Chang's,"6060 Center Way, Ste A",Austin,TX,78727
CUST004618,Waffle House,2106 Chestnut Ct,Milwaukee,WI,53209
CUST004619,Love's Travel Stop #9627,5289 Harbor Pkwy,Providence,RI,02995
CUST004620,Sonic Drive-In,7595 Industrial Blvd,Fort Worth,TX,76104
CUST004621,Miller's Diner,"9142 Elm Ave, Ste A",Albuquerque,NM,87151
CUST004622,Yard House,"8262 Willow Dr, Ste A",Philadelphia,PA,19193
CUST004623,Holiday Inn by IHG Detroit,"6159 Valley Ln, Suite 200",Detroit,MI,48227
CUST004624,Choice Hotels Quality Inn Los Angeles,"4707 Meadow Pkwy, Ste A",Los Angeles,CA,90078
CUST004625,The Tap Room,5617 Park Ave,Tucson,AZ,85742
CUST004626,Buffalo Wild Wings,"7842 Washington Ave, Suite 100",New Orleans,LA,70171
CUST004627,Fine Wine & Spirits,"8646 Market Pl, #101",Cincinnati,OH,45206
CUST004628,Red Robin,"3931 Valley Ave, Suite 200",Sacramento,CA,95896
CUST004629,Buffalo Wild Wings,"8925 Broad Way, Ste A",Phoenix,AZ,85028
CUST004630,Kansas City Bistro,4041 Chestnut Way,Kansas City,MO,64177
CUST004631,Mama Garcia's Kitchen,9310 Green Dr,New York,NY,10059
CUST004632,Nashville Grill,4802 Maple Ave,Nashville,TN,37285
CUST004633,Premier Wine & Spirits,1578 Maple Ct,Anchorage,AK,99580
CUST004634,Outback Steakhouse,"6781 Park Rd, Unit B",Philadelphia,PA,19146
CUST004635,Tulsa Tap Room,394 Valley Blvd,Tulsa,OK,74168
CUST004636,IHOP,"9969 Peach Rd, #101",Sioux Falls,SD,57184
CUST004637,Perkins Restaurant,"8660 Broad Pkwy, Ste A",Salt Lake City,UT,84161
CUST004638,Discount Liquor Mart,"2030 Valley Ln, Suite 100",Hartford,CT,06140
CUST004639,Sam's Club,"6228 Lake Ave, Suite 200",Memphis,TN,38141
CUST004640,The Nguyen House,6253 Broad Way,Denver,CO,80260
CUST004641,The Bottle Shop,"3970 Forest Ave, Suite 100",Jackson,MS,39258
CUST004642,CVS Pharmacy,1202 Cedar St,Little Rock,AR,72264
CUST004643,World of Beer,"6936 Maple Rd, Unit B",Tampa,FL,33676
CUST004644,Casey's General Store #1652,7102 River Ave,Austin,TX,78763
CUST004645,Mama DeLuca's Pizzeria,4590 Bay Ct,Jackson,MS,39273
CUST004646,Albertsons,4301 Chestnut Blvd,Charleston,SC,29451
CUST004647,Romano Family Restaurant,4717 Garden Ln,Little Rock,AR,72297
CUST004648,Mama Miller's Kitchen,"2392 Harbor Ln, Ste A",Portland,OR,97278
CUST004649,Colorado Springs Grill,"9004 Magnolia Ave, Suite 200",Colorado Springs,CO,80951
CUST004650,Fargo Grill,5586 Main Pkwy,Fargo,ND,58144
CUST004651,Liquor Barn,2590 Industrial Dr,Omaha,NE,68148
CUST004652,Perkins Restaurant,"8070 Market Blvd, Ste A",Raleigh,NC,27611
CUST004653,In-N-Out Burger,"4488 Park Way, #101",Oklahoma City,OK,73118
CUST004654,BevMo,7342 Market Pkwy,Worcester,MA,01631
CUST004655,Raising Cane's,5849 Cedar Pkwy,Grand Rapids,MI,49506
CUST004656,Food Lion,"9707 Peach Ave, Suite 200",Columbus,OH,43204
CUST004657,Carlos & Mike's Steakhouse,"2475 Commerce Ave, Suite 100",Milwaukee,WI,53221
CUST004658,Hyatt Place Denver,"3344 Industrial Pl, Suite 200",Jersey City,NJ,07333
CUST004659,7-Eleven Store #1670,"1741 Union Way, Ste A",Baltimore,MD,21231
CUST004660,The Rusty Nail,"2453 Broad Blvd, #101",Phoenix,AZ,85093
CUST004661,BJ's Wholesale Club,"656 Commerce Dr, Suite 100",Las Vegas,NV,89138
CUST004662,Albertsons,7911 Peach Pkwy,Cincinnati,OH,45227
CUST004663,Rite Aid,"4258 Meadow Dr, Suite 100",Dallas,TX,75253
CUST004664,Golden Corral,5891 Pine Ct,Madison,WI,53732
CUST004665,Down the Hatch,"624 Cherry Pkwy, Suite 100",Omaha,NE,68180
CUST004666,Hooters,"1273 Market Blvd, Unit B",Sioux Falls,SD,57148
CUST004667,The Draft House,4602 Hill St,Milwaukee,WI,53288
CUST004668,World of Beer,"6226 Church Rd, Suite 200",Houston,TX,77074
CUST004669,Whole Foods Market,"9239 Main Dr, Suite 100",Brooklyn,NY,11286
CUST004670,Steak 'n Shake,866 Valley Way,Baltimore,MD,21218
CUST004671,Kona Grill,3792 Pine Rd,Phoenix,AZ,85061
CUST004672,LongHorn Steakhouse,988 Harbor Way,Little Rock,AR,72247
CUST004673,The Tap Room,"7651 Church Ct, Suite 100",Buffalo,NY,14278
CUST004674,Atlanta Diner,9621 Washington Ave,Atlanta,GA,30374
CUST004675,Twin Peaks,"5590 Market Pkwy, Suite 200",Buffalo,NY,14253
CUST004676,House by Hyatt Tampa,6638 Main St,Tampa,FL,33694
CUST004677,Choice Hotels Comfort Inn St. Louis,"6501 Center Ave, #101",St. Louis,MO,63197
CUST004678,Lidl,276 Peach Dr,Austin,TX,78763
CUST004679,Dave & Buster's,"827 Market St, #101",Kansas City,MO,64126
CUST004680,P.F. Chang's,892 Meadow Pkwy,Boston,MA,02125
CUST004681,CVS Pharmacy,1882 Willow Blvd,Albuquerque,NM,87106
CUST004682,Columbus Brewing Co.,8382 Center Ct,Columbus,OH,43231
CUST004683,Papa Smith's,6994 Willow St,Portland,OR,97204
CUST004684,Down the Hatch,"7245 Peach Ave, Suite 200",Eugene,OR,97436
CUST004685,Oklahoma City Wine & Spirits,"3096 Garden Dr, Ste A",Oklahoma City,OK,73177
CUST004686,Cracker Barrel,"1629 Forest Rd, Suite 200",Pittsburgh,PA,15225
CUST004687,Bob Evans,"864 Park St, #101",Austin,TX,78740
CUST004688,Mama Brown's,"9434 Bay Dr, Unit B",Denver,CO,80232
CUST004689,Kona Grill,"9943 Chestnut St, #101",Omaha,NE,68118
CUST004690,Bob Evans,"1495 Broad Ln, #101",Fargo,ND,58172
CUST004691,Whole Foods Market,"8325 Garden Way, Suite 200",Oklahoma City,OK,73159
CUST004692,Old Anchorage Tavern,"6095 Elm St, Ste A",Anchorage,AK,99565
CUST004693,Holiday Inn by IHG St. Louis,"4537 Harbor Blvd, Suite 200",St. Louis,MO,63132
CUST004694,Mama Rizzo's Pizzeria,"2098 Willow Blvd, Suite 200",Sacramento,CA,95805
CUST004695,Leo's Grill,2026 Elm Ct,Omaha,NE,68179
CUST004696,Mama Davis's Kitchen,9989 Broad Rd,Memphis,TN,38141
CUST004697,Super 8 by Wyndham Columbia,5032 Meadow Rd,Columbia,SC,29272
CUST004698,Binny's Beverage Depot,"8138 Broad Pl, Unit B",Baltimore,MD,21271
CUST004699,Williams's Tavern,3819 Hill Pl,Sacramento,CA,95873
CUST004700,Piggly Wiggly,6113 Harbor Ln,Lexington,KY,40588
CUST004701,Whole Foods Market,"6550 Forest Way, Unit B",New Orleans,LA,70198
CUST004702,Food Lion,"4234 Harbor Pkwy, Unit B",Jersey City,NJ,07340
CUST004703,Regency by Hyatt Queens,"6076 Cherry Ln, Suite 100",Queens,NY,11322
CUST004704,Charleston Tap Room,8541 Center Pkwy,Charleston,SC,29441
CUST004705,The Rusty Nail,9559 Green Ct,Hartford,CT,06149
CUST004706,Giant Eagle,7371 Hill Ave,Anchorage,AK,99536
CUST004707,Five Guys,9991 River Ave,Austin,TX,78795
CUST004708,Hooters,"193 Broad Rd, Ste A",Birmingham,AL,35208
CUST004709,JW Marriott Los Angeles,"8976 Valley Way, Suite 100",Jersey City,NJ,07314
CUST004710,Costco Wholesale,2785 Center Dr,Salt Lake City,UT,84148
CUST004711,Blu by Radisson Las Vegas,3381 Commerce Pkwy,Las Vegas,NV,89135
CUST004712,Ingles Markets,6377 Oak Way,Annapolis,MD,21454
CUST004713,The Phoenix Grille,5756 Sunset Pl,Phoenix,AZ,85081
CUST004714,Central Liquors,6612 Cherry Ave,Fort Worth,TX,76194
CUST004715,Holiday Inn by IHG Dallas,"708 Highland St, Suite 200",Dallas,TX,75253
CUST004716,Waffle House,4796 Harbor Pkwy,Indianapolis,IN,46235
CUST004717,P.F. Chang's,8254 Broad Blvd,Birmingham,AL,35257
CUST004718,Main Street Liquors,"9446 Highland Ave, Unit B",Houston,TX,77013
CUST004719,ampm #6836,"4333 Center Rd, Unit B",St. Paul,MN,55163
CUST004720,Keg Liquors,9657 Peach Ave,Sacramento,CA,95889
CUST004721,Johnson's BBQ,121 Garden Blvd,Charleston,SC,29429
CUST004722,Red by Radisson Chicago,9266 Garden Pkwy,Chicago,IL,60646
CUST004723,Five Guys,"899 Magnolia Ct, Unit B",Cleveland,OH,44187
CUST004724,Texas Roadhouse,"8749 Church Ave, Unit B",Kansas City,MO,64168
CUST004725,Papa Davis's,2009 Bay St,St. Paul,MN,55140
CUST004726,Residence Inn by Marriott Brooklyn,"5331 Park Ln, #101",Brooklyn,NY,11209
CUST004727,Golden Corral,1250 Market Ct,Jersey City,NJ,07345
CUST004728,Five Guys,2406 Center Way,Indianapolis,IN,46232
CUST004729,Corner Pocket Billiards & Bar,"7486 Chestnut Rd, Suite 200",Tucson,AZ,85700
CUST004730,GetGo #2262,6513 Garden St,Salt Lake City,UT,84110
CUST004731,Buffalo Wild Wings,5324 Chestnut St,Sacramento,CA,95879
CUST004732,Red by Radisson Virginia Beach,"2147 Cherry St, Unit B",Virginia Beach,VA,23400
CUST004733,Springhill Suites by Marriott Oklahoma City,"7474 Commerce Blvd, #101",Oklahoma City,OK,73142
CUST004734,Liquor Barn,5939 Harbor Pl,Orlando,FL,32805
CUST004735,Stater Bros.,"7322 Meadow Way, Unit B",Richmond,VA,23297
CUST004736,Hooters,"1064 Peach Blvd, Ste A",Memphis,TN,38139
CUST004737,Giant Eagle,"2083 Walnut Rd, Suite 200",Louisville,KY,40236
CUST004738,The Esposito House,"4734 Hill Way, Unit B",Atlanta,GA,30340
CUST004739,The Tap Room,1767 Harbor Pkwy,Charleston,SC,29453
CUST004740,Marketview Liquor,4523 Church Pl,Worcester,MA,01659
CUST004741,GetGo #8956,"4330 Lake Way, Unit B",Wilmington,DE,19868
CUST004742,Chipotle Mexican Grill,"3336 Peach Ln, #101",Salt Lake City,UT,84190
CUST004743,Anchorage Liquors,"7738 Pine Blvd, Suite 200",Anchorage,AK,99563
CUST004744,Discount Liquor Mart,"2497 Center Ct, Suite 200",San Francisco,CA,94101
CUST004745,Mama Kim's Kitchen,"835 Meadow Rd, Suite 100",Fort Worth,TX,76198
CUST004746,Total Wine & More,8237 Green Pl,Providence,RI,02917
CUST004747,Wegmans,7224 Meadow Rd,Baton Rouge,LA,70872
CUST004748,Nick's Bar & Grill,"6898 Valley Blvd, Suite 100",Seattle,WA,98163
CUST004749,Raising Cane's,6295 Meadow St,Albuquerque,NM,87190
CUST004750,The Broken Spoke,"8182 Lake Pkwy, Suite 200",Eugene,OR,97432
CUST004751,Costco Wholesale,"3704 Broad St, #101",Birmingham,AL,35200
CUST004752,CVS Pharmacy,4625 Maple Ln,Portland,OR,97291
CUST004753,Charleston Grill,"6549 Oak Blvd, Unit B",Charleston,SC,29438
CUST004754,Chili's,6758 Commerce Dr,Fort Worth,TX,76141
CUST004755,Smith Family Restaurant,"3988 Elm St, Ste A",Indianapolis,IN,46251
CUST004756,Virginia Beach Grill,4699 Bay Ave,Virginia Beach,VA,23417
CUST004757,Papa Park's,"9834 Elm Dr, Ste A",Chicago,IL,60600
CUST004758,Costco Wholesale,"6150 River Ct, Ste A",Los Angeles,CA,90005
CUST004759,Wawa #5582,"2838 Harbor Ln, Suite 100",Boston,MA,02137
CUST004760,Eddie's Seafood,"8359 Bay Pl, #101",Colorado Springs,CO,80976
CUST004761,Courtyard by Marriott St. Louis,"8309 Cherry Dr, Suite 200",St. Louis,MO,63101
CUST004762,Place by Hyatt Queens,"6276 Broad Rd, Ste A",Queens,NY,11375
CUST004763,Sports Page Bar,5095 Cherry Blvd,Seattle,WA,98198
CUST004764,Smart & Final,2242 Bay Dr,Columbus,OH,43248
CUST004765,Mama Rossi's Pizzeria,156 Union Ln,Providence,RI,02913
CUST004766,Texas Roadhouse,"4418 Pine Ln, #101",Springfield,IL,62709
CUST004767,The Rizzo House,"5013 Magnolia Pkwy, Suite 200",Providence,RI,02973
CUST004768,7-Eleven Store #9627,"8461 Spring Ave, Unit B",Raleigh,NC,27604
CUST004769,Aldi,5908 Harbor Ct,St. Paul,MN,55132
CUST004770,Charlotte Tap Room,5013 Lake St,Charlotte,NC,28288
CUST004771,Old Philadelphia Tavern,8539 Walnut Ct,Philadelphia,PA,19189
CUST004772,Safeway,"8112 Willow Ln, Suite 200",Milwaukee,WI,53255
CUST004773,Meijer,"2242 Washington Blvd, #101",Brooklyn,NY,11251
CUST004774,Albertsons,7972 Highland Way,Colorado Springs,CO,80945
CUST004775,Walgreens,2482 Spring Dr,New York,NY,10008
CUST004776,Premier Wine & Spirits,4888 Lake Ln,Eugene,OR,97477
CUST004777,The Iron Draft,2185 River Pkwy,Detroit,MI,48273
CUST004778,Meijer,"2371 Harbor Blvd, Suite 100",Dallas,TX,75274
CUST004779,Williams's Diner,"3605 Main Ct, Suite 100",Atlanta,GA,30338
CUST004780,Raley's,"9713 Park Ave, #101",Newark,NJ,07152
CUST004781,Applebee's,1590 Highland Blvd,Atlanta,GA,30356
CUST004782,Cheers Bar & Grill,5293 Division Dr,Houston,TX,77030
CUST004783,GetGo #1194,"9609 Washington Dr, Ste A",Tampa,FL,33681
CUST004784,Minneapolis Grill,"1802 Peach Dr, Ste A",Minneapolis,MN,55477
CUST004785,Whataburger,"3126 Elm Dr, Suite 200",Chicago,IL,60623
CUST004786,Safeway,4415 Oak Dr,Queens,NY,11332
CUST004787,Oklahoma City Taproom,"7140 Cedar Ln, Suite 200",Oklahoma City,OK,73126
CUST004788,Kwik Trip #604,4781 Industrial Ct,Portland,OR,97206
CUST004789,The Bottle Shop,"8184 Magnolia Pl, #101",Queens,NY,11399
CUST004790,P.F. Chang's,"559 Highland Ave, Suite 100",Portland,OR,97270
CUST004791,Cheers Bar & Grill,"7541 Cedar Ave, Ste A",Grand Rapids,MI,49589
CUST004792,Olive Garden,"5898 Pine Ln, #101",Columbus,OH,43236
CUST004793,Main Street Liquors,3047 Maple Rd,Burlington,VT,05470
CUST004794,Total Spirits Richmond,"9170 Forest Ave, Suite 100",Richmond,VA,23212
CUST004795,Davis's Pub,"5968 Main St, Suite 200",Wilmington,DE,19862
CUST004796,Miller's BBQ,"4377 Chestnut Way, #101",Kansas City,MO,64115
CUST004797,Whole Foods Market,9133 Commerce Blvd,Nashville,TN,37213
CUST004798,Park's Diner,5323 Maple Blvd,Wilmington,DE,19890
CUST004799,Residence Inn by Marriott San Diego,1755 Valley Dr,San Diego,CA,92193
CUST004800,Stop & Shop,"2692 Magnolia Rd, Suite 100",Raleigh,NC,27666
CUST004801,Oklahoma City Brewing Co.,"1597 Walnut Rd, Ste A",Oklahoma City,OK,73173
CUST004802,Nick's Seafood,"376 Valley Ct, Suite 200",Albuquerque,NM,87181
CUST004803,Bar Louie,"9272 Industrial Rd, Suite 100",Springfield,IL,62738
CUST004804,The Jersey City Grille,"9525 Harbor Blvd, Suite 200",Jersey City,NJ,07390
CUST004805,Chris's Bar & Grill,"148 Valley Ct, Ste A",Cincinnati,OH,45275
CUST004806,Charlotte Kitchen,"582 Peach Ct, Unit B",Charlotte,NC,28223
CUST004807,Jimmy's Grill,419 Lake Way,Newark,NJ,07154
CUST004808,Place by Hyatt Virginia Beach,"739 Magnolia Pl, Unit B",Virginia Beach,VA,23426
CUST004809,Liquor Barn,"6803 Green Blvd, Ste A",Jacksonville,FL,32224
CUST004810,Spokane Tap Room,"6448 Green Ct, #101",Spokane,WA,99263
CUST004811,Walgreens,2326 Walnut Ave,Tucson,AZ,85775
CUST004812,Sam's Seafood,"313 Industrial Pl, Unit B",Madison,WI,53797
CUST004813,Golden Corral,"5716 Peach Rd, Suite 100",Portland,OR,97234
CUST004814,Outback Steakhouse,7161 River Ct,Newark,NJ,07161
CUST004815,Yard House,5818 Cherry Blvd,Jersey City,NJ,07301
CUST004816,Ferreira's Liquor Store,"6397 Highland Dr, Suite 200",Boston,MA,02185
CUST004817,Buffalo Wild Wings,"7643 Willow Pkwy, #101",Birmingham,AL,35248
CUST004818,Corner Pocket Billiards & Bar,8826 Bay Dr,Albuquerque,NM,87138
CUST004819,Applebee's,"9175 Washington St, #101",San Diego,CA,92107
CUST004820,Texas Roadhouse,"5614 Chestnut Dr, Suite 100",Omaha,NE,68122
CUST004821,Papa Chen's,"3144 Willow Way, Unit B",Charleston,SC,29410
CUST004822,Total Wine & More,"3699 Valley Dr, Unit B",Salt Lake City,UT,84134
CUST004823,Eddie's Grill,5866 Center Ln,Cincinnati,OH,45222
CUST004824,Seattle Ale House,3120 Magnolia Ave,Seattle,WA,98178
CUST004825,Golden Corral,"1652 Sunset Ln, Suite 200",Louisville,KY,40221
CUST004826,San Francisco Tap Room,"9813 Willow Dr, Unit B",San Francisco,CA,94188
CUST004827,Columbus Liquors,"1678 Willow Rd, Unit B",Columbus,OH,43258
CUST004828,Safeway,3723 Garden Ct,Seattle,WA,98158
CUST004829,HEB,"1845 Magnolia Pkwy, #101",Savannah,GA,31455
CUST004830,Grand by Hyatt Cincinnati,"9732 Center Dr, Suite 200",Cincinnati,OH,45286
CUST004831,In-N-Out Burger,"9123 Peach Pl, Ste A",Newark,NJ,07135
CUST004832,Pat's Grill,2230 Elm Blvd,Richmond,VA,23216
CUST004833,Mike's Grill,2844 Industrial Ct,Jersey City,NJ,07378
CUST004834,GetGo #8451,1487 Main Pl,Philadelphia,PA,19102
CUST004835,LongHorn Steakhouse,"7359 Meadow Way, Ste A",Oklahoma City,OK,73105
CUST004836,Five Guys,6561 Garden Pkwy,Tampa,FL,33613
CUST004837,Hooters,"5239 Maple St, Suite 100",Sacramento,CA,95874
CUST004838,Outback Steakhouse,707 Willow Pl,Sioux Falls,SD,57173
CUST004839,Pete's Seafood,"3236 Market Ave, Ste A",Lexington,KY,40536
CUST004840,Hooters,"249 Lake Dr, #101",Queens,NY,11311
CUST004841,Charlotte Tap Room,"6825 Cedar Ave, Unit B",Charlotte,NC,28233
CUST004842,The Broken Spoke,9360 Cedar St,Oklahoma City,OK,73169
CUST004843,Papa Garcia's,"2403 Willow Ave, Ste A",San Antonio,TX,78278
CUST004844,Jones's Diner,5515 Industrial Pl,Jacksonville,FL,32271
CUST004845,Nguyen Kitchen,"3449 Washington Ln, Suite 100",Birmingham,AL,35277
CUST004846,Garcia's Pub,"4813 Church Ct, Unit B",Wilmington,DE,19817
CUST004847,Radisson Pittsburgh,855 River Ct,Pittsburgh,PA,15242
CUST004848,Wawa #7091,6945 Walnut St,Dallas,TX,75278
CUST004849,LongHorn Steakhouse,5600 Church Ave,Nashville,TN,37208
CUST004850,Best Western Premier St. Louis,"3023 Garden Ave, Suite 200",St. Louis,MO,63124
CUST004851,Hy-Vee,1765 Forest Ave,Charlotte,NC,28235
CUST004852,Kona Grill,1495 Cedar Way,Detroit,MI,48285
CUST004853,Kona Grill,1537 Park Blvd,Miami,FL,33190
CUST004854,Old Lexington Tavern,1834 Division Way,Lexington,KY,40527
CUST004855,Premier Wine & Spirits,"2538 Market Ln, Ste A",Dallas,TX,75246
CUST004856,Total Wine & More,"7700 Elm Way, #101",Charlotte,NC,28247
CUST004857,Sonic Drive-In,5107 Bay Blvd,Jacksonville,FL,32222
CUST004858,Total Spirits Jackson,"1919 Sunset Way, Suite 100",Jackson,MS,39278
CUST004859,The Orlando Grille,"6861 Industrial St, #101",Orlando,FL,32830
CUST004860,Memphis Kitchen,"8294 Broad Ave, Suite 200",Memphis,TN,38120
CUST004861,Shake Shack,"3037 Highland St, Suite 200",Houston,TX,77021
CUST004862,Yard House,7130 Washington Ave,Fort Worth,TX,76105
CUST004863,Waffle House,"1209 Magnolia Ave, #101",Richmond,VA,23235
CUST004864,Outback Steakhouse,"3796 Union Dr, #101",New York,NY,10095
CUST004865,CVS Pharmacy,6248 Magnolia Ln,Seattle,WA,98141
CUST004866,Premier Wine & Spirits,"5075 Willow Pkwy, #101",Wilmington,DE,19814
CUST004867,P.F. Chang's,"9278 Walnut Pl, Ste A",Dallas,TX,75202
CUST004868,Charleston Kitchen,7358 Broad St,Charleston,SC,29485
CUST004869,Spokane Bottle Shop,"5062 Elm Ave, Suite 200",Spokane,WA,99245
CUST004870,Costco Wholesale,"5122 Washington Blvd, Suite 100",Buffalo,NY,14279
CUST004871,Discount Liquor Mart,9557 Valley Ave,Orlando,FL,32833
CUST004872,The Bottle Shop,766 Peach St,Portland,OR,97295
CUST004873,Rite Aid,5575 Industrial Pl,St. Louis,MO,63151
CUST004874,Total Spirits Houston,7606 Cherry Ct,Houston,TX,77001
CUST004875,Old Cleveland Tavern,9799 Park St,Cleveland,OH,44195
CUST004876,Down the Hatch,9033 Garden Ct,St. Paul,MN,55130
CUST004877,Golden Corral,857 Industrial Ln,Sacramento,CA,95875
CUST004878,Fairfield Inn by Marriott Buffalo,"2484 Broad Ct, Suite 100",Buffalo,NY,14203
CUST004879,The Sioux Falls Grille,"5814 Chestnut Ave, #101",Sioux Falls,SD,57121
CUST004880,Fairfield Inn by Marriott Baltimore,"7922 River Blvd, Ste A",Baltimore,MD,21296
CUST004881,Fine Wine & Spirits,"6526 Cherry St, Suite 100",Philadelphia,PA,19166
CUST004882,Cracker Barrel,"9625 Maple Pl, Ste A",Seattle,WA,98159
CUST004883,Hampton Inn by Hilton San Antonio,"1456 Sunset Ave, Unit B",San Antonio,TX,78290
CUST004884,Golden Corral,"2821 Green Ln, Suite 200",Albuquerque,NM,87171
CUST004885,Fine Wine & Spirits,9847 Park Ave,Portland,OR,97231
CUST004886,San Antonio Ale House,"800 Walnut Pkwy, #101",San Antonio,TX,78295
CUST004887,Walgreens,"1945 Hill Way, Ste A",Madison,WI,53727
CUST004888,The Draft House,"3500 Main Ct, Suite 200",Sacramento,CA,95862
CUST004889,Spokane Kitchen,9379 Sunset Pkwy,Spokane,WA,99224
CUST004890,St. Louis Bistro,"4029 Peach Ave, Suite 200",St. Louis,MO,63177
CUST004891,Portland Bottle Shop,"3531 Park Way, Unit B",Portland,OR,97297
CUST004892,Mama Brown's,"6588 Union Ct, Ste A",Richmond,VA,23216
CUST004893,Central Liquors,"954 Highland Ave, Suite 100",Memphis,TN,38156
CUST004894,Caruso's Pub,"7789 Center St, Suite 200",Fargo,ND,58152
CUST004895,Golden Corral,"5643 Valley Blvd, Suite 100",Anchorage,AK,99583
CUST004896,Columbus Ale House,9538 Church Ct,Columbus,OH,43277
CUST004897,Trader Joe's,9130 Bay Way,Memphis,TN,38182
CUST004898,World of Beer,4660 Harbor Ln,Savannah,GA,31406
CUST004899,Orlando Ale House,"6645 Chestnut Ave, #101",Orlando,FL,32860
CUST004900,Cheers Bar & Grill,3127 Union Ln,Jackson,MS,39277
CUST004901,Blu by Radisson Tampa,2655 Spring St,Tampa,FL,33652
CUST004902,Little Rock Taproom,4898 Church Dr,Little Rock,AR,72248
CUST004903,Fine Wine & Spirits,7082 Willow Ct,Columbia,SC,29213
CUST004904,The Broken Spoke,"1163 Church Pkwy, Ste A",Cincinnati,OH,45227
CUST004905,IHOP,2776 Church Rd,Pittsburgh,PA,15255
CUST004906,The Wilmington Grille,1652 Magnolia Blvd,Wilmington,DE,19836
CUST004907,The Old Spur,"961 Garden Dr, Suite 200",New Orleans,LA,70125
CUST004908,Mama Williams's Kitchen,"9576 Chestnut Pl, Suite 100",San Diego,CA,92170
CUST004909,The Jones House,"9608 Broad Ct, Unit B",Pittsburgh,PA,15260
CUST004910,Columbus Diner,"7476 Washington Rd, Suite 100",Columbus,OH,43278
CUST004911,Bob Evans,"7881 Elm Ln, Suite 200",Sioux Falls,SD,57167
CUST004912,Kwik Trip #4832,5818 Harbor Ave,Eugene,OR,97412
CUST004913,Virginia Beach Taproom,"7968 Bay Ct, Ste A",Virginia Beach,VA,23477
CUST004914,Red Lobster,"5653 Union Pl, #101",Providence,RI,02995
CUST004915,Down the Hatch,9706 Center Way,Jersey City,NJ,07375
CUST004916,Sports Page Bar,"5117 Willow Pl, Suite 100",Los Angeles,CA,90034
CUST004917,Romano Kitchen,"9266 River Way, Suite 200",Little Rock,AR,72205
CUST004918,Raley's,"2882 Cherry Way, Suite 200",Reno,NV,89599
CUST004919,The Tap Room,"2141 Willow Way, Unit B",Charleston,SC,29432
CUST004920,JW Marriott Los Angeles,7138 Forest Way,Houston,TX,77039
CUST004921,Garden Inn by Hilton San Diego,"4771 Church St, Ste A",San Diego,CA,92141
CUST004922,Steak 'n Shake,6297 Lake Ct,Virginia Beach,VA,23468
CUST004923,Courtyard by Marriott Chicago,"856 Broad Pl, #101",St. Louis,MO,63141
CUST004924,Lexington Diner,"3315 Walnut Rd, Suite 200",Lexington,KY,40551
CUST004925,Pete's Bar & Grill,4860 Willow Way,New York,NY,10099
CUST004926,Carlos's Grill,"6479 Spring Blvd, Ste A",Memphis,TN,38178
CUST004927,The Jersey City Grille,"774 Division St, Suite 100",Jersey City,NJ,07373
CUST004928,Jones's Diner,743 Broad Pkwy,Atlanta,GA,30391
CUST004929,Sheetz #8598,6067 Hill Ln,Charlotte,NC,28279
CUST004930,The Rossi House,885 Cherry Rd,Oklahoma City,OK,73130
CUST004931,Neighborhood Bar & Grill,"4878 Market Ln, Suite 200",New Orleans,LA,70165
CUST004932,Casa Johnson,6737 Park Pl,Honolulu,HI,96816
CUST004933,TGI Fridays,"5677 Maple Ave, Suite 200",Denver,CO,80259
CUST004934,Pittsburgh Diner,"975 Forest Pkwy, Suite 100",Pittsburgh,PA,15239
CUST004935,Texas Roadhouse,"4869 River Dr, Unit B",Raleigh,NC,27639
CUST004936,Panera Bread,8919 Commerce Pl,San Francisco,CA,94197
CUST004937,Total Wine & More,"7757 Main Pl, #101",Cincinnati,OH,45284
CUST004938,Westin Atlanta Peachtree,1619 Industrial Pl,St. Louis,MO,63157
CUST004939,The Kansas City Grille,7306 Hill Blvd,Kansas City,MO,64157
CUST004940,The Draft House,"7716 Highland Ct, Unit B",Memphis,TN,38184
CUST004941,La Quinta by Wyndham Phoenix,"6340 Sunset Pl, Suite 100",Phoenix,AZ,85065
CUST004942,Ritz-Carlton New Orleans,8462 Cherry Pl,Jersey City,NJ,07327
CUST004943,Mama Davis's Kitchen,8773 Garden Dr,Omaha,NE,68149
CUST004944,Super 8 by Wyndham Little Rock,"951 Main Pl, Suite 100",Little Rock,AR,72235
CUST004945,The Saddle & Eagle,"4018 Hill Blvd, Ste A",Cincinnati,OH,45288
CUST004946,The Broken Spoke,"9115 Broad Blvd, Ste A",Pittsburgh,PA,15262
CUST004947,Main Street Liquors,"8677 Church Pkwy, Suite 200",Richmond,VA,23292
CUST004948,Fine Wine & Spirits,"1564 Washington Pkwy, Unit B",Madison,WI,53740
CUST004949,P.F. Chang's,"3694 Park Blvd, #101",Cincinnati,OH,45264
CUST004950,Stop & Shop,"9772 Lake Pl, #101",Eugene,OR,97425
CUST004951,Choice Hotels Quality Inn Seattle,4005 Elm Ln,Seattle,WA,98139
CUST004952,Whataburger,"9734 Cedar Dr, Suite 200",Miami,FL,33137
CUST004953,Kim's BBQ,"9901 Main Dr, Suite 100",Albuquerque,NM,87175
CUST004954,Maria's Seafood,6334 Main Ave,Fargo,ND,58108
CUST004955,Wegmans,"9411 Market Blvd, Ste A",Grand Rapids,MI,49574
CUST004956,Wegmans,5237 Elm Ln,Miami,FL,33128
CUST004957,Old Houston Tavern,8345 Park St,Houston,TX,77011
CUST004958,Choice Hotels Econo Lodge Madison,"8996 Peach Ct, Unit B",Madison,WI,53712
CUST004959,Mama Park's Pizzeria,"5667 Oak Way, #101",Fargo,ND,58165
CUST004960,Omaha Bistro,"2315 Park Rd, Ste A",Omaha,NE,68128
CUST004961,Discount Liquor Mart,5579 Center Rd,Jackson,MS,39226
CUST004962,Dave & Buster's,"4408 River Ct, #101",Jackson,MS,39235
CUST004963,The Saddle & Eagle,"3473 Meadow Rd, Ste A",Honolulu,HI,96886
CUST004964,Virginia Beach Taproom,"819 Pine Dr, #101",Virginia Beach,VA,23462
CUST004965,Smith's Pub,"2981 Peach Pl, Suite 200",Brooklyn,NY,11267
CUST004966,P.F. Chang's,1700 Garden Blvd,Phoenix,AZ,85029
CUST004967,Whataburger,3925 Cherry Dr,Orlando,FL,32843
CUST004968,Costco Wholesale,8266 River Ln,Worcester,MA,01677
CUST004969,Mama Johnson's,"8378 Industrial Rd, Ste A",St. Paul,MN,55120
CUST004970,Courtyard by Marriott Worcester,9416 Highland Ave,Worcester,MA,01648
CUST004971,Jones Kitchen,608 Broad Blvd,Grand Rapids,MI,49520
CUST004972,Wingstop,6971 Peach Ct,Atlanta,GA,30336
CUST004973,Austin Bistro,3231 Main Ave,Austin,TX,78771
CUST004974,Papa Chen's,"742 Division Rd, Suite 200",Tucson,AZ,85712
CUST004975,Red by Radisson Dallas,"8572 Main Ln, Unit B",Dallas,TX,75259
CUST004976,Mama Jones's,6387 Willow Ct,Indianapolis,IN,46294
CUST004977,The Rusty Nail,8164 Market Pl,Phoenix,AZ,85085
CUST004978,Ramada by Wyndham Colorado Springs,2918 Valley Ct,Colorado Springs,CO,80983
CUST004979,Garden Inn by Hilton Columbia,"4163 Oak Ave, Unit B",Columbia,SC,29281
CUST004980,Papa Martinez's,4949 Center Ln,Philadelphia,PA,19197
CUST004981,Corner Pocket Billiards & Bar,5406 Cherry Way,Pittsburgh,PA,15203
CUST004982,Golden Corral,"3934 Peach Rd, Ste A",Albuquerque,NM,87150
CUST004983,Lidl,8236 River Ave,Chicago,IL,60640
CUST004984,Piggly Wiggly,9576 Cedar Rd,Jackson,MS,39248
CUST004985,Best Western Premier Omaha,9023 Oak Blvd,Omaha,NE,68118
CUST004986,Stop & Shop,4863 Market St,Austin,TX,78797
CUST004987,The Saddle & Eagle,"2109 Chestnut Way, Suite 200",Savannah,GA,31426
CUST004988,Westin Atlanta Peachtree,"6856 River Rd, Ste A",Baton Rouge,LA,70899
CUST004989,Louisville Wine & Spirits,"6271 Main Ct, Unit B",Louisville,KY,40282
CUST004990,GetGo #6987,"651 Spring Pkwy, #101",Louisville,KY,40234
CUST004991,Miller's Diner,5476 Forest Blvd,New Orleans,LA,70142
CUST004992,Patel's Liquor Store,5008 Lake Ct,Wilmington,DE,19802
CUST004993,Premier Wine & Spirits,2910 Magnolia Pkwy,Jackson,MS,39255
CUST004994,Premier Wine & Spirits,"4458 Peach Ln, Suite 200",Virginia Beach,VA,23459
CUST004995,Casey's General Store #9290,"4494 Bay Blvd, Suite 100",Lexington,KY,40594
CUST004996,Panera Bread,3802 Commerce Way,Colorado Springs,CO,80946
CUST004997,Mama Jones's Kitchen,"9873 Bay Ct, Ste A",Jacksonville,FL,32220
CUST004998,Best Western Los Angeles,7665 Bay Rd,Los Angeles,CA,90075
CUST004999,Applebee's,7118 Valley Dr,Charlotte,NC,28228
CUST005000,Walgreens,"4077 Cherry Dr, Ste A",Portland,OR,97206
CUST005001,Casey's General Store #9182,9563 Meadow Ct,Houston,TX,77063
CUST005002,Neighborhood Bar & Grill,"5572 Bay Dr, Ste A",Baltimore,MD,21224
CUST005003,Raley's,"3583 Market Dr, Suite 200",St. Louis,MO,63129
CUST005004,Holiday Inn Express by IHG Little Rock,"5430 River St, Unit B",Little Rock,AR,72212
CUST005005,ampm #900,2780 Bay Dr,Reno,NV,89552
CUST005006,Kona Grill,"8645 Harbor Ave, Ste A",Los Angeles,CA,90052
CUST005007,The Madison Grille,4577 Cherry Pkwy,Madison,WI,53780
CUST005008,Loews Hotel Philadelphia,5731 Park Rd,Jersey City,NJ,07348
CUST005009,Whataburger,"7697 Forest St, Suite 100",Savannah,GA,31467
CUST005010,Casa Kim,"9146 Church Pkwy, Ste A",Springfield,IL,62705
CUST005011,Central Liquors,3595 Hill Dr,Miami,FL,33173
CUST005012,Radisson Minneapolis,9343 Industrial St,Minneapolis,MN,55484
CUST005013,Trader Joe's,"4855 Walnut Dr, Suite 100",Chicago,IL,60656
CUST005014,Whataburger,"6421 Garden Blvd, Suite 200",Virginia Beach,VA,23436
CUST005015,Sam's Club,3590 Broad Pkwy,Boston,MA,02174
CUST005016,Lidl,"4176 Industrial Way, Suite 100",Brooklyn,NY,11281
CUST005017,Radisson Detroit,1312 Green Ln,Detroit,MI,48255
CUST005018,Mama Smith's,"3331 Union Ln, Unit B",Indianapolis,IN,46298
CUST005019,Marketview Liquor,"4789 Union St, Ste A",Wilmington,DE,19828
CUST005020,TGI Fridays,244 Sunset Ln,Albuquerque,NM,87190
CUST005021,San Antonio Kitchen,9288 Garden Ave,San Antonio,TX,78238
CUST005022,Sonic Drive-In,"5330 Harbor Pl, Suite 100",Savannah,GA,31495
CUST005023,CVS Pharmacy,9333 Meadow Blvd,Las Vegas,NV,89106
CUST005024,IHOP,"5991 Highland Way, #101",Memphis,TN,38163
CUST005025,Down the Hatch,"1989 Oak Pkwy, #101",Worcester,MA,01611
CUST005026,Wawa #5371,"1040 Elm St, Suite 100",Springfield,IL,62797
CUST005027,Romano's Liquor Store,"8967 Main Dr, Suite 200",Charleston,SC,29408
CUST005028,Golden Corral,6050 River Pkwy,Austin,TX,78795
CUST005029,Panera Bread,"2812 River Ln, Suite 100",Raleigh,NC,27604
CUST005030,Bar Louie,"3428 Oak Way, Ste A",Miami,FL,33183
CUST005031,Dave & Buster's,6672 Washington St,Birmingham,AL,35276
CUST005032,Central Liquors,972 Oak Pl,Memphis,TN,38192
CUST005033,Choice Hotels Quality Inn Omaha,"2420 Oak Ct, Suite 100",Omaha,NE,68138
CUST005034,Cleveland Grill,223 Magnolia Blvd,Cleveland,OH,44164
CUST005035,Sheetz #9899,1336 Bay Ct,Colorado Springs,CO,80967
CUST005036,Ingles Markets,"8785 Cedar Ave, Suite 100",Brooklyn,NY,11252
CUST005037,Corner Pocket Billiards & Bar,6321 Forest Pl,St. Louis,MO,63125
CUST005038,Nick & Jim's Steakhouse,6802 Elm Ct,Jacksonville,FL,32282
CUST005039,Cheers Bar & Grill,849 Spring Rd,Charlotte,NC,28284
CUST005040,Trader Joe's,9246 Washington Pkwy,Queens,NY,11386
CUST005041,Waffle House,8472 Church Pkwy,Baton Rouge,LA,70854
CUST005042,Five Guys,6002 Elm Ct,Lexington,KY,40558
CUST005043,Johnson's Liquor Store,"8651 Pine Pkwy, #101",Columbus,OH,43288
CUST005044,Total Wine & More,6061 Park Pl,Portland,OR,97246
CUST005045,Wegmans,6886 Green St,Providence,RI,02925
CUST005046,Chipotle Mexican Grill,"8903 Maple Ln, Ste A",Sioux Falls,SD,57110
CUST005047,Central Liquors,1472 Forest Ct,Sioux Falls,SD,57175
CUST005048,Olive Garden,616 Valley Ln,Virginia Beach,VA,23432
CUST005049,Mama Nguyen's Pizzeria,"1791 Church Pl, Suite 100",Worcester,MA,01669
CUST005050,San Francisco Wine & Spirits,"534 Sunset St, Unit B",San Francisco,CA,94182
CUST005051,Olive Garden,"1060 Harbor Ln, Unit B",Jackson,MS,39245
CUST005052,Circle K #473,"6477 Park Ct, Unit B",St. Louis,MO,63105
CUST005053,Golden Corral,"9093 Green Way, Suite 200",Grand Rapids,MI,49528
CUST005054,Chipotle Mexican Grill,3035 Willow Pkwy,Seattle,WA,98157
CUST005055,Food Lion,3212 Highland Pkwy,Cincinnati,OH,45211
CUST005056,Casa Kim,"1128 Highland Ct, Ste A",Phoenix,AZ,85066
CUST005057,Hyatt Place Denver,"2957 Valley Pkwy, Suite 100",Salt Lake City,UT,84182
CUST005058,Waffle House,"155 Church Pl, Ste A",San Antonio,TX,78221
CUST005059,Old Las Vegas Tavern,"5638 Hill Blvd, #101",Las Vegas,NV,89139
CUST005060,Denny's,7507 Chestnut Pl,Dallas,TX,75276
CUST005061,Rossi Family Restaurant,7502 Bay Ave,Phoenix,AZ,85075
CUST005062,Denny's,4022 Broad Way,Pittsburgh,PA,15201
CUST005063,Corner Pocket Billiards & Bar,8147 Sunset Ave,Fort Worth,TX,76158
CUST005064,Choice Hotels Quality Inn Charlotte,5110 Peach Blvd,Charlotte,NC,28246
CUST005065,Richmond Grill,"3339 Main Blvd, Unit B",Richmond,VA,23238
CUST005066,Hyatt Place Denver,"3313 Peach Ln, Suite 200",Anchorage,AK,99561
CUST005067,DeLuca Family Restaurant,4305 River Ave,Annapolis,MD,21498
CUST005068,The Omaha Grille,4097 River Rd,Omaha,NE,68143
CUST005069,Golden Corral,"7251 Chestnut Ct, Unit B",Baltimore,MD,21269
CUST005070,Anchorage Kitchen,187 Park Rd,Anchorage,AK,99563
CUST005071,Casey's General Store #4888,"6347 Church Pkwy, Suite 200",Omaha,NE,68166
CUST005072,Tom's Seafood,5066 Forest Ct,Las Vegas,NV,89118
CUST005073,Papa Park's,"7476 Sunset Ct, Suite 100",Jersey City,NJ,07321
CUST005074,Choice Hotels Quality Inn San Francisco,"9037 Green Pl, Ste A",San Francisco,CA,94186
CUST005075,IHOP,"6993 Forest Way, Unit B",Tucson,AZ,85749
CUST005076,Papa Park's,"9018 Washington Way, Unit B",Savannah,GA,31481
CUST005077,Sports Page Bar,"8242 Chestnut Blvd, #101",Louisville,KY,40256
CUST005078,The Rizzo House,"2355 Center St, Unit B",Baltimore,MD,21286
CUST005079,Papa Martinez's,"3535 Union Pkwy, Suite 200",Orlando,FL,32844
CUST005080,The Rusty Nail,4839 Maple Pl,Fort Worth,TX,76153
CUST005081,Panera Bread,"880 Willow St, Unit B",Jackson,MS,39203
CUST005082,IHOP,6425 Center Ct,Charleston,SC,29437
CUST005083,The Broken Spoke,2805 Garden Ct,Jackson,MS,39284
CUST005084,Loews Hotel Philadelphia,"8278 Pine Pkwy, Suite 100",Fargo,ND,58133
CUST005085,Grand by Hyatt Chicago,"4974 Spring St, Suite 100",Chicago,IL,60607
CUST005086,Radisson Baton Rouge,"5250 Broad Dr, Suite 200",Baton Rouge,LA,70889
CUST005087,Cracker Barrel,"1076 Division Way, Suite 100",Indianapolis,IN,46291
CUST005088,The Broken Spoke,7803 Market Way,Grand Rapids,MI,49509
CUST005089,Steak 'n Shake,"1383 Park Ct, Suite 200",Sacramento,CA,95844
CUST005090,Hy-Vee,4001 Green Ave,Indianapolis,IN,46251
CUST005091,BJ's Wholesale Club,"495 Lake Pl, #101",New York,NY,10099
CUST005092,Trader Joe's,"2599 Cherry Rd, Suite 200",Boston,MA,02121
CUST005093,The Rusty Nail,"6468 Magnolia Pkwy, Suite 100",Kansas City,MO,64165
CUST005094,Atlanta Wine & Spirits,8239 Lake Pkwy,Atlanta,GA,30359
CUST005095,Panera Bread,"2428 Green St, Suite 100",Springfield,IL,62776
CUST005096,Food Lion,"7657 Maple Way, Unit B",Tulsa,OK,74115
CUST005097,Rite Aid,"9831 Walnut Dr, Suite 200",Eugene,OR,97415
CUST005098,Dave's Bar & Grill,"6320 Valley Way, Suite 200",Tucson,AZ,85722
CUST005099,The Brown House,"5849 Industrial Ct, Suite 200",Jacksonville,FL,32260
CUST005100,JW Marriott Los Angeles,"6465 Division St, Suite 200",Fort Worth,TX,76144
CUST005101,Days Inn by Wyndham Memphis,"3314 Commerce Ave, Suite 200",Memphis,TN,38162
CUST005102,Piggly Wiggly,"769 Willow Ct, #101",Baltimore,MD,21214
CUST005103,Kroger,"1036 Market Way, Ste A",Memphis,TN,38193
CUST005104,Smart & Final,"5075 River Dr, Ste A",Raleigh,NC,27692
CUST005105,Papa Miller's,5591 Forest Ln,Boston,MA,02158
CUST005106,Bob Evans,9988 Garden Ct,Charlotte,NC,28223
CUST005107,Hooters,"2341 Main Pkwy, Suite 100",Sacramento,CA,95820
CUST005108,ampm #3894,"1268 Park Ave, Suite 200",Detroit,MI,48206
CUST005109,Marketview Liquor,"2021 Garden Pkwy, Ste A",Charlotte,NC,28232
CUST005110,Albuquerque Diner,3819 Main Ln,Albuquerque,NM,87189
CUST005111,Papa Jones's,"2433 Center Ct, Suite 200",Newark,NJ,07134
CUST005112,Giant Eagle,"4703 Highland Rd, Ste A",Charleston,SC,29445
CUST005113,Casey's General Store #5682,"887 Elm Ct, #101",Las Vegas,NV,89152
CUST005114,San Francisco Bistro,"4557 Market Rd, Unit B",San Francisco,CA,94136
CUST005115,Steak 'n Shake,"8542 Lake Way, Ste A",Detroit,MI,48271
CUST005116,Esposito's Diner,"4817 Pine Ct, Suite 200",Reno,NV,89564
CUST005117,Jacksonville Taproom,5731 Willow Rd,Jacksonville,FL,32216
CUST005118,Brooklyn Diner,"6676 Market Ave, Ste A",Brooklyn,NY,11225
CUST005119,Cracker Barrel,"2007 Cherry Rd, Suite 100",Charlotte,NC,28282
CUST005120,Indianapolis Grill,"7354 Broad Rd, Suite 100",Indianapolis,IN,46223
CUST005121,Casa Martinez,"2609 Broad Dr, Suite 200",Dallas,TX,75218
CUST005122,Rite Aid,"5374 Main Ln, Unit B",Annapolis,MD,21495
CUST005123,Mama Martinez's Kitchen,7369 Harbor Pl,Brooklyn,NY,11293
CUST005124,Sam's Club,"5421 Sunset Pl, Unit B",Cleveland,OH,44185
CUST005125,Binny's Beverage Depot,319 Magnolia St,Portland,OR,97283
CUST005126,IHOP,"7282 Forest Ln, #101",Cleveland,OH,44164
CUST005127,Panera Bread,7143 Cherry Blvd,Las Vegas,NV,89183
CUST005128,Outback Steakhouse,5270 Maple St,Philadelphia,PA,19143
CUST005129,Red Lobster,"6563 Chestnut Ct, Suite 100",Birmingham,AL,35247
CUST005130,Regency by Hyatt Grand Rapids,"5704 Green Blvd, Suite 100",Grand Rapids,MI,49540
CUST005131,Mama Chen's Kitchen,4959 Broad Pl,Charleston,SC,29404
CUST005132,Best Western Plus Jackson,"1520 Oak Dr, Suite 100",Jackson,MS,39223
CUST005133,Down the Hatch,4382 Division Blvd,Portland,OR,97252
CUST005134,Smith Family Restaurant,7812 Meadow Dr,Baltimore,MD,21251
CUST005135,CVS Pharmacy,"3937 Division Pkwy, Suite 100",Baton Rouge,LA,70882
CUST005136,Sonic Drive-In,"3408 Highland Blvd, #101",Oklahoma City,OK,73162
CUST005137,Best Western Minneapolis,"3133 Park Ln, Ste A",Minneapolis,MN,55498
CUST005138,Main Street Liquors,7623 Commerce Pl,Spokane,WA,99262
CUST005139,Binny's Beverage Depot,7466 Green Dr,Denver,CO,80228
CUST005140,Red by Radisson Jackson,7306 Highland Ave,Jackson,MS,39252
CUST005141,Sports Page Bar,3083 Forest Pkwy,Spokane,WA,99253
CUST005142,The Tap Room,3922 Commerce Ln,Charlotte,NC,28268
CUST005143,Central Liquors,241 Elm St,Wilmington,DE,19832
CUST005144,The Denver Grille,9104 Hill Pkwy,Denver,CO,80275
CUST005145,Radisson Worcester,"776 Oak Pl, #101",Worcester,MA,01693
CUST005146,Trader Joe's,8235 Industrial Rd,Cincinnati,OH,45231
CUST005147,The Rusty Nail,"162 Valley Blvd, Unit B",Portland,OR,97293
CUST005148,Neighborhood Bar & Grill,3754 Commerce St,Charleston,SC,29490
CUST005149,Miami Bottle Shop,7109 Valley Pkwy,Miami,FL,33173
CUST005150,Stater Bros.,8233 Market Rd,Phoenix,AZ,85015
CUST005151,Chili's,"7596 Broad Ct, Ste A",New York,NY,10029
CUST005152,Holiday Inn Express by IHG Pittsburgh,"5473 Chestnut Ln, Suite 200",Pittsburgh,PA,15206
CUST005153,Raley's,"2274 Main Blvd, Suite 100",Philadelphia,PA,19131
CUST005154,Choice Hotels Quality Inn Grand Rapids,"1052 Pine Ct, Suite 200",Grand Rapids,MI,49516
CUST005155,Marco & Marco's Steakhouse,2659 Broad Ave,Baltimore,MD,21282
CUST005156,Four Seasons Miami,"7883 Spring Rd, Suite 100",Jacksonville,FL,32246
CUST005157,Red Robin,"9925 Harbor Rd, Unit B",Minneapolis,MN,55460
CUST005158,DoubleTree by Hilton Las Vegas,"6723 Elm Blvd, Suite 200",Las Vegas,NV,89198
CUST005159,Baton Rouge Grill,4100 Cherry Dr,Baton Rouge,LA,70812
CUST005160,Brown's Liquor Store,4502 Chestnut Ln,Grand Rapids,MI,49570
CUST005161,Dave & Buster's,3880 Willow Pl,Grand Rapids,MI,49564
CUST005162,Kwik Trip #4093,"9084 Main Way, Ste A",Orlando,FL,32855
CUST005163,Red Robin,9198 Commerce Pl,Cleveland,OH,44160
CUST005164,The Rossi House,"3490 Magnolia Blvd, Ste A",Phoenix,AZ,85005
CUST005165,The Cheesecake Factory,"748 Maple St, Ste A",Nashville,TN,37293
CUST005166,Neighborhood Bar & Grill,"6300 Cedar Ln, Suite 200",Brooklyn,NY,11225
CUST005167,Premier Wine & Spirits,5617 Division Dr,Las Vegas,NV,89123
CUST005168,Chili's,2314 Church Pl,Queens,NY,11397
CUST005169,Central Liquors,4853 Maple Dr,Sioux Falls,SD,57126
CUST005170,Wegmans,"7785 Market Ct, Ste A",Burlington,VT,05428
CUST005171,Miller's Diner,"684 Market Way, #101",Grand Rapids,MI,49512
CUST005172,Sheraton New York Times Square,4213 Highland Blvd,Omaha,NE,68173
CUST005173,Park's Diner,"9803 Maple Way, #101",Columbus,OH,43271
CUST005174,Steak 'n Shake,4128 Garden Ln,Lexington,KY,40537
CUST005175,Mama Nguyen's,2827 Bay Ave,Madison,WI,53700
CUST005176,Lidl,"7941 Magnolia Blvd, Ste A",Charleston,SC,29462
CUST005177,Rite Aid,902 Harbor Ave,Hartford,CT,06155
CUST005178,Buffalo Wild Wings,"7760 Green Pkwy, #101",Buffalo,NY,14251
CUST005179,Choice Hotels Clarion Seattle,5070 Maple Ln,Seattle,WA,98190
CUST005180,CVS Pharmacy,4094 Bay Ln,Miami,FL,33105
CUST005181,Keg Liquors,"9517 Hill Ave, Suite 100",Atlanta,GA,30391
CUST005182,Perkins Restaurant,"3751 Broad Blvd, Suite 200",Omaha,NE,68187
CUST005183,Sports Page Bar,"8309 Park Ave, Suite 200",Tulsa,OK,74100
CUST005184,Speedway #453,"3125 Valley Way, Ste A",Columbia,SC,29248
CUST005185,GetGo #2026,9100 Union Ln,Baltimore,MD,21225
CUST005186,The Draft House,"238 Bay Blvd, Suite 200",Jersey City,NJ,07370
CUST005187,Garden Inn by Hilton Miami,"3641 Garden Blvd, Suite 200",Miami,FL,33183
CUST005188,Jones's BBQ,"8404 Church Blvd, Suite 200",Providence,RI,02909
CUST005189,Hooters,1982 Park Pkwy,Birmingham,AL,35255
CUST005190,Price Chopper,4888 Pine Ave,Fargo,ND,58113
CUST005191,Mama Ferreira's Kitchen,6964 Spring Way,Burlington,VT,05485
CUST005192,Casa Garcia,8424 Cherry Ave,Charlotte,NC,28229
CUST005193,Springhill Suites by Marriott Milwaukee,"8218 Sunset Ave, Unit B",Milwaukee,WI,53254
CUST005194,The Lexington Grille,"5188 Center Ln, Unit B",Lexington,KY,40572
CUST005195,Buffalo Diner,5429 Cherry Dr,Buffalo,NY,14277
CUST005196,ABC Fine Wine & Spirits,3823 Chestnut Pl,Omaha,NE,68115
CUST005197,Rosa's Bar & Grill,8033 Harbor Way,Charleston,SC,29461
CUST005198,Chicago Brewing Co.,"4981 River Ave, Ste A",Chicago,IL,60627
CUST005199,Costco Wholesale,717 Forest Pl,Portland,OR,97210
CUST005200,Bar Louie,"6001 Willow Ln, #101",Anchorage,AK,99574
CUST005201,Fine Wine & Spirits,"8944 Industrial Ave, Suite 100",Oklahoma City,OK,73130
CUST005202,Marco's Seafood,2381 Walnut Blvd,Orlando,FL,32850
CUST005203,Kona Grill,"2874 Lake Pkwy, Suite 200",New Orleans,LA,70135
CUST005204,Bar Louie,9590 Church Pl,Baltimore,MD,21285
CUST005205,The Rail & Bear,"857 Hill Ave, Ste A",Virginia Beach,VA,23480
CUST005206,The Broken Spoke,"3994 Elm Dr, Suite 100",Tucson,AZ,85743
CUST005207,The Lexington Grille,"3197 Chestnut Ave, Unit B",Lexington,KY,40502
CUST005208,Best Western Plus Omaha,"2306 Lake Pkwy, Ste A",Omaha,NE,68138
CUST005209,Wingstop,"163 Spring Dr, Ste A",Little Rock,AR,72256
CUST005210,Baton Rouge Liquors,"7910 Meadow Ave, #101",Baton Rouge,LA,70872
CUST005211,TGI Fridays,"2459 Highland Way, Suite 100",Providence,RI,02943
CUST005212,Sheetz #3782,"6141 Union Ct, Unit B",Columbia,SC,29254
CUST005213,Sunset Lounge,4750 Center Dr,Fort Worth,TX,76190
CUST005214,Hy-Vee,5249 Spring Blvd,Virginia Beach,VA,23437
CUST005215,Twin Peaks,9391 Division Way,Dallas,TX,75233
CUST005216,Texas Roadhouse,2928 Main Pl,Omaha,NE,68103
CUST005217,The Broken Spoke,2204 Market Ct,Memphis,TN,38167
CUST005218,Whataburger,6281 Hill Rd,Annapolis,MD,21490
CUST005219,Bar Louie,7718 Forest Ct,Grand Rapids,MI,49530
CUST005220,Chipotle Mexican Grill,"7603 Oak St, Suite 100",Cleveland,OH,44188
CUST005221,The Cheesecake Factory,"9998 Oak Dr, #101",Las Vegas,NV,89137
CUST005222,Loews Hotel Philadelphia,4306 Broad St,Colorado Springs,CO,80989
CUST005223,Rite Aid,"8986 Harbor Ln, Unit B",Tucson,AZ,85795
CUST005224,St. Paul Tap Room,1406 Valley Pl,St. Paul,MN,55194
CUST005225,Ramada by Wyndham Fargo,5849 Market Dr,Fargo,ND,58170
CUST005226,Price Chopper,"4255 Bay Ave, Suite 100",Burlington,VT,05466
CUST005227,Days Inn by Wyndham Austin,8585 Broad Ct,Austin,TX,78794
CUST005228,Tampa Ale House,"7575 Union Rd, Ste A",Tampa,FL,33676
CUST005229,The Silver Bear,6288 Union St,Nashville,TN,37255
CUST005230,Lidl,"5678 Market Ln, Ste A",Louisville,KY,40283
CUST005231,Jersey City Grill,"5304 Meadow Ave, Suite 100",Jersey City,NJ,07386
CUST005232,Virginia Beach Taproom,"5182 Spring Pkwy, Ste A",Virginia Beach,VA,23407
CUST005233,Mama Smith's,3490 Center Dr,Columbus,OH,43298
CUST005234,Days Inn by Wyndham San Francisco,3786 Green Dr,San Francisco,CA,94120
CUST005235,Mama Romano's Kitchen,3049 Highland Blvd,Springfield,IL,62711
CUST005236,Neighborhood Bar & Grill,3705 Elm Blvd,Tulsa,OK,74137
CUST005237,Columbus Grill,"1196 Sunset Ln, Unit B",Columbus,OH,43293
CUST005238,In-N-Out Burger,4068 Garden Ave,Raleigh,NC,27690
CUST005239,Ritz-Carlton New Orleans,"4802 Commerce Ln, #101",Orlando,FL,32809
CUST005240,Red Lobster,"4718 Washington Blvd, Ste A",Baton Rouge,LA,70832
CUST005241,Hooters,5878 Meadow Ln,Little Rock,AR,72251
CUST005242,Giant Eagle,810 Union Way,Annapolis,MD,21494
CUST005243,Old Charlotte Tavern,9289 Sunset St,Charlotte,NC,28238
CUST005244,Red Lobster,1226 Magnolia Way,Springfield,IL,62758
CUST005245,The Spur & Tap,"1799 Elm Ct, Suite 200",Colorado Springs,CO,80947
CUST005246,Regency by Hyatt Minneapolis,4290 Green Pkwy,Minneapolis,MN,55456
CUST005247,Mama Chen's Pizzeria,"8835 Sunset Ave, Suite 100",Annapolis,MD,21481
CUST005248,Chipotle Mexican Grill,9560 Maple Blvd,Portland,OR,97268
CUST005249,Mama Martinez's Pizzeria,6117 Peach Ave,Oklahoma City,OK,73121
CUST005250,Sonic Drive-In,9109 Broad Way,Buffalo,NY,14291
CUST005251,Applebee's,1988 Industrial Pkwy,Spokane,WA,99278
CUST005252,Choice Hotels Clarion Los Angeles,"445 Highland Ave, Ste A",Los Angeles,CA,90016
CUST005253,Chipotle Mexican Grill,8307 Washington Way,Colorado Springs,CO,80907
CUST005254,Kona Grill,5821 Elm Way,Spokane,WA,99275
CUST005255,Winn-Dixie,1797 Division Blvd,Pittsburgh,PA,15292
CUST005256,Raising Cane's,"7226 Valley St, Ste A",Charleston,SC,29474
CUST005257,Main Street Liquors,"5472 Forest St, Suite 200",Seattle,WA,98117
CUST005258,BevMo,"2068 Bay St, Unit B",Houston,TX,77052
CUST005259,BJ's Wholesale Club,"4118 Main Dr, #101",Kansas City,MO,64191
CUST005260,Total Wine & More,"3754 Market Ct, Suite 100",Tucson,AZ,85715
CUST005261,Best Western Plus Baltimore,"6169 Bay Pl, Ste A",Baltimore,MD,21209
CUST005262,DoubleTree by Hilton Birmingham,2233 Washington Pkwy,Birmingham,AL,35224
CUST005263,Chili's,"9744 Elm Way, Suite 100",Miami,FL,33150
CUST005264,Speedway #9791,1771 Division Ave,Savannah,GA,31400
CUST005265,Papa Nguyen's,7539 Cherry Dr,Birmingham,AL,35291
CUST005266,Cracker Barrel,"3660 Center Ln, #101",Virginia Beach,VA,23492
CUST005267,Garcia's BBQ,"1026 Maple St, Suite 100",Reno,NV,89586
CUST005268,Sunset Lounge,"6005 Division Ave, Suite 100",St. Louis,MO,63113
CUST005269,Love's Travel Stop #3658,9190 Cedar Pkwy,Fort Worth,TX,76123
CUST005270,Blu by Radisson Indianapolis,"9926 Lake St, Ste A",Indianapolis,IN,46214
CUST005271,Seattle Kitchen,"7358 Main Ct, Suite 200",Seattle,WA,98194
CUST005272,Kwik Trip #6591,"2460 Oak Ln, Suite 100",Tulsa,OK,74167
CUST005273,Nguyen Family Restaurant,"9949 Church Pl, Suite 200",New York,NY,10064
CUST005274,Albuquerque Bistro,"4648 Hill Rd, #101",Albuquerque,NM,87176
CUST005275,Down the Hatch,9799 Washington Pkwy,Nashville,TN,37289
CUST005276,Richie's Bar & Grill,9206 Cedar Dr,Denver,CO,80249
CUST005277,Stater Bros.,6479 Commerce Rd,St. Paul,MN,55108
CUST005278,Baltimore Wine & Spirits,3500 Highland Blvd,Baltimore,MD,21213
CUST005279,Walgreens,"7723 Walnut Rd, Ste A",Cleveland,OH,44169
CUST005280,Grand by Hyatt Anchorage,"7876 Maple Dr, Ste A",Anchorage,AK,99598
CUST005281,Portland Ale House,"570 Lake Ave, Suite 200",Portland,OR,97298
CUST005282,Waffle House,7910 Division Pkwy,Fargo,ND,58171
CUST005283,IHOP,8693 Market Blvd,Savannah,GA,31407
CUST005284,Red by Radisson Philadelphia,5678 Forest Ln,Philadelphia,PA,19192
CUST005285,Price Chopper,"140 Commerce Ln, Suite 100",Milwaukee,WI,53297
CUST005286,Pat's Seafood,"5224 Sunset Ave, Suite 100",Austin,TX,78722
CUST005287,Yard House,6128 Sunset Way,Newark,NJ,07194
CUST005288,Residence Inn by Marriott Oklahoma City,3405 Broad Blvd,Oklahoma City,OK,73182
CUST005289,Raising Cane's,"1256 Oak Pkwy, Unit B",Phoenix,AZ,85069
CUST005290,Total Spirits Wilmington,"1621 Park Way, Suite 200",Wilmington,DE,19828
CUST005291,Panera Bread,"158 Peach Way, Unit B",Colorado Springs,CO,80992
CUST005292,Waffle House,5126 Peach Pl,Columbia,SC,29287
CUST005293,DeLuca Kitchen,5231 Broad Dr,Milwaukee,WI,53213
CUST005294,Rite Aid,5720 Oak Pl,Jersey City,NJ,07356
CUST005295,Mama Garcia's Pizzeria,"4379 Willow Rd, #101",Newark,NJ,07136
CUST005296,Denny's,"1251 Elm Pkwy, Ste A",Cincinnati,OH,45233
CUST005297,Choice Hotels Econo Lodge San Antonio,7549 Lake Pl,San Antonio,TX,78261
CUST005298,The Bull & Crow,6918 Oak Pl,New York,NY,10019
CUST005299,Steak 'n Shake,167 Garden St,Birmingham,AL,35243
CUST005300,Louisville Tap Room,4770 Hill Ct,Louisville,KY,40288
CUST005301,San Francisco Taproom,2124 Park Way,San Francisco,CA,94151
CUST005302,Twin Peaks,"6162 Union Blvd, Ste A",Birmingham,AL,35237
CUST005303,Sports Page Bar,"6818 Market Pkwy, Ste A",Sioux Falls,SD,57138
CUST005304,Nguyen Family Restaurant,6401 Green Ln,Atlanta,GA,30361
CUST005305,Orlando Wine & Spirits,5660 Highland Ln,Orlando,FL,32845
CUST005306,IHOP,6122 Spring Pkwy,Queens,NY,11347
CUST005307,Smart & Final,331 Pine Ave,Fargo,ND,58141
CUST005308,In-N-Out Burger,"3322 Washington Dr, Unit B",Jackson,MS,39260
CUST005309,Kroger,"847 Walnut Ln, Ste A",Omaha,NE,68100
CUST005310,Chili's,7617 Sunset Rd,San Diego,CA,92144
CUST005311,Homewood Suites by Hilton Worcester,"7481 Center Ave, Suite 100",Worcester,MA,01632
CUST005312,Ritz-Carlton New Orleans,"7884 Industrial Pl, Unit B",Austin,TX,78740
CUST005313,Chili's,"8106 Washington Blvd, Unit B",Sacramento,CA,95885
CUST005314,Hy-Vee,4676 Washington Ct,Raleigh,NC,27695
CUST005315,World of Beer,"2369 Division St, Suite 100",Chicago,IL,60657
CUST005316,Birmingham Diner,"223 Park Ave, Suite 200",Birmingham,AL,35263
CUST005317,Radisson Baton Rouge,"5450 Union Blvd, Unit B",Baton Rouge,LA,70836
CUST005318,Raising Cane's,"6263 Harbor St, Unit B",Worcester,MA,01638
CUST005319,Joe's Grill,2879 Oak Ave,Spokane,WA,99275
CUST005320,Stop & Shop,"337 Sunset St, #101",Columbus,OH,43216
CUST005321,Total Spirits Burlington,4698 Walnut Ln,Burlington,VT,05449
CUST005322,Costco Wholesale,677 Magnolia Way,Baltimore,MD,21290
CUST005323,Papa Jones's,"6471 Pine Ln, Unit B",Jersey City,NJ,07302
CUST005324,Hooters,8304 Walnut Ave,Nashville,TN,37256
CUST005325,Crowne Plaza by IHG Springfield,9726 Industrial Rd,Springfield,IL,62771
CUST005326,Bob Evans,"3521 Union Ave, Suite 200",Colorado Springs,CO,80981
CUST005327,The Johnson House,7825 Sunset Ln,Pittsburgh,PA,15238
CUST005328,Golden Corral,"3358 Meadow Blvd, Unit B",Louisville,KY,40278
CUST005329,Down the Hatch,"8993 Forest Blvd, #101",Pittsburgh,PA,15226
CUST005330,Chicago Ale House,"9996 River Ave, Unit B",Chicago,IL,60692
CUST005331,Corner Pocket Billiards & Bar,9723 Meadow Rd,Charleston,SC,29468
CUST005332,Sports Page Bar,"8909 Maple Rd, Suite 200",Memphis,TN,38110
CUST005333,New York Ale House,818 Broad Blvd,New York,NY,10018
CUST005334,Premier Wine & Spirits,7362 Park Dr,Cincinnati,OH,45233
CUST005335,Shake Shack,"4188 Church Ave, Suite 100",St. Louis,MO,63127
CUST005336,Worcester Taproom,"149 Green Way, Ste A",Worcester,MA,01686
CUST005337,Publix,"3502 Elm Ct, Suite 200",San Diego,CA,92197
CUST005338,Keg Liquors,"1408 Industrial Pkwy, Ste A",Las Vegas,NV,89156
CUST005339,Trader Joe's,"6836 Church Pkwy, #101",Portland,OR,97273
CUST005340,Costco Wholesale,"7124 Valley Rd, Suite 100",Jacksonville,FL,32213
CUST005341,Tampa Brewing Co.,"6564 Cherry St, Unit B",Tampa,FL,33653
CUST005342,Giant Eagle,7962 Industrial Way,Honolulu,HI,96813
CUST005343,Food Lion,"3575 Main Blvd, Suite 200",Tampa,FL,33632
CUST005344,Buffalo Wild Wings,"8758 Green Blvd, #101",Austin,TX,78763
CUST005345,Spec's Liquor,524 Green Pl,Albuquerque,NM,87143
CUST005346,Cheers Bar & Grill,6367 Willow Dr,San Diego,CA,92118
CUST005347,La Quinta by Wyndham San Antonio,"6216 Magnolia Ln, Unit B",San Antonio,TX,78261
CUST005348,Mama Esposito's Kitchen,"2842 Forest Pkwy, Suite 100",Dallas,TX,75235
CUST005349,Marketview Liquor,2672 Division Pl,San Francisco,CA,94106
CUST005350,Buffalo Wild Wings,3881 Oak Dr,Minneapolis,MN,55473
CUST005351,Johnson's Tavern,3519 Willow Ct,Honolulu,HI,96870
CUST005352,Yard House,9232 River Ln,San Antonio,TX,78265
CUST005353,BevMo,8095 Harbor Pl,Minneapolis,MN,55476
CUST005354,Holiday Inn Express Boston,4959 Cherry Way,Charleston,SC,29406
CUST005355,Lidl,"8900 Cedar Pl, Suite 100",Birmingham,AL,35290
CUST005356,Richmond Liquors,1175 Division Rd,Richmond,VA,23259
CUST005357,Shake Shack,9812 Peach Ct,Little Rock,AR,72258
CUST005358,Bar Louie,"5759 Commerce Ln, Suite 100",Newark,NJ,07131
CUST005359,Days Inn by Wyndham Pittsburgh,5625 Division Way,Pittsburgh,PA,15272
CUST005360,Olive Garden,"6184 Walnut Pl, Suite 100",Chicago,IL,60669
CUST005361,7-Eleven Store #2569,"2621 Church Dr, Ste A",Phoenix,AZ,85002
CUST005362,Wingstop,"7869 Industrial Way, Unit B",Queens,NY,11349
CUST005363,Punch Bowl Social,8110 Forest Ave,Tampa,FL,33602
CUST005364,Marriott Houston Downtown,1817 Cedar Way,Annapolis,MD,21464
CUST005365,Martinez's BBQ,"2548 Forest Rd, Ste A",Grand Rapids,MI,49598
CUST005366,Jackson Taproom,3187 Sunset Way,Jackson,MS,39296
CUST005367,Circle K #812,"294 Green Rd, #101",San Diego,CA,92176
CUST005368,BJ's Wholesale Club,"6854 Maple Pl, #101",Buffalo,NY,14250
CUST005369,The Rusty Nail,"6355 Peach Rd, Ste A",Albuquerque,NM,87106
CUST005370,Lexington Wine & Spirits,"6359 Pine St, Unit B",Lexington,KY,40599
CUST005371,Springhill Suites by Marriott Omaha,7857 Meadow Ave,Omaha,NE,68174
CUST005372,Papa Rossi's,7492 Center Ct,Orlando,FL,32825
CUST005373,Wawa #5819,"1071 Bay Ave, Ste A",Cleveland,OH,44107
CUST005374,Sheetz #6981,"3302 Green Dr, Ste A",Colorado Springs,CO,80976
CUST005375,Kwik Trip #2077,798 Walnut Rd,Indianapolis,IN,46206
CUST005376,Old Tucson Tavern,"6382 Meadow Ave, Suite 100",Tucson,AZ,85707
CUST005377,Kona Grill,8748 Willow Pl,Albuquerque,NM,87166
CUST005378,Meijer,1380 River Way,Baltimore,MD,21209
CUST005379,Hy-Vee,"1293 Forest Rd, Ste A",Hartford,CT,06180
CUST005380,Price Chopper,1365 Washington St,San Francisco,CA,94158
CUST005381,Mama Rizzo's,"3347 Walnut Pkwy, Suite 200",Milwaukee,WI,53250
CUST005382,St. Louis Liquors,"875 Green Dr, Suite 100",St. Louis,MO,63114
CUST005383,In-N-Out Burger,"922 Union Rd, Suite 200",San Diego,CA,92178
CUST005384,The Cincinnati Grille,9337 Center Ave,Cincinnati,OH,45217
CUST005385,The Tap Room,"3380 Washington Dr, #101",Memphis,TN,38188
CUST005386,Chicago Kitchen,381 Main Way,Chicago,IL,60664
CUST005387,Perkins Restaurant,"7493 Green Ln, Suite 200",New York,NY,10064
CUST005388,The Rusty Nail,"8824 Elm St, Ste A",Phoenix,AZ,85000
CUST005389,Eugene Taproom,"3514 Hill Ct, Suite 200",Eugene,OR,97415
CUST005390,IHOP,"8407 Maple Dr, Ste A",Kansas City,MO,64187
CUST005391,Ferreira's Pub,3843 Bay Dr,Baton Rouge,LA,70893
CUST005392,Reno Tap Room,"5716 Forest Blvd, Suite 100",Reno,NV,89558
CUST005393,Mama Jones's,8940 Cedar Pkwy,Miami,FL,33132
CUST005394,Red Lobster,"1736 Washington Pkwy, Suite 200",Memphis,TN,38166
CUST005395,LongHorn Steakhouse,2936 Meadow Way,Los Angeles,CA,90047
CUST005396,The Virginia Beach Grille,8060 Harbor Way,Virginia Beach,VA,23489
CUST005397,Yard House,2611 Pine Ln,Savannah,GA,31408
CUST005398,Circle K #6639,"4934 Park Ave, #101",San Antonio,TX,78202
CUST005399,IHOP,"5403 Green St, Suite 200",Nashville,TN,37249
CUST005400,Circle K #6201,"6636 Pine Dr, Suite 100",Sacramento,CA,95863
CUST005401,Hooters,"6713 Spring Ct, Suite 200",Jacksonville,FL,32214
CUST005402,The Tap Room,2625 Harbor Rd,New York,NY,10060
CUST005403,HEB,6309 Cedar Blvd,Las Vegas,NV,89179
CUST005404,Cheers Bar & Grill,3209 Church Dr,Orlando,FL,32852
CUST005405,The Hound & Bull,7056 Union Ave,Cincinnati,OH,45211
CUST005406,ampm #3287,"2486 Sunset Ln, Suite 100",Hartford,CT,06104
CUST005407,Mama Brown's,"5401 Garden Way, Unit B",San Francisco,CA,94176
CUST005408,Cheers Bar & Grill,1854 Valley Rd,Milwaukee,WI,53296
CUST005409,Panera Bread,"3836 Maple Pkwy, #101",Providence,RI,02915
CUST005410,Sacramento Taproom,"7084 Cedar Pkwy, #101",Sacramento,CA,95841
CUST005411,Twin Peaks,"7989 Forest Ave, Suite 100",Nashville,TN,37207
CUST005412,Discount Liquor Mart,6424 Broad Pl,Las Vegas,NV,89141
CUST005413,Steak 'n Shake,"1448 Pine Way, Suite 100",San Antonio,TX,78236
CUST005414,Costco Wholesale,"2892 Harbor Ln, Unit B",Columbus,OH,43292
CUST005415,Walgreens,1974 Church Ln,Tucson,AZ,85732
CUST005416,BevMo,3260 Spring Ln,San Diego,CA,92151
CUST005417,Holiday Inn Express by IHG Baton Rouge,"4407 Main Blvd, Ste A",Baton Rouge,LA,70842
CUST005418,Hy-Vee,5840 Spring Ct,Lexington,KY,40542
CUST005419,Bill's Bar & Grill,"8157 Harbor Way, Suite 200",Anchorage,AK,99510
CUST005420,Ramada by Wyndham Springfield,"8636 Harbor Ave, Ste A",Springfield,IL,62777
CUST005421,The Saddle & Bull,"5029 Meadow Pl, Suite 100",Virginia Beach,VA,23468
CUST005422,Hooters,"7754 Chestnut St, Suite 100",Jersey City,NJ,07339
CUST005423,Charleston Liquors,"5960 Garden Pkwy, #101",Charleston,SC,29491
CUST005424,Raising Cane's,"8706 Washington Blvd, Unit B",Worcester,MA,01666
CUST005425,Pilot Flying J #551,6683 Elm Dr,Chicago,IL,60645
CUST005426,Hartford Diner,"168 Highland Way, Ste A",Hartford,CT,06168
CUST005427,Buffalo Wild Wings,"5021 Oak Ct, Ste A",Pittsburgh,PA,15275
CUST005428,Milwaukee Ale House,"7635 Church Blvd, Ste A",Milwaukee,WI,53219
CUST005429,Mama Romano's Pizzeria,"3258 Bay Ave, Suite 200",Oklahoma City,OK,73148
CUST005430,Casa Kim,"4187 River Rd, Suite 200",Fort Worth,TX,76148
CUST005431,Sioux Falls Wine & Spirits,4177 Harbor St,Sioux Falls,SD,57160
CUST005432,Denny's,4099 Main Ave,Houston,TX,77040
CUST005433,Mama Park's,"6455 Lake Dr, Ste A",Brooklyn,NY,11264
CUST005434,Caruso's Liquor Store,"4488 Meadow Blvd, Unit B",Tucson,AZ,85793
CUST005435,Aldi,"7808 Oak Blvd, Ste A",Kansas City,MO,64149
CUST005436,Choice Hotels Clarion Jacksonville,6945 Spring Blvd,Jacksonville,FL,32269
CUST005437,Choice Hotels Clarion Brooklyn,"4169 Walnut Rd, Unit B",Brooklyn,NY,11238
CUST005438,Outback Steakhouse,"8404 Lake Ave, #101",Little Rock,AR,72225
CUST005439,Pilot Flying J #2305,"3635 Washington Dr, Suite 200",Houston,TX,77008
CUST005440,WinCo Foods,"7130 Cherry Ave, Unit B",Grand Rapids,MI,49580
CUST005441,Price Chopper,9248 Cherry Blvd,Grand Rapids,MI,49544
CUST005442,Twin Peaks,"1021 Garden Pkwy, Suite 200",Fargo,ND,58176
CUST005443,TGI Fridays,5386 Walnut Rd,Phoenix,AZ,85005
CUST005444,The Broken Spoke,1452 Union Pl,Milwaukee,WI,53242
CUST005445,Sonic Drive-In,"9784 Spring Pkwy, Suite 100",Pittsburgh,PA,15243
CUST005446,Residence Inn by Marriott Springfield,"3358 Lake Dr, Unit B",Springfield,IL,62726
CUST005447,Albuquerque Grill,5636 Market Ave,Albuquerque,NM,87112
CUST005448,Mama Rossi's Pizzeria,811 Cherry Way,Richmond,VA,23226
CUST005449,World of Beer,"4665 Commerce Blvd, Unit B",Anchorage,AK,99507
CUST005450,Esposito's Diner,7678 Elm Ct,Honolulu,HI,96856
CUST005451,Miller Family Restaurant,"4491 Magnolia Ave, Suite 100",Jacksonville,FL,32253
CUST005452,Twin Peaks,"3306 Garden Dr, Suite 200",Burlington,VT,05468
CUST005453,Fort Worth Tap Room,"3446 Harbor Pl, Suite 100",Fort Worth,TX,76179
CUST005454,Lidl,3538 Commerce Blvd,Minneapolis,MN,55423
CUST005455,Hilton Garden Inn Dallas,"1896 Magnolia Pkwy, Ste A",Atlanta,GA,30357
CUST005456,Kona Grill,4663 Green Ave,Oklahoma City,OK,73135
CUST005457,Fairfield Inn by Marriott Sacramento,7927 Hill Dr,Sacramento,CA,95829
CUST005458,The Broken Spoke,7584 Commerce St,Newark,NJ,07168
CUST005459,Blu by Radisson Richmond,"8578 Market Way, Suite 200",Richmond,VA,23238
CUST005460,Steak 'n Shake,"5105 Cedar Way, Ste A",Fargo,ND,58119
CUST005461,7-Eleven Store #5723,6178 Elm Ave,Queens,NY,11303
CUST005462,The Anchor & Crow,3665 Center Ct,Providence,RI,02923
CUST005463,Texas Roadhouse,"6586 Cedar Ct, Ste A",Orlando,FL,32892
CUST005464,Orlando Brewing Co.,"5112 Bay Ct, Unit B",Orlando,FL,32857
CUST005465,Ingles Markets,"1644 Main Blvd, Suite 100",St. Paul,MN,55185
CUST005466,Mama Rossi's Pizzeria,4349 Valley Ct,Columbus,OH,43208
CUST005467,JW Marriott Los Angeles,"2590 Church Pl, Suite 100",St. Paul,MN,55154
CUST005468,Binny's Beverage Depot,"4433 Commerce Ave, Suite 200",Jacksonville,FL,32256
CUST005469,Down the Hatch,"4045 Washington Ave, Ste A",Honolulu,HI,96835
CUST005470,Chili's,"6662 Cedar Pkwy, Suite 100",Boston,MA,02141
CUST005471,Sonic Drive-In,"3868 Cedar Ct, Suite 200",Memphis,TN,38119
CUST005472,Bob Evans,8148 Pine Pkwy,Wilmington,DE,19814
CUST005473,ABC Fine Wine & Spirits,9496 Commerce Ln,Honolulu,HI,96803
CUST005474,Best Western Premier Burlington,"6209 Highland Ct, #101",Burlington,VT,05458
CUST005475,The Draft House,"2035 Meadow Blvd, Ste A",Philadelphia,PA,19139
CUST005476,Chipotle Mexican Grill,9428 Chestnut Ct,Buffalo,NY,14284
CUST005477,The Tap Room,8229 Park Dr,Omaha,NE,68111
CUST005478,Old Jersey City Tavern,"5918 Highland Ave, Suite 100",Jersey City,NJ,07385
CUST005479,P.F. Chang's,8843 Forest Pkwy,Denver,CO,80256
CUST005480,Total Spirits Jacksonville,1424 Walnut Dr,Jacksonville,FL,32202
CUST005481,Rosa's Grill,6583 Willow Ln,Salt Lake City,UT,84176
CUST005482,Rite Aid,7179 Valley Blvd,Pittsburgh,PA,15271
CUST005483,Rosa's Bar & Grill,1478 Highland Ln,Los Angeles,CA,90051
CUST005484,Sunset Lounge,"3466 Elm Dr, Suite 100",New York,NY,10074
CUST005485,Outback Steakhouse,"6522 Garden Way, Ste A",Las Vegas,NV,89180
CUST005486,Dave & Buster's,2100 Cedar Dr,Columbus,OH,43253
CUST005487,Olive Garden,"3531 River Ln, #101",Jersey City,NJ,07300
CUST005488,Staybridge Suites by IHG Orlando,"1518 Bay Ave, Suite 100",Orlando,FL,32875
CUST005489,Marco & Marco's Steakhouse,"4623 Broad Pl, Unit B",Brooklyn,NY,11278
CUST005490,Wawa #4022,9954 Chestnut Ln,Albuquerque,NM,87123
CUST005491,Costco Wholesale,"1157 Meadow Way, Suite 100",Reno,NV,89548
CUST005492,Wawa #7876,"1276 Union Dr, #101",Worcester,MA,01624
CUST005493,Discount Liquor Mart,6845 Highland Ave,San Diego,CA,92158
CUST005494,Phil's Seafood,"9339 Forest Way, Suite 100",Louisville,KY,40213
CUST005495,Days Inn by Wyndham Birmingham,5029 Bay Pkwy,Birmingham,AL,35205
CUST005496,Best Western Kansas City,"2850 Center Ln, Ste A",Kansas City,MO,64194
CUST005497,Publix,159 Union Pkwy,Minneapolis,MN,55438
CUST005498,The Draft House,"1126 Valley Dr, Unit B",Phoenix,AZ,85067
CUST005499,Food Lion,8218 Spring St,Omaha,NE,68148
CUST005500,Cracker Barrel,"1515 Bay Pl, #101",Kansas City,MO,64111
CUST005501,Mama Romano's Pizzeria,"6994 Lake Rd, Ste A",Columbia,SC,29235
CUST005502,Smith's Diner,"5092 Commerce Pl, Unit B",Baltimore,MD,21215
CUST005503,Omni Dallas Hotel,"5212 Hill Ct, #101",Jackson,MS,39269
CUST005504,Texas Roadhouse,"8262 Harbor St, #101",Denver,CO,80284
CUST005505,The Little Rock Grille,"1837 Highland Ct, Ste A",Little Rock,AR,72289
CUST005506,Jim's Seafood,3624 Garden Dr,Annapolis,MD,21491
CUST005507,Rite Aid,"169 Industrial Rd, #101",Seattle,WA,98155
CUST005508,Whole Foods Market,3057 Spring Blvd,Tucson,AZ,85736
CUST005509,Louisville Tap Room,"1307 Meadow Ct, Unit B",Louisville,KY,40254
CUST005510,Old St. Paul Tavern,5635 Harbor Dr,St. Paul,MN,55119
CUST005511,Wegmans,"7722 Bay Ct, Unit B",Baltimore,MD,21283
CUST005512,Wilmington Diner,"1672 Chestnut Rd, Ste A",Wilmington,DE,19821
CUST005513,Liquor Barn,"8091 Sunset Blvd, Unit B",Nashville,TN,37296
CUST005514,Down the Hatch,"9654 Garden St, #101",San Francisco,CA,94154
CUST005515,Red Lobster,"5126 Broad Dr, Unit B",Buffalo,NY,14204
CUST005516,The Ferreira House,"6109 River Rd, Suite 100",Savannah,GA,31401
CUST005517,Discount Liquor Mart,"7115 Green Ave, Suite 200",Salt Lake City,UT,84101
CUST005518,GetGo #9643,"4882 Elm Ave, Suite 200",Anchorage,AK,99532
CUST005519,Down the Hatch,"6788 Meadow Pl, Ste A",Sioux Falls,SD,57160
CUST005520,ampm #6843,"641 Maple Pl, Suite 100",Providence,RI,02946
CUST005521,Mama Williams's Kitchen,"8940 Peach St, Ste A",Indianapolis,IN,46259
CUST005522,Hooters,4200 Highland Ave,Buffalo,NY,14295
CUST005523,Neighborhood Bar & Grill,9143 Church Pkwy,Detroit,MI,48294
CUST005524,The Fort Worth Grille,1845 Bay Pl,Fort Worth,TX,76193
CUST005525,Loews Hotel Philadelphia,403 Sunset Way,Salt Lake City,UT,84178
CUST005526,The Rusty Nail,3947 Park Ln,New York,NY,10022
CUST005527,Patel's Diner,5278 Pine Pkwy,Honolulu,HI,96882
CUST005528,La Quinta by Wyndham New York,"577 Harbor Dr, Unit B",New York,NY,10029
CUST005529,The Park House,"3248 River Way, Suite 100",Tampa,FL,33629
CUST005530,Denny's,"583 Valley Ct, Suite 200",Milwaukee,WI,53248
CUST005531,Raley's,"3184 Industrial Ln, Suite 200",Denver,CO,80275
CUST005532,Hooters,"8146 Hill Pkwy, #101",Louisville,KY,40267
CUST005533,Five Guys,4049 Cedar Ct,Charlotte,NC,28271
CUST005534,Aldi,"7615 Market Dr, Unit B",Minneapolis,MN,55498
CUST005535,Hooters,1856 Center Pl,New Orleans,LA,70165
CUST005536,Walgreens,4723 Cedar Pkwy,Tucson,AZ,85787
CUST005537,Mama Kim's,8357 Willow Ave,Pittsburgh,PA,15213
CUST005538,Mama Williams's,1461 Lake Ct,Jacksonville,FL,32217
CUST005539,Omni Dallas Hotel,"2755 Cedar Way, Suite 100",Charleston,SC,29428
CUST005540,Hampton Inn by Hilton Queens,"8025 Division Blvd, #101",Queens,NY,11318
CUST005541,Yard House,"2228 Union Ln, Suite 100",St. Louis,MO,63109
CUST005542,Lidl,"1483 Bay Dr, #101",Little Rock,AR,72299
CUST005543,LongHorn Steakhouse,4138 Union Dr,Memphis,TN,38185
CUST005544,Smart & Final,1298 Oak St,Buffalo,NY,14287
CUST005545,Bob Evans,"2849 Spring Rd, Ste A",Portland,OR,97207
CUST005546,Safeway,4440 Washington St,Memphis,TN,38107
CUST005547,Raleigh Tap Room,8237 Church Way,Raleigh,NC,27668
CUST005548,Circle K #2858,8660 Maple Pkwy,Springfield,IL,62701
CUST005549,Walgreens,"633 Highland St, Ste A",Minneapolis,MN,55475
CUST005550,Hy-Vee,744 River St,Memphis,TN,38127
CUST005551,Miami Kitchen,2883 Meadow Dr,Miami,FL,33193
CUST005552,Martinez's Pub,"4268 Harbor Pkwy, Ste A",Reno,NV,89559
CUST005553,Love's Travel Stop #2536,4295 Hill Way,Chicago,IL,60624
CUST005554,Sunset Lounge,"5158 Lake Pl, Suite 100",Worcester,MA,01636
CUST005555,The DeLuca House,"5360 Hill Ct, Unit B",Buffalo,NY,14234
CUST005556,Wilmington Ale House,"7048 Oak Dr, #101",Wilmington,DE,19844
CUST005557,Mama Johnson's Pizzeria,"3594 Green Blvd, #101",Sioux Falls,SD,57172
CUST005558,Casa Rizzo,"2839 Walnut Ct, Suite 200",Denver,CO,80271
CUST005559,Crowne Plaza by IHG Eugene,104 Highland Ct,Eugene,OR,97436
CUST005560,Papa Garcia's,"9887 Bay St, Suite 100",Worcester,MA,01640
CUST005561,Cheers Bar & Grill,"4260 Broad Ave, Suite 200",New Orleans,LA,70195
CUST005562,IHOP,3635 Elm Pkwy,Salt Lake City,UT,84185
CUST005563,Lidl,"982 Commerce Way, Ste A",Jacksonville,FL,32229
CUST005564,P.F. Chang's,5710 Lake Way,Houston,TX,77012
CUST005565,The Keg & Pint,"783 Walnut Ave, Suite 100",Burlington,VT,05401
CUST005566,Homewood Suites by Hilton Indianapolis,4961 Elm Pkwy,Indianapolis,IN,46297
CUST005567,The Newark Grille,"6312 Chestnut Dr, Ste A",Newark,NJ,07107
CUST005568,Down the Hatch,897 Commerce Ct,New York,NY,10006
CUST005569,Papa Jones's,"7144 Hill Dr, Unit B",Austin,TX,78706
CUST005570,Cheers Bar & Grill,"1699 Lake Ave, Ste A",Portland,OR,97220
CUST005571,WinCo Foods,"4397 Washington Ct, #101",Columbus,OH,43282
CUST005572,Walgreens,"8387 Oak Rd, Ste A",Indianapolis,IN,46220
CUST005573,CVS Pharmacy,"8095 Cherry Ln, Suite 200",Houston,TX,77004
CUST005574,Publix,"859 Harbor Ave, Unit B",Louisville,KY,40253
CUST005575,Phil & Danny's Steakhouse,7670 Oak Pl,Memphis,TN,38107
CUST005576,The Tap Room,5662 Highland Ct,Jackson,MS,39207
CUST005577,Red Robin,"6520 Division Way, Ste A",Worcester,MA,01630
CUST005578,Red Lobster,"1939 River Ave, Suite 200",Burlington,VT,05445
CUST005579,The Tap Room,"4572 Market St, Suite 100",Colorado Springs,CO,80941
CUST005580,Main Street Liquors,1935 Lake Rd,Dallas,TX,75286
CUST005581,Portland Kitchen,3262 Division Rd,Portland,OR,97281
CUST005582,Choice Hotels Econo Lodge Pittsburgh,884 Willow Rd,Pittsburgh,PA,15219
CUST005583,Patel's Diner,"7363 Elm Ave, Unit B",Annapolis,MD,21415
CUST005584,Spec's Liquor,"4935 Chestnut Dr, Ste A",Tampa,FL,33627
CUST005585,Sam's Club,4233 Highland Ln,St. Louis,MO,63152
CUST005586,Lexington Wine & Spirits,"6608 Hill Blvd, #101",Lexington,KY,40558
CUST005587,ABC Fine Wine & Spirits,"781 Industrial Rd, Ste A",Omaha,NE,68102
CUST005588,Sheraton New York Times Square,3221 Chestnut Pl,Birmingham,AL,35282
CUST005589,Love's Travel Stop #9929,8798 Industrial Rd,Las Vegas,NV,89130
CUST005590,Five Guys,529 Valley Ct,St. Louis,MO,63197
CUST005591,DoubleTree by Hilton Jacksonville,8829 Highland Pkwy,Jacksonville,FL,32250
CUST005592,The Broken Spoke,"9424 Maple Way, Suite 200",Little Rock,AR,72262
CUST005593,Sports Page Bar,"658 Center Pl, Ste A",Milwaukee,WI,53297
CUST005594,Corner Pocket Billiards & Bar,"8593 Union Ct, Unit B",Annapolis,MD,21403
CUST005595,Bob's Bar & Grill,8281 Peach Blvd,Annapolis,MD,21496
CUST005596,Cracker Barrel,"2622 Park Rd, Ste A",Philadelphia,PA,19197
CUST005597,Casa Garcia,2469 Washington Ln,Brooklyn,NY,11282
CUST005598,Sheetz #4077,9813 Pine St,Cleveland,OH,44127
CUST005599,Piggly Wiggly,9806 Union Dr,Boston,MA,02118
CUST005600,Johnson's Diner,"531 Maple Ave, #101",Tulsa,OK,74115
CUST005601,Grand by Hyatt Oklahoma City,120 Park Ave,Oklahoma City,OK,73120
CUST005602,7-Eleven Store #6834,1570 River Pl,Jackson,MS,39244
CUST005603,Grand by Hyatt Baton Rouge,5261 Union Ct,Baton Rouge,LA,70853
CUST005604,Garden Inn by Hilton Detroit,5727 Center Pkwy,Detroit,MI,48279
CUST005605,Sunset Lounge,"8922 Broad Dr, Unit B",Baton Rouge,LA,70881
CUST005606,IHOP,5547 Church Pkwy,Honolulu,HI,96836
CUST005607,In-N-Out Burger,"244 Magnolia Blvd, Unit B",Raleigh,NC,27673
CUST005608,Mama Esposito's,"2108 Division Ln, #101",Virginia Beach,VA,23487
CUST005609,TGI Fridays,8903 River Way,Baltimore,MD,21215
CUST005610,Brown Family Restaurant,8979 Market Rd,Virginia Beach,VA,23418
CUST005611,Miller's Tavern,"4269 Cherry Ct, Suite 100",Sioux Falls,SD,57146
CUST005612,Waffle House,"870 Center Ct, Suite 200",Springfield,IL,62731
CUST005613,P.F. Chang's,"2122 Garden Pkwy, Ste A",Phoenix,AZ,85053
CUST005614,Hyatt Place Denver,"9076 Lake Ln, #101",Fort Worth,TX,76133
CUST005615,Sonic Drive-In,"293 Garden St, Suite 200",Jackson,MS,39287
CUST005616,Olive Garden,"9367 Park Pl, Unit B",Worcester,MA,01622
CUST005617,Wegmans,"1970 Bay St, Unit B",Portland,OR,97265
CUST005618,Chili's,2919 Sunset St,Tucson,AZ,85722
CUST005619,Jackson Diner,2779 Bay Way,Jackson,MS,39265
CUST005620,Regency by Hyatt Los Angeles,"5085 Highland Pkwy, Suite 200",Los Angeles,CA,90022
CUST005621,LongHorn Steakhouse,8769 Broad Pkwy,Savannah,GA,31461
CUST005622,Giant Eagle,3473 Garden Ln,Newark,NJ,07141
CUST005623,Chipotle Mexican Grill,"6593 Park Ln, Ste A",Lexington,KY,40571
CUST005624,Five Guys,"3031 Market Pkwy, Suite 200",Richmond,VA,23227
CUST005625,The Broken Spoke,9274 Maple Dr,Louisville,KY,40296
CUST005626,Ramada by Wyndham Spokane,"8856 Peach Ct, Ste A",Spokane,WA,99244
CUST005627,Casa Martinez,"2858 Walnut Ct, #101",Tampa,FL,33666
CUST005628,Jones Kitchen,2499 Meadow Pkwy,Boston,MA,02126
CUST005629,Liquor Barn,"6430 Highland Blvd, Suite 100",Colorado Springs,CO,80905
CUST005630,Panera Bread,9815 Sunset Blvd,Milwaukee,WI,53255
CUST005631,BJ's Wholesale Club,8170 River Rd,Salt Lake City,UT,84166
CUST005632,HEB,2365 Industrial Way,St. Louis,MO,63101
CUST005633,Dave & Buster's,2328 Garden Ave,Orlando,FL,32897
CUST005634,Seattle Bistro,"5398 Park St, Unit B",Seattle,WA,98106
CUST005635,Whataburger,605 Bay Blvd,Detroit,MI,48248
CUST005636,Old New York Tavern,"8497 River Way, Ste A",New York,NY,10001
CUST005637,Fairfield Inn by Marriott Los Angeles,"9229 River Rd, Suite 200",Los Angeles,CA,90048
CUST005638,Staybridge Suites by IHG Phoenix,"1467 Washington Ln, Suite 100",Phoenix,AZ,85015
CUST005639,Total Wine & More,"3554 Sunset Dr, Ste A",Tulsa,OK,74119
CUST005640,Hooters,"9205 Valley Way, Unit B",Springfield,IL,62795
CUST005641,7-Eleven Store #3669,2567 Center Rd,Tampa,FL,33681
CUST005642,Pilot Flying J #2824,"3629 Peach Pl, Suite 100",New Orleans,LA,70118
CUST005643,Orlando Bottle Shop,9174 Meadow St,Orlando,FL,32868
CUST005644,Sports Page Bar,1628 Church Pkwy,Phoenix,AZ,85017
CUST005645,BJ's Wholesale Club,"3760 Cedar Dr, Unit B",Cleveland,OH,44167
CUST005646,Smith's Tavern,9625 Pine Rd,Dallas,TX,75220
CUST005647,Miller's Diner,369 Pine Blvd,Kansas City,MO,64162
CUST005648,Kwik Trip #5932,"2429 Peach Rd, Suite 200",Brooklyn,NY,11218
CUST005649,Luigi's Grill,"6083 Main Rd, Ste A",Lexington,KY,40507
CUST005650,Texas Roadhouse,"3194 Magnolia Dr, Suite 200",Fargo,ND,58101
CUST005651,Whataburger,"853 Oak Ct, Suite 100",Burlington,VT,05473
CUST005652,Kroger,2838 Peach St,Burlington,VT,05444
CUST005653,Ramada by Wyndham Grand Rapids,"431 Commerce Dr, Suite 100",Grand Rapids,MI,49547
CUST005654,World of Beer,5104 Green Ln,Fort Worth,TX,76138
CUST005655,Ritz-Carlton New Orleans,8283 Division Ln,Detroit,MI,48256
CUST005656,Casey's General Store #6275,"2333 Union Pkwy, Ste A",Dallas,TX,75254
CUST005657,Grand by Hyatt Cleveland,"2153 Peach Ct, Ste A",Cleveland,OH,44164
CUST005658,Corner Pocket Billiards & Bar,8082 Peach Ct,Milwaukee,WI,53290
CUST005659,P.F. Chang's,"4413 Hill Dr, Suite 200",Wilmington,DE,19817
CUST005660,Pilot Flying J #8466,8984 Garden St,Pittsburgh,PA,15255
CUST005661,Jacksonville Bottle Shop,"3003 Industrial Pl, Suite 200",Jacksonville,FL,32236
CUST005662,Casey's General Store #7921,8697 River Ct,Philadelphia,PA,19133
CUST005663,Neighborhood Bar & Grill,9723 Magnolia St,Burlington,VT,05498
CUST005664,Walgreens,"724 Chestnut Pl, Ste A",Salt Lake City,UT,84167
CUST005665,Charleston Bistro,"6591 Union Blvd, #101",Charleston,SC,29429
CUST005666,Waffle House,9424 Peach Ave,Lexington,KY,40556
CUST005667,CVS Pharmacy,"8807 Sunset Way, #101",Springfield,IL,62788
CUST005668,ABC Fine Wine & Spirits,3305 Center Ave,Savannah,GA,31437
CUST005669,Nguyen Kitchen,6337 Highland Dr,Birmingham,AL,35206
CUST005670,Sonic Drive-In,"5374 Chestnut Blvd, Unit B",Charlotte,NC,28228
CUST005671,Outback Steakhouse,"9114 Meadow Ave, Ste A",Orlando,FL,32845
CUST005672,Choice Hotels Quality Inn Little Rock,2017 River Rd,Little Rock,AR,72214
CUST005673,Premier Wine & Spirits,"1399 Maple Rd, Suite 100",Grand Rapids,MI,49554
CUST005674,Staybridge Suites by IHG Raleigh,7120 Green Pl,Raleigh,NC,27679
CUST005675,Red Robin,"5760 Valley Dr, Suite 200",Savannah,GA,31415
CUST005676,Mama Johnson's Kitchen,9006 Park Rd,Spokane,WA,99254
CUST005677,Raising Cane's,"6503 River Way, Ste A",Charleston,SC,29494
CUST005678,BJ's Wholesale Club,"9761 Park Pl, Suite 100",St. Louis,MO,63171
CUST005679,Liquor Barn,3709 Lake Way,Dallas,TX,75229
CUST005680,Choice Hotels Comfort Inn Fort Worth,8155 Peach Ln,Fort Worth,TX,76127
CUST005681,Days Inn by Wyndham Birmingham,1108 Meadow Ave,Birmingham,AL,35244
CUST005682,Olive Garden,"7007 Elm Blvd, Suite 200",Atlanta,GA,30300
CUST005683,Old Philadelphia Tavern,8983 Center Ln,Philadelphia,PA,19172
CUST005684,Mama Chen's Pizzeria,"1615 Harbor Ln, Suite 100",Madison,WI,53742
CUST005685,Buffalo Wild Wings,"9337 Highland Way, Suite 200",Atlanta,GA,30367
CUST005686,Jones Family Restaurant,4125 Maple Way,Indianapolis,IN,46206
CUST005687,Red Robin,6087 Bay Ct,Philadelphia,PA,19145
CUST005688,Cracker Barrel,5596 Hill Dr,Columbia,SC,29265
CUST005689,Ferreira's Pub,4807 Magnolia Ln,Las Vegas,NV,89156
CUST005690,The Tap Room,"9510 Washington Pl, Suite 100",Tulsa,OK,74117
CUST005691,Spec's Liquor,"6439 Hill St, Suite 100",Savannah,GA,31471
CUST005692,Kona Grill,2050 Industrial Ave,Baltimore,MD,21243
CUST005693,7-Eleven Store #3551,9066 Magnolia Blvd,Detroit,MI,48208
CUST005694,Best Western Plus Sacramento,"2705 Church Ln, Suite 200",Sacramento,CA,95886
CUST005695,Bob Evans,2787 Peach Ave,San Diego,CA,92170
CUST005696,Sports Page Bar,4501 Sunset Way,Birmingham,AL,35224
CUST005697,Fine Wine & Spirits,1649 Willow Dr,Louisville,KY,40246
CUST005698,Jack & Richie's Steakhouse,"4368 Washington Rd, Unit B",Springfield,IL,62716
CUST005699,Savannah Wine & Spirits,384 Commerce Ln,Savannah,GA,31402
CUST005700,Rite Aid,6266 River Dr,Minneapolis,MN,55407
CUST005701,Liquor Barn,"9600 Main Rd, Suite 100",Columbus,OH,43233
CUST005702,Fine Wine & Spirits,"2443 Magnolia Ave, Unit B",Birmingham,AL,35270
CUST005703,Stop & Shop,"7740 Garden Ct, #101",Pittsburgh,PA,15237
CUST005704,The Grand Rapids Grille,"516 Forest Pl, Ste A",Grand Rapids,MI,49522
CUST005705,Kona Grill,"582 Willow Ln, #101",St. Paul,MN,55104
CUST005706,Chili's,"9786 Meadow Blvd, Ste A",Las Vegas,NV,89106
CUST005707,Kim's BBQ,"2791 Union St, Suite 200",Salt Lake City,UT,84196
CUST005708,Raising Cane's,"8438 Cherry Dr, Unit B",Minneapolis,MN,55485
CUST005709,The Nguyen House,6831 Garden Dr,Raleigh,NC,27604
CUST005710,The Bottle Shop,6229 Green Dr,Sioux Falls,SD,57145
CUST005711,The Phoenix Grille,"3443 Washington Ln, Unit B",Phoenix,AZ,85087
CUST005712,LongHorn Steakhouse,6620 Hill Ave,Columbia,SC,29238
CUST005713,Jack's Seafood,2841 Washington Rd,Sioux Falls,SD,57178
CUST005714,Loews Hotel Philadelphia,"4926 Meadow Rd, Unit B",Cincinnati,OH,45246
CUST005715,Steak 'n Shake,7013 Highland Blvd,Denver,CO,80292
CUST005716,Kona Grill,"5601 Oak Dr, Suite 200",Fargo,ND,58153
CUST005717,The Rizzo House,8527 Garden Way,Jacksonville,FL,32222
CUST005718,Olive Garden,9679 Garden Pkwy,Philadelphia,PA,19137
CUST005719,Park's Tavern,"2091 Cedar St, Ste A",Houston,TX,77090
CUST005720,Birmingham Diner,5011 Division Ct,Birmingham,AL,35281
CUST005721,Speedway #2348,"4212 Chestnut Way, Ste A",Baltimore,MD,21275
CUST005722,Regency by Hyatt Anchorage,579 Garden Way,Anchorage,AK,99503
CUST005723,Miller's Diner,"7024 Commerce Way, #101",Madison,WI,53792
CUST005724,Cheers Bar & Grill,1926 Church Dr,Sacramento,CA,95838
CUST005725,Pete & Nick's Steakhouse,"2778 Park Blvd, Unit B",Baltimore,MD,21225
CUST005726,The Saddle & Hound,"4432 Pine Dr, Suite 200",Little Rock,AR,72233
CUST005727,Binny's Beverage Depot,"2471 Willow Dr, Suite 100",New York,NY,10035
CUST005728,Park's BBQ,1140 Market Ln,Oklahoma City,OK,73103
CUST005729,HEB,"9718 Walnut Pl, Suite 100",Spokane,WA,99266
CUST005730,Williams's Pub,"414 Industrial Blvd, Suite 100",Fargo,ND,58137
CUST005731,Blu by Radisson Denver,5956 Division Dr,Denver,CO,80233
CUST005732,Ritz-Carlton New Orleans,2789 Union Ave,Richmond,VA,23212
CUST005733,Mama Romano's,"3930 Main Pkwy, Unit B",Grand Rapids,MI,49550
CUST005734,ABC Fine Wine & Spirits,"1613 Commerce Pl, #101",Newark,NJ,07166
CUST005735,ampm #4921,1687 Harbor Way,Burlington,VT,05406
CUST005736,Burlington Ale House,"4780 Lake Blvd, Suite 200",Burlington,VT,05448
CUST005737,Golden Corral,"8151 Union Pl, Suite 100",Sacramento,CA,95855
CUST005738,Spec's Liquor,2412 Oak Ct,Jackson,MS,39220
CUST005739,Patel's Pub,"7589 Spring Blvd, Suite 100",Honolulu,HI,96844
CUST005740,Richie's Seafood,"5589 Oak Ave, Suite 100",Jersey City,NJ,07300
CUST005741,Wawa #657,"5958 Walnut Pl, Suite 200",Milwaukee,WI,53293
CUST005742,Mama Nguyen's,"3243 Main Blvd, Suite 100",Miami,FL,33126
CUST005743,Total Wine & More,"1208 Peach Rd, Suite 200",Jersey City,NJ,07364
CUST005744,Wilmington Diner,548 Chestnut Blvd,Wilmington,DE,19861
CUST005745,The Draft House,2224 Market Rd,Tampa,FL,33608
CUST005746,Punch Bowl Social,"2201 Commerce Pkwy, Suite 200",Memphis,TN,38100
CUST005747,Chipotle Mexican Grill,"1535 Oak Rd, Suite 200",Reno,NV,89510
CUST005748,Blu by Radisson Annapolis,5525 Cherry St,Annapolis,MD,21499
CUST005749,Ritz-Carlton New Orleans,3392 Meadow Dr,Birmingham,AL,35239
CUST005750,The Cheesecake Factory,"1477 Lake Pkwy, Ste A",Raleigh,NC,27657
CUST005751,House by Hyatt St. Louis,"8441 Division Pkwy, Suite 200",St. Louis,MO,63147
CUST005752,CVS Pharmacy,"6569 Bay St, Unit B",Richmond,VA,23233
CUST005753,Papa Kim's,"7959 Green Rd, Ste A",Pittsburgh,PA,15257
CUST005754,Speedway #3302,"7649 Chestnut Rd, Unit B",Columbus,OH,43204
CUST005755,Costco Wholesale,"2279 Hill Ct, Unit B",Eugene,OR,97444
CUST005756,Choice Hotels Comfort Inn Grand Rapids,"8760 Cedar Ct, Suite 100",Grand Rapids,MI,49536
CUST005757,Mama Rizzo's Pizzeria,"672 Washington Blvd, #101",Charlotte,NC,28270
CUST005758,LongHorn Steakhouse,"9858 Park Way, Suite 200",San Diego,CA,92150
CUST005759,Chili's,"5974 Walnut Way, Suite 200",Charleston,SC,29400
CUST005760,Nashville Tap Room,"7373 Cedar Dr, Suite 100",Nashville,TN,37270
CUST005761,Casa Rossi,1367 Valley Dr,Newark,NJ,07182
CUST005762,Costco Wholesale,"2680 Spring Blvd, Suite 200",Charlotte,NC,28251
CUST005763,Rite Aid,"6703 Main Ln, Suite 100",Columbia,SC,29231
CUST005764,The Jersey City Grille,"6390 Bay Blvd, Ste A",Jersey City,NJ,07391
CUST005765,HEB,"8062 Hill St, Unit B",Tulsa,OK,74116
CUST005766,The Bear & Eagle,8674 Garden Blvd,Boston,MA,02182
CUST005767,Dallas Ale House,9752 Harbor Ave,Dallas,TX,75216
CUST005768,The Rusty Nail,"2241 Oak Ct, Suite 100",Oklahoma City,OK,73150
CUST005769,Hooters,4979 Elm Ln,Jersey City,NJ,07362
CUST005770,The Barrel & Anchor,3895 Center Ln,San Francisco,CA,94153
CUST005771,Best Western Fort Worth,"8522 Park Rd, Unit B",Fort Worth,TX,76111
CUST005772,Perkins Restaurant,"9969 Magnolia Ct, Suite 200",Virginia Beach,VA,23426
CUST005773,Denny's,"4671 Church Pkwy, Ste A",Newark,NJ,07142
CUST005774,Whataburger,6049 Industrial Pkwy,Miami,FL,33151
CUST005775,Leo's Grill,9210 Sunset Rd,Little Rock,AR,72234
CUST005776,Super 8 by Wyndham Columbus,7047 Division Dr,Columbus,OH,43212
CUST005777,Twin Peaks,"8044 Commerce Way, Suite 200",Hartford,CT,06125
CUST005778,Keg Liquors,9919 Harbor Ave,Jersey City,NJ,07329
CUST005779,Days Inn by Wyndham San Diego,7054 Spring Rd,San Diego,CA,92114
CUST005780,Grand by Hyatt Albuquerque,"567 Commerce Ln, Ste A",Albuquerque,NM,87156
CUST005781,Outback Steakhouse,"4029 Industrial Pl, Suite 200",Phoenix,AZ,85004
CUST005782,Cheers Bar & Grill,8952 Main Dr,Detroit,MI,48237
CUST005783,Smith's BBQ,"186 Maple Pl, Ste A",Little Rock,AR,72239
CUST005784,Albertsons,"962 Willow Dr, Suite 200",Memphis,TN,38155
CUST005785,Casey's General Store #6777,7128 Main Ct,St. Louis,MO,63196
CUST005786,The Bottle Shop,4490 Magnolia St,San Diego,CA,92191
CUST005787,The Broken Spoke,"9408 Park Rd, Unit B",Madison,WI,53746
CUST005788,Outback Steakhouse,"6532 Church Blvd, Ste A",Phoenix,AZ,85038
CUST005789,World of Beer,8042 Spring Dr,Sacramento,CA,95873
CUST005790,Binny's Beverage Depot,"3637 Oak Way, Suite 200",Louisville,KY,40246
CUST005791,Neighborhood Bar & Grill,"3948 Center Ln, Ste A",Phoenix,AZ,85023
CUST005792,House by Hyatt Providence,5336 Bay Ct,Providence,RI,02925
CUST005793,Ray & Gino's Steakhouse,"714 Willow Dr, Ste A",Madison,WI,53728
CUST005794,Rossi's BBQ,"1743 Valley Ct, Suite 100",Tucson,AZ,85769
CUST005795,Kona Grill,"5687 River Dr, Ste A",San Diego,CA,92139
CUST005796,GetGo #4924,"5136 Harbor Blvd, Suite 200",Denver,CO,80290
CUST005797,P.F. Chang's,"9662 Industrial Dr, Unit B",Hartford,CT,06172
CUST005798,The Red Anchor,"6357 Main Ln, Ste A",San Antonio,TX,78253
CUST005799,Bob Evans,"1949 Chestnut Ct, Ste A",Louisville,KY,40212
CUST005800,Mama Rizzo's,"4826 Church Blvd, Ste A",Milwaukee,WI,53204
CUST005801,Buffalo Wild Wings,8684 Main Dr,Charleston,SC,29428
CUST005802,Savannah Liquors,"6108 Cherry Pkwy, Unit B",Savannah,GA,31470
CUST005803,Applebee's,"7410 Church Ct, Unit B",Los Angeles,CA,90058
CUST005804,The Draft House,"9649 Center Ln, Suite 100",Nashville,TN,37213
CUST005805,Yard House,"7018 Green Way, Unit B",Lexington,KY,40517
CUST005806,Regency by Hyatt San Antonio,"9509 Elm St, Ste A",San Antonio,TX,78216
CUST005807,Choice Hotels Quality Inn Pittsburgh,"1251 Meadow Way, Unit B",Pittsburgh,PA,15204
CUST005808,Premier Wine & Spirits,"7974 Cherry Ln, Ste A",Kansas City,MO,64185
CUST005809,Casey's General Store #360,6233 Division Pkwy,Reno,NV,89513
CUST005810,Springhill Suites by Marriott Reno,3765 Spring Pl,Reno,NV,89580
CUST005811,Hampton Inn by Hilton Phoenix,4529 Hill Pkwy,Phoenix,AZ,85030
CUST005812,Casey's General Store #4004,1797 Valley Pl,Louisville,KY,40200
CUST005813,Neighborhood Bar & Grill,"3958 Maple Way, #101",Fort Worth,TX,76131
CUST005814,Bar Louie,"3516 Chestnut Ct, Suite 100",Minneapolis,MN,55496
CUST005815,Old Savannah Tavern,7303 Walnut Pkwy,Savannah,GA,31468
CUST005816,Super 8 by Wyndham Charleston,"5871 Forest Ln, Unit B",Charleston,SC,29433
CUST005817,Choice Hotels Quality Inn Little Rock,6862 Union Way,Little Rock,AR,72260
CUST005818,BJ's Wholesale Club,"1070 Sunset Rd, Suite 200",Los Angeles,CA,90012
CUST005819,Bill's Seafood,1273 Church Ct,Portland,OR,97208
CUST005820,Five Guys,9064 Maple Rd,Seattle,WA,98129
CUST005821,Liquor Barn,1731 Cherry Pkwy,Seattle,WA,98101
CUST005822,Publix,6367 River Pkwy,Providence,RI,02922
CUST005823,St. Louis Liquors,"4145 Industrial Pl, Suite 100",St. Louis,MO,63130
CUST005824,Whataburger,"5756 Bay Ct, Ste A",Milwaukee,WI,53221
CUST005825,BJ's Wholesale Club,"8366 Pine Ln, Suite 100",Anchorage,AK,99580
CUST005826,Yard House,8430 Meadow Ln,Phoenix,AZ,85042
CUST005827,Aldi,"6960 Church Ln, Ste A",Louisville,KY,40280
CUST005828,Price Chopper,"3320 Park Dr, Suite 100",Memphis,TN,38136
CUST005829,Premier Wine & Spirits,"1285 Meadow Ave, Ste A",Austin,TX,78736
CUST005830,Sunset Lounge,"923 Chestnut Ln, Suite 100",Queens,NY,11345
CUST005831,Days Inn by Wyndham Fort Worth,4849 Cedar Pl,Fort Worth,TX,76103
CUST005832,Ray's Bar & Grill,"5489 River Dr, Suite 100",Tucson,AZ,85730
CUST005833,ABC Fine Wine & Spirits,9518 Chestnut Blvd,Providence,RI,02968
CUST005834,Sam's Club,244 Chestnut Way,Queens,NY,11368
CUST005835,Choice Hotels Quality Inn Newark,"5373 Maple Rd, Suite 100",Newark,NJ,07199
CUST005836,Radisson Providence,"5636 Center Blvd, Ste A",Providence,RI,02954
CUST005837,BevMo,1683 Sunset Blvd,Anchorage,AK,99556
CUST005838,Discount Liquor Mart,"2895 Hill Dr, #101",St. Louis,MO,63191
CUST005839,Madison Grill,"9504 Division Pl, Ste A",Madison,WI,53709
CUST005840,Publix,"5433 Green Pkwy, Suite 200",Honolulu,HI,96858
CUST005841,Safeway,3987 Harbor Pl,San Antonio,TX,78250
CUST005842,Panera Bread,"2789 Bay Pl, #101",Memphis,TN,38191
CUST005843,Bar Louie,8834 Chestnut Rd,Tampa,FL,33673
CUST005844,Casa Nguyen,442 Valley Rd,Tulsa,OK,74131
CUST005845,Red Robin,"839 Union Pl, Unit B",Miami,FL,33117
CUST005846,The Cheesecake Factory,"6611 Elm Ln, #101",Grand Rapids,MI,49587
CUST005847,Salt Lake City Taproom,"551 Meadow Ln, Unit B",Salt Lake City,UT,84144
CUST005848,Price Chopper,"8719 Maple Blvd, Suite 100",Hartford,CT,06101
CUST005849,Walgreens,5684 Main Ct,Milwaukee,WI,53266
CUST005850,ABC Fine Wine & Spirits,8979 Cedar Ave,New Orleans,LA,70180
CUST005851,Waffle House,"7761 Meadow Pkwy, #101",Reno,NV,89505
CUST005852,Chipotle Mexican Grill,"7589 Cherry Pl, Suite 100",San Francisco,CA,94137
CUST005853,Chen's Diner,"6910 Market Dr, Suite 100",Memphis,TN,38170
CUST005854,Dave & Buster's,"4462 Peach Pl, #101",Brooklyn,NY,11263
CUST005855,Outback Steakhouse,"4020 Forest Ln, #101",Louisville,KY,40280
CUST005856,Residence Inn by Marriott Providence,"6850 Main Pkwy, Suite 100",Providence,RI,02911
CUST005857,The Tap Room,9754 Cherry Ave,Phoenix,AZ,85057
CUST005858,Total Spirits Honolulu,"3302 Industrial Way, Unit B",Honolulu,HI,96841
CUST005859,Marketview Liquor,"5333 Garden St, Suite 100",Reno,NV,89510
CUST005860,Seattle Ale House,"3548 Park Way, Ste A",Seattle,WA,98117
CUST005861,Chen's Tavern,128 Main Dr,Birmingham,AL,35229
CUST005862,Fine Wine & Spirits,4798 Garden St,Anchorage,AK,99548
CUST005863,Houston Kitchen,"6692 Maple Pkwy, #101",Houston,TX,77006
CUST005864,Blu by Radisson Nashville,"6049 Cherry Way, Suite 200",Nashville,TN,37258
CUST005865,Eddie's Seafood,8027 Chestnut Dr,Baltimore,MD,21227
CUST005866,TGI Fridays,7218 Harbor St,Jackson,MS,39211
CUST005867,Sunset Lounge,8944 Garden Dr,Albuquerque,NM,87114
CUST005868,Queens Taproom,6924 Pine Pl,Queens,NY,11353
CUST005869,Shake Shack,"9922 Washington Blvd, Suite 200",Chicago,IL,60628
CUST005870,7-Eleven Store #8443,9713 Lake Ave,Birmingham,AL,35229
CUST005871,P.F. Chang's,915 Sunset Rd,Savannah,GA,31483
CUST005872,Aldi,"4155 Hill Pkwy, Unit B",Buffalo,NY,14223
CUST005873,Keg Liquors,6519 Union Ln,Little Rock,AR,72228
CUST005874,Smith's Diner,9820 Broad Blvd,Hartford,CT,06137
CUST005875,Texas Roadhouse,8889 Union Ln,Buffalo,NY,14218
CUST005876,Main Street Liquors,7993 Commerce Ct,Charleston,SC,29467
CUST005877,Grand by Hyatt Virginia Beach,"2101 Willow Ln, #101",Virginia Beach,VA,23439
CUST005878,Days Inn by Wyndham New York,897 Willow Ln,New York,NY,10097
CUST005879,Albertsons,"8011 Highland Dr, Ste A",New Orleans,LA,70153
CUST005880,Old Oklahoma City Tavern,"3961 Garden Dr, #101",Oklahoma City,OK,73187
CUST005881,Sal & Ray's Steakhouse,3771 Industrial St,Colorado Springs,CO,80944
CUST005882,Hampton Inn Nashville,9462 Maple Dr,Spokane,WA,99221
CUST005883,Red Lobster,"5817 Washington Ln, Unit B",Raleigh,NC,27677
CUST005884,Staybridge Suites by IHG Tampa,"2149 Oak Dr, Ste A",Tampa,FL,33635
CUST005885,Chipotle Mexican Grill,"3274 Chestnut Way, Suite 200",Baton Rouge,LA,70817
CUST005886,New York Grill,6462 Market Pl,New York,NY,10062
CUST005887,Wegmans,4676 Washington Ave,Wilmington,DE,19847
CUST005888,Liquor Barn,4069 Spring Way,Omaha,NE,68108
CUST005889,Chipotle Mexican Grill,"8235 Meadow Pl, Ste A",Burlington,VT,05442
CUST005890,Anna & Tony's Steakhouse,855 Forest Blvd,Chicago,IL,60676
CUST005891,Spec's Liquor,4702 Spring Pkwy,Tucson,AZ,85796
CUST005892,Wingstop,"1809 Broad Ave, Unit B",Little Rock,AR,72233
CUST005893,Liquor Barn,3099 Division Dr,Milwaukee,WI,53274
CUST005894,Whataburger,"4979 River Pl, Ste A",Reno,NV,89552
CUST005895,Doubletree by Hilton Seattle,6358 Park Rd,Birmingham,AL,35261
CUST005896,Grand Rapids Bistro,"6056 Willow Dr, Suite 200",Grand Rapids,MI,49559
CUST005897,Red Robin,5028 Market Ln,Fort Worth,TX,76183
CUST005898,Whataburger,1292 Park Dr,Tucson,AZ,85712
CUST005899,Best Western Plus Seattle,"8533 Cherry Rd, Suite 200",Seattle,WA,98193
CUST005900,Smart & Final,4550 Sunset Way,Jersey City,NJ,07319
CUST005901,Romano's BBQ,1833 Valley Pl,St. Louis,MO,63155
CUST005902,World of Beer,"9176 Cherry Way, Unit B",Charleston,SC,29432
CUST005903,Costco Wholesale,"2764 Highland Pl, Unit B",Portland,OR,97243
CUST005904,Five Guys,8911 Washington St,Milwaukee,WI,53229
CUST005905,Liquor Barn,"9783 Highland Ct, Suite 200",Cincinnati,OH,45297
CUST005906,Annapolis Bottle Shop,"882 Highland Pkwy, Unit B",Annapolis,MD,21426
CUST005907,Bob Evans,1026 Garden Dr,Boston,MA,02193
CUST005908,Sheetz #5466,"6813 Chestnut Ave, Ste A",Tampa,FL,33665
CUST005909,WinCo Foods,9929 Cedar Blvd,Milwaukee,WI,53265
CUST005910,Esposito's Pub,7253 Hill Ave,Oklahoma City,OK,73138
CUST005911,DeLuca Family Restaurant,1135 Willow Ln,Little Rock,AR,72236
CUST005912,Jersey City Bistro,"3815 Industrial St, Ste A",Jersey City,NJ,07315
CUST005913,Safeway,"5416 Main Ct, Suite 100",Jacksonville,FL,32244
CUST005914,Homewood Suites by Hilton Houston,"8324 Church Blvd, #101",Houston,TX,77061
CUST005915,The Saddle & Pint,6615 Highland St,Fort Worth,TX,76185
CUST005916,Pittsburgh Ale House,3986 Green St,Pittsburgh,PA,15263
CUST005917,The Rossi House,"1059 Cherry Ct, #101",Jersey City,NJ,07338
CUST005918,Martinez's Diner,"1850 Market Ave, Suite 100",Hartford,CT,06110
CUST005919,Jones Kitchen,"9875 Industrial Ln, Ste A",Little Rock,AR,72274
CUST005920,Casey's General Store #4600,"4193 Harbor Blvd, Suite 200",Baltimore,MD,21238
CUST005921,Sam's Club,2032 Meadow Ave,Annapolis,MD,21474
CUST005922,The Tap Room,4440 Commerce Pkwy,San Francisco,CA,94131
CUST005923,Place by Hyatt Milwaukee,6376 Park Way,Milwaukee,WI,53235
CUST005924,Place by Hyatt Richmond,"5335 Pine Pkwy, Unit B",Richmond,VA,23246
CUST005925,Doubletree by Hilton Seattle,1960 Peach Ct,Las Vegas,NV,89181
CUST005926,Ritz-Carlton New Orleans,7263 Sunset Pl,Kansas City,MO,64100
CUST005927,Houston Grill,"5693 Church Rd, #101",Houston,TX,77036
CUST005928,Sam's Club,"3282 Maple Pl, Ste A",Tampa,FL,33627
CUST005929,Best Western Boston,"6414 Park Pkwy, Suite 200",Boston,MA,02144
CUST005930,Perkins Restaurant,1607 Peach Ave,Atlanta,GA,30306
CUST005931,Raley's,"5003 Washington Dr, Unit B",Minneapolis,MN,55447
CUST005932,Cleveland Kitchen,2345 Maple Ln,Cleveland,OH,44185
CUST005933,Piggly Wiggly,"4460 Walnut Rd, Suite 200",Baltimore,MD,21220
CUST005934,Sheetz #5313,"7608 Union Ave, Ste A",Orlando,FL,32817
CUST005935,Mama Chen's Pizzeria,2736 Division Ln,Eugene,OR,97438
CUST005936,Steak 'n Shake,"2695 Walnut Dr, #101",Newark,NJ,07156
CUST005937,Ritz-Carlton New Orleans,"3803 Cedar Way, Suite 100",Los Angeles,CA,90091
CUST005938,CVS Pharmacy,4719 Commerce Pkwy,Lexington,KY,40518
CUST005939,Holiday Inn Express by IHG Anchorage,"6026 Main Pl, Suite 100",Anchorage,AK,99503
CUST005940,Rite Aid,"1383 River Ct, Ste A",Richmond,VA,23280
CUST005941,Ray's Grill,"7401 Maple Ct, #101",Salt Lake City,UT,84149
CUST005942,San Diego Brewing Co.,"2964 Church Ave, Suite 200",San Diego,CA,92111
CUST005943,Safeway,"1926 Commerce Pkwy, Ste A",Phoenix,AZ,85017
CUST005944,Park Family Restaurant,"801 Meadow Pkwy, Unit B",Orlando,FL,32876
CUST005945,The Cheesecake Factory,6912 Industrial Rd,Savannah,GA,31456
CUST005946,Papa Rizzo's,"4402 Main Ln, #101",Fargo,ND,58156
CUST005947,Garden Inn by Hilton Nashville,4914 Highland Pl,Nashville,TN,37282
CUST005948,Ritz-Carlton New Orleans,6266 Bay Pkwy,Birmingham,AL,35261
CUST005949,Romano's Tavern,"4457 Peach Ave, Suite 100",Houston,TX,77019
CUST005950,Stop & Shop,"7239 Walnut Ct, Suite 100",Jacksonville,FL,32227
CUST005951,Mama Rizzo's,"8046 Commerce Blvd, Suite 100",Tampa,FL,33603
CUST005952,The Draft House,4285 Park Pl,Burlington,VT,05493
CUST005953,CVS Pharmacy,4353 Cherry Pkwy,New Orleans,LA,70159
CUST005954,Rite Aid,3914 Cherry St,Queens,NY,11305
CUST005955,Outback Steakhouse,4246 Union Way,Oklahoma City,OK,73136
CUST005956,Mama Brown's Pizzeria,"7607 Market Pl, #101",Kansas City,MO,64174
CUST005957,Shake Shack,7178 Park Pkwy,Houston,TX,77067
CUST005958,Sam's Club,7633 Center Pkwy,Reno,NV,89599
CUST005959,Smith Family Restaurant,4685 Division Blvd,Nashville,TN,37257
CUST005960,Sonic Drive-In,"3447 Forest Blvd, Suite 100",Queens,NY,11349
CUST005961,The Cheesecake Factory,"1560 Walnut Dr, #101",Colorado Springs,CO,80929
CUST005962,Sunset Lounge,7311 Garden Pl,Tampa,FL,33628
CUST005963,Stop & Shop,4694 Lake Pkwy,Las Vegas,NV,89100
CUST005964,The Broken Spoke,"6816 River Blvd, Suite 200",Austin,TX,78734
CUST005965,Albertsons,"9901 Walnut St, Suite 200",New Orleans,LA,70167
CUST005966,Chen's Tavern,"2872 Chestnut Pkwy, Suite 100",Denver,CO,80230
CUST005967,Aldi,"7510 Peach Blvd, #101",Orlando,FL,32801
CUST005968,Chili's,2130 Cedar Blvd,Fort Worth,TX,76154
CUST005969,Choice Hotels Quality Inn Orlando,"9452 Meadow Rd, Suite 200",Orlando,FL,32866
CUST005970,Chipotle Mexican Grill,"1999 Highland Rd, Suite 200",Albuquerque,NM,87107
CUST005971,Springfield Taproom,"6492 Division Way, Ste A",Springfield,IL,62764
CUST005972,Danny's Grill,7041 Washington St,Portland,OR,97240
CUST005973,Ingles Markets,"9979 Lake Pl, Unit B",Madison,WI,53721
CUST005974,Hooters,9042 Church Dr,Honolulu,HI,96873
CUST005975,Rite Aid,"4380 Church Way, Suite 100",Colorado Springs,CO,80953
CUST005976,Choice Hotels Quality Inn Reno,2145 Walnut Way,Reno,NV,89553
CUST005977,Park Kitchen,"1248 Cedar Pkwy, #101",Birmingham,AL,35256
CUST005978,Casey's General Store #7053,"2696 Harbor Pkwy, Unit B",Phoenix,AZ,85031
CUST005979,Whole Foods Market,175 Willow Blvd,Reno,NV,89544
CUST005980,Choice Hotels Econo Lodge Oklahoma City,115 Forest Ln,Oklahoma City,OK,73144
CUST005981,Golden Corral,"977 Valley Way, Unit B",Columbia,SC,29262
CUST005982,Hy-Vee,"4108 Cherry Dr, Unit B",Columbus,OH,43217
CUST005983,Hooters,4368 Market Pkwy,Brooklyn,NY,11292
CUST005984,Kwik Trip #5656,"2596 Cedar Ln, Unit B",Springfield,IL,62799
CUST005985,Sheetz #1798,"8608 Main Blvd, Unit B",San Antonio,TX,78297
CUST005986,Louisville Diner,"7406 Industrial Blvd, Suite 100",Louisville,KY,40275
CUST005987,Perkins Restaurant,"8432 Hill St, Suite 200",Reno,NV,89584
CUST005988,Doubletree by Hilton Seattle,"6753 Magnolia Pl, Ste A",Newark,NJ,07198
CUST005989,Lidl,"208 Washington Way, Suite 200",Columbia,SC,29262
CUST005990,Wingstop,4220 Church Way,Virginia Beach,VA,23463
CUST005991,The Tap Room,3731 River Rd,Lexington,KY,40545
CUST005992,Speedway #5179,"1383 Walnut Pl, Suite 100",Baton Rouge,LA,70849
CUST005993,Albuquerque Diner,"801 Willow Way, Suite 200",Albuquerque,NM,87180
CUST005994,Detroit Bistro,"4416 Spring Pl, Ste A",Detroit,MI,48238
CUST005995,Ferreira's Liquor Store,7316 Park Rd,Phoenix,AZ,85067
CUST005996,Steak 'n Shake,7406 Peach Way,San Diego,CA,92142
CUST005997,Best Western Plus Omaha,7563 Spring Blvd,Omaha,NE,68117
CUST005998,Rizzo's Pub,7581 Hill Dr,Anchorage,AK,99518
CUST005999,Nguyen's Tavern,"6234 Cherry Ave, Ste A",Los Angeles,CA,90024
CUST006000,Fine Wine & Spirits,"7725 Chestnut Ln, Unit B",Springfield,IL,62783
CUST006001,Total Wine & More,"3635 River Way, #101",Salt Lake City,UT,84179
CUST006002,Mama Caruso's Kitchen,6827 Forest St,Wilmington,DE,19849
CUST006003,Grand by Hyatt San Antonio,2345 Maple Ln,San Antonio,TX,78249
CUST006004,Hilton Garden Inn Dallas,7146 Park Ln,Anchorage,AK,99555
CUST006005,CVS Pharmacy,"2048 Meadow Ct, Unit B",Eugene,OR,97479
CUST006006,Mama Brown's Kitchen,9502 Oak Ct,Atlanta,GA,30385
CUST006007,Dave & Buster's,"6645 Cherry Blvd, Unit B",Los Angeles,CA,90063
CUST006008,Mama Miller's Kitchen,"5044 Hill Pkwy, Unit B",Jacksonville,FL,32228
CUST006009,JW Marriott Los Angeles,"3932 Walnut Ln, Suite 100",San Diego,CA,92199
CUST006010,Texas Roadhouse,2206 Union Rd,Wilmington,DE,19854
CUST006011,7-Eleven Store #2138,6218 Forest Pl,Little Rock,AR,72267
CUST006012,Baltimore Brewing Co.,"3615 Cedar Pkwy, Suite 100",Baltimore,MD,21277
CUST006013,BJ's Wholesale Club,427 Oak Ct,Cincinnati,OH,45261
CUST006014,Old Indianapolis Tavern,6652 Pine Ct,Indianapolis,IN,46235
CUST006015,Bar Louie,"5215 Meadow Ct, Ste A",Baltimore,MD,21291
CUST006016,House by Hyatt Tucson,9588 River Dr,Tucson,AZ,85770
CUST006017,Jackson Brewing Co.,"5119 Park Rd, Ste A",Jackson,MS,39212
CUST006018,Whataburger,"559 Sunset Way, #101",Seattle,WA,98180
CUST006019,Meijer,"9247 Sunset Rd, #101",Anchorage,AK,99530
CUST006020,Johnson's BBQ,"3671 Forest St, Suite 200",Honolulu,HI,96833
CUST006021,Hy-Vee,"8457 Peach Ave, #101",Columbus,OH,43263
CUST006022,Casey's General Store #766,8721 Hill Blvd,Philadelphia,PA,19166
CUST006023,Food Lion,"7203 Willow Ln, Ste A",Baton Rouge,LA,70887
CUST006024,Place by Hyatt Albuquerque,9252 Magnolia Blvd,Albuquerque,NM,87166
CUST006025,Cheers Bar & Grill,"6616 Church Ln, Suite 100",Tucson,AZ,85761
CUST006026,Reno Brewing Co.,"321 Commerce Ave, Ste A",Reno,NV,89546
CUST006027,Perkins Restaurant,963 Commerce Ct,Kansas City,MO,64158
CUST006028,Buffalo Wild Wings,"9823 Broad Dr, Suite 100",Boston,MA,02123
CUST006029,Dave & Buster's,5645 Center St,Fargo,ND,58152
CUST006030,Old Baltimore Tavern,"5552 Cedar Rd, Suite 100",Baltimore,MD,21233
CUST006031,Nguyen's Diner,1181 Oak Pl,Sacramento,CA,95840
CUST006032,Discount Liquor Mart,"7410 Willow Way, Suite 100",San Antonio,TX,78239
CUST006033,Rite Aid,9071 Highland Pkwy,Newark,NJ,07161
CUST006034,Discount Liquor Mart,"3874 Center Dr, Suite 200",Sacramento,CA,95896
CUST006035,Casa Davis,1499 Cherry Rd,St. Paul,MN,55111
CUST006036,Casa Kim,6685 Sunset St,Providence,RI,02961
CUST006037,Brooklyn Bistro,1122 Commerce St,Brooklyn,NY,11288
CUST006038,Ramada by Wyndham Philadelphia,"8854 Center Rd, Unit B",Philadelphia,PA,19183
CUST006039,Binny's Beverage Depot,4594 Washington Pl,Kansas City,MO,64148
CUST006040,Neighborhood Bar & Grill,1156 Forest Blvd,Los Angeles,CA,90014
CUST006041,San Francisco Kitchen,9869 Market Ct,San Francisco,CA,94157
CUST006042,Rite Aid,"3021 Hill Ave, Suite 100",Colorado Springs,CO,80923
CUST006043,Safeway,3461 Valley Blvd,Kansas City,MO,64111
CUST006044,Reno Bistro,"7779 Willow Dr, Unit B",Reno,NV,89548
CUST006045,Wegmans,"8102 Main Pkwy, Unit B",Miami,FL,33131
CUST006046,Costco Wholesale,"431 Sunset Ave, Suite 200",Charleston,SC,29468
CUST006047,Wingstop,"4413 Walnut Way, Suite 100",Tulsa,OK,74105
CUST006048,Punch Bowl Social,"4666 Harbor Dr, #101",Lexington,KY,40548
CUST006049,Papa Smith's,3699 Sunset Way,Detroit,MI,48241
CUST006050,Chili's,2742 Elm Ct,Baltimore,MD,21232
CUST006051,Mama Ferreira's,8753 Main St,Baton Rouge,LA,70862
CUST006052,Costco Wholesale,9337 Cherry Pl,San Antonio,TX,78261
CUST006053,Liquor Barn,"4207 River Pkwy, Suite 200",Baltimore,MD,21215
CUST006054,LongHorn Steakhouse,"726 River St, Ste A",Burlington,VT,05497
CUST006055,Spec's Liquor,"3012 Church Blvd, Suite 100",Buffalo,NY,14202
CUST006056,St. Paul Kitchen,"3012 Cedar Ave, Suite 100",St. Paul,MN,55157
CUST006057,Mama Johnson's Pizzeria,2270 River Ct,Newark,NJ,07148
CUST006058,The Draft House,7714 Green Pl,San Antonio,TX,78220
CUST006059,Kroger,"8560 Peach Rd, Ste A",Tulsa,OK,74194
CUST006060,Costco Wholesale,"7285 Washington Pl, Suite 100",Virginia Beach,VA,23437
CUST006061,Red Lobster,"8977 Broad Pkwy, Suite 200",Queens,NY,11344
CUST006062,Chili's,2767 River Pl,Jacksonville,FL,32281
CUST006063,The New Hound,"277 Market Pkwy, Unit B",Charleston,SC,29489
CUST006064,Five Guys,9343 Maple Dr,San Francisco,CA,94117
CUST006065,The Bottle Shop,"1789 Meadow Ave, Suite 100",New Orleans,LA,70127
CUST006066,The Bull & Barrel,6291 Garden Dr,Raleigh,NC,27653
CUST006067,Five Guys,1048 Elm Ave,Worcester,MA,01697
CUST006068,Applebee's,2267 Union Pl,Indianapolis,IN,46275
CUST006069,Yard House,527 Industrial Dr,San Francisco,CA,94181
CUST006070,Kim Kitchen,"283 Pine Dr, Suite 100",Sioux Falls,SD,57107
CUST006071,Leo's Grill,2321 Center Rd,Columbus,OH,43239
CUST006072,Williams's BBQ,740 Garden Ct,Omaha,NE,68193
CUST006073,Jersey City Bistro,7668 Sunset Way,Jersey City,NJ,07342
CUST006074,Mama Smith's Kitchen,7752 Market Ave,Eugene,OR,97449
CUST006075,World of Beer,6694 Spring Pl,San Antonio,TX,78295
CUST006076,Best Western Plus Albuquerque,"434 Park Rd, Suite 200",Albuquerque,NM,87126
CUST006077,Panera Bread,"2900 Oak Blvd, Suite 100",Columbia,SC,29246
CUST006078,Sam's Club,"6053 Industrial Rd, Suite 100",Detroit,MI,48273
CUST006079,Five Guys,"8025 Pine Dr, Suite 200",Jersey City,NJ,07392
CUST006080,Down the Hatch,"1286 Harbor Dr, Suite 200",Richmond,VA,23244
CUST006081,Best Western Las Vegas,"4574 Union Pkwy, Ste A",Las Vegas,NV,89170
CUST006082,Holiday Inn Express by IHG Annapolis,9383 Center Ave,Annapolis,MD,21428
CUST006083,Sam's Club,"4470 Center Blvd, Suite 200",St. Louis,MO,63141
CUST006084,Romano's BBQ,"5378 Valley Pkwy, Suite 100",Virginia Beach,VA,23459
CUST006085,Park Kitchen,1869 Broad Way,Omaha,NE,68107
CUST006086,Papa Romano's,"2614 Magnolia Ln, Suite 100",Wilmington,DE,19888
CUST006087,Papa Brown's,"4455 Forest Way, Unit B",Cleveland,OH,44106
CUST006088,Applebee's,"5914 Maple Ct, Unit B",Hartford,CT,06185
CUST006089,Bar Louie,8612 Magnolia St,Boston,MA,02179
CUST006090,Liquor Barn,211 Cherry Ct,Raleigh,NC,27610
CUST006091,Ingles Markets,"2893 Main Pkwy, Suite 100",Madison,WI,53738
CUST006092,Days Inn by Wyndham Raleigh,"4465 Cherry Pl, #101",Raleigh,NC,27685
CUST006093,World of Beer,"7447 Cherry Ct, #101",Birmingham,AL,35284
CUST006094,The Rusty Nail,"2474 Cedar Rd, Suite 100",Wilmington,DE,19866
CUST006095,Mama DeLuca's Kitchen,"4896 Garden Pkwy, Suite 200",Cleveland,OH,44112
CUST006096,Richmond Bistro,"8809 Walnut Ct, Unit B",Richmond,VA,23290
CUST006097,Panera Bread,"580 Forest Ave, Ste A",Portland,OR,97223
CUST006098,Louisville Grill,1630 Cherry Ln,Louisville,KY,40290
CUST006099,Choice Hotels Clarion Cleveland,"9835 Forest St, #101",Cleveland,OH,44167
CUST006100,Texas Roadhouse,"7111 Commerce Rd, Suite 200",Brooklyn,NY,11250
CUST006101,CVS Pharmacy,"953 Main Rd, #101",Baltimore,MD,21231
CUST006102,Golden Corral,5876 Forest Rd,New Orleans,LA,70123
CUST006103,Liquor Barn,8565 Forest Ct,Louisville,KY,40291
CUST006104,Perkins Restaurant,7223 Center Ct,Omaha,NE,68134
CUST006105,Hooters,"9504 Valley Pl, Ste A",Honolulu,HI,96862
CUST006106,Neighborhood Bar & Grill,"6818 River Ln, #101",Tampa,FL,33635
CUST006107,World of Beer,"6495 Highland Pl, #101",Baltimore,MD,21256
CUST006108,Walgreens,"1766 Market Way, Unit B",San Antonio,TX,78251
CUST006109,The DeLuca House,"6075 Highland St, #101",Jersey City,NJ,07331
CUST006110,Springfield Kitchen,553 Willow Ave,Springfield,IL,62791
CUST006111,Esposito's Diner,"8615 Lake Ave, #101",Columbus,OH,43283
CUST006112,Winn-Dixie,9795 Broad Pkwy,Newark,NJ,07170
CUST006113,The Wilmington Grille,7040 Broad Pkwy,Wilmington,DE,19841
CUST006114,BJ's Wholesale Club,8688 Elm Ln,Jacksonville,FL,32219
CUST006115,Mama Caruso's,"2828 Lake Ave, Ste A",Portland,OR,97297
CUST006116,ampm #665,"7671 Walnut Dr, Unit B",Fort Worth,TX,76171
CUST006117,Waffle House,8104 Cherry Pkwy,Chicago,IL,60636
CUST006118,7-Eleven Store #9166,"7521 Market Rd, Suite 100",Salt Lake City,UT,84194
CUST006119,Louisville Ale House,3847 Meadow Pl,Louisville,KY,40232
CUST006120,Shake Shack,"5942 Peach Way, Suite 100",Queens,NY,11332
CUST006121,Ferreira's BBQ,"4470 Highland Pkwy, #101",Omaha,NE,68133
CUST006122,P.F. Chang's,"5154 Valley Way, Suite 100",San Francisco,CA,94131
CUST006123,The Fox & Eagle,"7951 Commerce Pkwy, Ste A",Houston,TX,77086
CUST006124,Sam's Club,4249 Cherry Pkwy,San Diego,CA,92192
CUST006125,Nashville Ale House,689 Harbor Pl,Nashville,TN,37249
CUST006126,Piggly Wiggly,9063 Green Ave,Columbia,SC,29285
CUST006127,The Rusty Nail,"7844 Chestnut Ave, Ste A",St. Paul,MN,55166
CUST006128,Holiday Inn Express by IHG Baton Rouge,"2885 Green Rd, Suite 100",Baton Rouge,LA,70891
CUST006129,Choice Hotels Clarion Oklahoma City,832 Washington Way,Oklahoma City,OK,73108
CUST006130,San Diego Grill,"6254 Highland Rd, Ste A",San Diego,CA,92126
CUST006131,Radisson Baltimore,7091 Sunset Pkwy,Baltimore,MD,21276
CUST006132,Louisville Liquors,"1063 Peach St, #101",Louisville,KY,40267
CUST006133,Corner Pocket Billiards & Bar,"9680 Highland Blvd, Unit B",Chicago,IL,60600
CUST006134,Luigi's Seafood,4932 Walnut Way,Milwaukee,WI,53233
CUST006135,Jones Family Restaurant,3314 Division Ave,Jacksonville,FL,32212
CUST006136,Garcia's Tavern,"245 Highland Pkwy, Suite 200",Miami,FL,33108
CUST006137,Rite Aid,"3019 Chestnut Ave, #101",Birmingham,AL,35269
CUST006138,The Tap Room,"3155 River St, Suite 200",Baton Rouge,LA,70820
CUST006139,Perkins Restaurant,8188 Church Way,Hartford,CT,06181
CUST006140,Memphis Brewing Co.,"4378 Elm Way, Suite 200",Memphis,TN,38131
CUST006141,ABC Fine Wine & Spirits,"9820 Peach Ct, Ste A",Salt Lake City,UT,84113
CUST006142,Stop & Shop,"751 Spring Blvd, Unit B",Baton Rouge,LA,70802
CUST006143,Austin Bistro,6818 Highland Ln,Austin,TX,78796
CUST006144,The Wolf & Bull,4935 Spring Ct,Raleigh,NC,27653
CUST006145,Vic & Bob's Steakhouse,6242 Division Pkwy,Baton Rouge,LA,70805
CUST006146,Chipotle Mexican Grill,6032 Sunset Dr,Milwaukee,WI,53227
CUST006147,Sunset Lounge,7910 Oak Rd,Honolulu,HI,96896
CUST006148,Chris's Grill,2753 Spring Pl,Tampa,FL,33651
CUST006149,Mama Johnson's,2777 Washington Blvd,Jersey City,NJ,07389
CUST006150,Whole Foods Market,"1843 Industrial Ave, Unit B",Eugene,OR,97413
CUST006151,Brown's Diner,1423 Harbor Blvd,Louisville,KY,40251
CUST006152,Binny's Beverage Depot,"6782 Willow Ct, Suite 100",Reno,NV,89584
CUST006153,Old Lexington Tavern,6043 Chestnut Pl,Lexington,KY,40572
CUST006154,Frank's Seafood,"3839 Washington Way, Ste A",Birmingham,AL,35201
CUST006155,Baton Rouge Grill,3242 Industrial Way,Baton Rouge,LA,70815
CUST006156,WinCo Foods,1745 Garden Ln,Worcester,MA,01643
CUST006157,Mama Brown's Kitchen,447 Sunset Rd,Burlington,VT,05497
CUST006158,Garcia's BBQ,5140 Bay Pl,Columbia,SC,29233
CUST006159,House by Hyatt Colorado Springs,"3826 Walnut Pkwy, Unit B",Colorado Springs,CO,80917
CUST006160,Neighborhood Bar & Grill,"137 Washington Pkwy, Suite 200",New Orleans,LA,70115
CUST006161,Casey's General Store #426,"7539 Forest Blvd, Ste A",St. Louis,MO,63140
CUST006162,Hooters,760 Oak Ave,Cleveland,OH,44172
CUST006163,Sacramento Grill,403 Broad Blvd,Sacramento,CA,95855
CUST006164,Anchorage Liquors,"6564 Spring Ct, Unit B",Anchorage,AK,99581
CUST006165,Boston Brewing Co.,7685 Union Blvd,Boston,MA,02123
CUST006166,Dave & Buster's,"4213 Lake Way, Suite 100",Richmond,VA,23219
CUST006167,Luigi's Bar & Grill,"5670 Bay Dr, Unit B",Grand Rapids,MI,49558
CUST006168,Costco Wholesale,4923 Forest Pkwy,Brooklyn,NY,11217
CUST006169,Binny's Beverage Depot,"1321 Lake Blvd, Unit B",Jacksonville,FL,32293
CUST006170,Whataburger,"4834 Meadow Ave, #101",Queens,NY,11376
CUST006171,P.F. Chang's,8659 Cedar Ct,Newark,NJ,07177
CUST006172,Mama Patel's Kitchen,"2916 Division Way, #101",Oklahoma City,OK,73109
CUST006173,Hyatt Place Denver,"3358 Magnolia Ln, Ste A",Tampa,FL,33640
CUST006174,Casa Rossi,"3863 Green Way, Ste A",Denver,CO,80209
CUST006175,San Antonio Ale House,"3900 Peach Pkwy, Suite 100",San Antonio,TX,78272
CUST006176,The Kim House,"1255 Park Ln, Unit B",Columbia,SC,29299
CUST006177,The Draft House,"7287 Walnut Way, Suite 100",Savannah,GA,31486
CUST006178,Red by Radisson Savannah,"6630 Broad Way, Suite 100",Savannah,GA,31424
CUST006179,Raising Cane's,"6168 Washington St, #101",St. Louis,MO,63131
CUST006180,Best Western Plus Omaha,9310 Broad Ct,Omaha,NE,68116
CUST006181,Premier Wine & Spirits,"611 Willow Pkwy, Unit B",Newark,NJ,07179
CUST006182,Cracker Barrel,"4351 Lake St, Suite 200",Charleston,SC,29481
CUST006183,Marriott Houston Downtown,"3936 Garden Pl, Suite 200",Springfield,IL,62754
CUST006184,Sonic Drive-In,5015 Meadow Blvd,San Antonio,TX,78235
CUST006185,Grand by Hyatt Little Rock,"2239 Harbor Rd, Unit B",Little Rock,AR,72219
CUST006186,CVS Pharmacy,"7076 Maple Rd, Suite 100",Richmond,VA,23243
CUST006187,Red Robin,"8560 Industrial Pkwy, Suite 100",San Diego,CA,92103
CUST006188,Mike & Dave's Steakhouse,"7039 Peach Way, #101",Milwaukee,WI,53208
CUST006189,Perkins Restaurant,"6807 Magnolia Ave, Ste A",Milwaukee,WI,53220
CUST006190,The Esposito House,"6009 Spring Ln, Suite 200",Salt Lake City,UT,84110
CUST006191,Cincinnati Kitchen,5944 Industrial Rd,Cincinnati,OH,45225
CUST006192,7-Eleven Store #6796,1330 Forest Blvd,Charleston,SC,29481
CUST006193,Regency by Hyatt Jackson,7185 Green Pkwy,Jackson,MS,39296
CUST006194,Old Dallas Tavern,1601 Elm Pkwy,Dallas,TX,75296
CUST006195,Outback Steakhouse,"3093 Elm Rd, Ste A",Milwaukee,WI,53250
CUST006196,The Cheesecake Factory,4570 Hill Dr,Sacramento,CA,95890
CUST006197,Chen Family Restaurant,8215 Center Pkwy,Minneapolis,MN,55477
CUST006198,Raising Cane's,4596 Maple Way,Detroit,MI,48212
CUST006199,The San Diego Grille,357 Chestnut Ave,San Diego,CA,92194
CUST006200,Costco Wholesale,7273 Main Ct,Phoenix,AZ,85005
CUST006201,Cheers Bar & Grill,5295 Forest Ave,Providence,RI,02988
CUST006202,Bar Louie,"9763 Division Blvd, Unit B",Cleveland,OH,44121
CUST006203,Raley's,"2698 Division Pl, #101",Seattle,WA,98117
CUST006204,Residence Inn by Marriott Minneapolis,"3323 Elm Pkwy, Suite 200",Minneapolis,MN,55441
CUST006205,Corner Pocket Billiards & Bar,3259 Walnut Ct,Denver,CO,80220
CUST006206,Keg Liquors,913 Main St,Burlington,VT,05450
CUST006207,Twin Peaks,"5962 Church Pkwy, #101",Nashville,TN,37245
CUST006208,Perkins Restaurant,3341 Washington Blvd,Richmond,VA,23248
CUST006209,ABC Fine Wine & Spirits,9214 Maple Ave,Louisville,KY,40281
CUST006210,The Columbia Grille,"8027 Highland Ave, Suite 200",Columbia,SC,29280
CUST006211,Staybridge Suites by IHG Tucson,1413 Meadow Ave,Tucson,AZ,85707
CUST006212,Joe's Bar & Grill,"468 Cedar Way, Unit B",Raleigh,NC,27616
CUST006213,Atlanta Tap Room,"5400 Center Blvd, Suite 200",Atlanta,GA,30304
CUST006214,Springfield Diner,7104 Magnolia Ct,Springfield,IL,62787
CUST006215,Dave & Buster's,7566 Magnolia Rd,Worcester,MA,01612
CUST006216,Whataburger,"2281 Division Ave, Ste A",Brooklyn,NY,11240
CUST006217,Romano's Liquor Store,"5496 Valley Ave, #101",Brooklyn,NY,11205
CUST006218,Texas Roadhouse,956 Forest Ln,Fort Worth,TX,76174
CUST006219,Casa Jones,"7638 Main Dr, Ste A",Phoenix,AZ,85061
CUST006220,Crowne Plaza by IHG Phoenix,7028 Elm Dr,Phoenix,AZ,85047
CUST006221,The Tap Room,"6549 Elm Way, Ste A",Jackson,MS,39283
CUST006222,Keg Liquors,"4526 Oak Dr, Suite 200",St. Paul,MN,55134
CUST006223,Blu by Radisson New York,"7114 Commerce St, #101",New York,NY,10069
CUST006224,Birmingham Grill,5358 Main Ct,Birmingham,AL,35286
CUST006225,Holiday Inn Express by IHG St. Paul,"1862 Chestnut Pkwy, #101",St. Paul,MN,55113
CUST006226,Worcester Bistro,3756 Forest Rd,Worcester,MA,01679
CUST006227,Casey's General Store #4919,9849 Lake Ln,Dallas,TX,75236
CUST006228,Grand by Hyatt Omaha,3132 Union Pkwy,Omaha,NE,68159
CUST006229,Choice Hotels Econo Lodge Austin,"7304 Cedar Ln, #101",Austin,TX,78792
CUST006230,Sonic Drive-In,"7733 Highland St, #101",St. Louis,MO,63132
CUST006231,Johnson's Diner,7468 Elm Pl,Birmingham,AL,35295
CUST006232,Golden Corral,2103 Forest Blvd,Memphis,TN,38120
CUST006233,Steak 'n Shake,"5242 Garden Pl, #101",Richmond,VA,23216
CUST006234,Orlando Kitchen,"5469 Cherry St, Suite 100",Orlando,FL,32840
CUST006235,Doubletree by Hilton Seattle,"2203 Church Ave, #101",Orlando,FL,32884
CUST006236,Raising Cane's,809 Lake Dr,Fargo,ND,58155
CUST006237,Queens Brewing Co.,"6868 River St, Unit B",Queens,NY,11359
CUST006238,Red Lobster,9990 Industrial Ln,Providence,RI,02930
CUST006239,Price Chopper,"1619 Market St, Suite 100",St. Louis,MO,63138
CUST006240,Gino's Bar & Grill,8530 Magnolia Pl,Newark,NJ,07121
CUST006241,Holiday Inn Express Boston,"4067 Broad Ave, Unit B",Tucson,AZ,85766
CUST006242,Mama Williams's Kitchen,"2431 Spring Ct, Suite 100",Portland,OR,97206
CUST006243,Five Guys,"4224 Bay Ct, Suite 200",Chicago,IL,60601
CUST006244,Cheers Bar & Grill,4711 Elm Pkwy,Cincinnati,OH,45266
CUST006245,LongHorn Steakhouse,"1465 Peach Way, Unit B",Cleveland,OH,44134
CUST006246,Charleston Grill,5601 Meadow Pkwy,Charleston,SC,29438
CUST006247,Piggly Wiggly,"796 Park Rd, #101",San Antonio,TX,78264
CUST006248,Papa Davis's,"4457 Broad Pkwy, Suite 200",Worcester,MA,01602
CUST006249,Hooters,"2566 Elm Blvd, Unit B",Columbia,SC,29285
CUST006250,Brown Family Restaurant,"632 Bay Pl, Suite 100",Indianapolis,IN,46277
CUST006251,Old Reno Tavern,6317 Washington Ave,Reno,NV,89552
CUST006252,In-N-Out Burger,830 Cedar Blvd,Jersey City,NJ,07396
CUST006253,La Quinta by Wyndham Fargo,1574 Church Ave,Fargo,ND,58178
CUST006254,Mama Ferreira's Pizzeria,"8735 Highland Dr, Suite 100",Buffalo,NY,14242
CUST006255,San Antonio Ale House,8800 Park Pl,San Antonio,TX,78255
CUST006256,Chili's,5287 Garden Ct,Albuquerque,NM,87105
CUST006257,Ritz-Carlton New Orleans,"4563 Hill Pl, Suite 100",Louisville,KY,40238
CUST006258,Four Seasons Miami,4311 Union Pkwy,Portland,OR,97279
CUST006259,Ramada by Wyndham Hartford,2685 Oak St,Hartford,CT,06131
CUST006260,Springfield Wine & Spirits,"6276 Broad Blvd, Suite 200",Springfield,IL,62776
CUST006261,Mama DeLuca's,3462 Meadow Blvd,Tucson,AZ,85772
CUST006262,Yard House,"5019 Magnolia Ct, Unit B",Virginia Beach,VA,23485
CUST006263,Kwik Trip #1465,5632 River Ct,Raleigh,NC,27655
CUST006264,Lidl,"8008 Pine Ave, Suite 200",Raleigh,NC,27600
CUST006265,Ferreira's Liquor Store,1865 Broad Way,Little Rock,AR,72270
CUST006266,ABC Fine Wine & Spirits,"4495 Union Pkwy, Suite 200",Jersey City,NJ,07381
CUST006267,CVS Pharmacy,"8847 Main Ave, #101",Providence,RI,02953
CUST006268,Place by Hyatt Dallas,4003 Highland Ave,Dallas,TX,75265
CUST006269,Chen's BBQ,"1988 Broad Blvd, #101",Burlington,VT,05477
CUST006270,Total Spirits Milwaukee,"8646 Church Blvd, Ste A",Milwaukee,WI,53252
CUST006271,Sonic Drive-In,1044 Harbor Ct,New Orleans,LA,70105
CUST006272,Love's Travel Stop #2567,"9643 Valley Pkwy, Ste A",Richmond,VA,23252
CUST006273,Mama Romano's Kitchen,"9216 Forest Blvd, Unit B",Little Rock,AR,72222
CUST006274,Smart & Final,2327 Highland Way,Savannah,GA,31416
CUST006275,Springhill Suites by Marriott Savannah,"2490 Pine Blvd, Suite 200",Savannah,GA,31422
CUST006276,Place by Hyatt Charleston,8646 Lake Pkwy,Charleston,SC,29492
CUST006277,Papa Chen's,2947 Garden Blvd,Cincinnati,OH,45205
CUST006278,Cheers Bar & Grill,3765 Industrial Ct,Lexington,KY,40561
CUST006279,Twin Peaks,6749 Commerce Pkwy,Fort Worth,TX,76110
CUST006280,Doubletree by Hilton Seattle,"2929 Park St, Ste A",Austin,TX,78715
CUST006281,Caruso's Liquor Store,8277 Main Rd,Phoenix,AZ,85004
CUST006282,Spec's Liquor,"1833 Magnolia Dr, Suite 100",Albuquerque,NM,87177
CUST006283,Loews Hotel Philadelphia,"2957 Harbor St, #101",Nashville,TN,37254
CUST006284,Tucson Taproom,279 Cedar Dr,Tucson,AZ,85740
CUST006285,Grand by Hyatt Philadelphia,"8058 Market Pl, Unit B",Philadelphia,PA,19168
CUST006286,Kona Grill,7945 Bay Ave,Salt Lake City,UT,84110
CUST006287,Caruso's Tavern,"6157 Division Pkwy, Suite 100",Raleigh,NC,27677
CUST006288,Sonic Drive-In,"834 Spring Rd, #101",Dallas,TX,75225
CUST006289,Whataburger,5175 Cherry Rd,Baton Rouge,LA,70874
CUST006290,Smith's Diner,2285 Sunset Blvd,Burlington,VT,05461
CUST006291,CVS Pharmacy,8114 River Ave,Little Rock,AR,72214
CUST006292,Red Lobster,641 Union Ln,Hartford,CT,06123
CUST006293,Hy-Vee,3901 Division Blvd,Annapolis,MD,21458
CUST006294,Hooters,7183 Maple Pkwy,Atlanta,GA,30393
CUST006295,Applebee's,5695 Valley Pkwy,New Orleans,LA,70130
CUST006296,Eugene Kitchen,"3790 Cedar St, Unit B",Eugene,OR,97468
CUST006297,The Broken Spoke,"1654 Sunset Ave, Unit B",Denver,CO,80234
CUST006298,Chicago Kitchen,3959 Garden Way,Chicago,IL,60672
CUST006299,Sonic Drive-In,4374 Commerce Pkwy,Orlando,FL,32849
CUST006300,Spec's Liquor,"5492 Sunset Pl, Suite 100",Providence,RI,02971
CUST006301,BJ's Wholesale Club,"4090 Maple Rd, Unit B",Buffalo,NY,14212
CUST006302,Jones's BBQ,"9410 Valley Dr, Ste A",Austin,TX,78750
CUST006303,The Bottle Shop,"1182 Bay Ave, Suite 100",Newark,NJ,07117
CUST006304,Love's Travel Stop #321,"3901 Meadow Blvd, Suite 100",Charleston,SC,29459
CUST006305,Giant Eagle,3332 Center Pl,Indianapolis,IN,46245
CUST006306,Winn-Dixie,"3951 Main Ln, Suite 200",Kansas City,MO,64110
CUST006307,Central Liquors,7569 Garden Ave,Indianapolis,IN,46228
CUST006308,Fargo Ale House,1431 Division St,Fargo,ND,58165
CUST006309,Providence Grill,"2057 Commerce Rd, Suite 100",Providence,RI,02936
CUST006310,Caruso Family Restaurant,"8313 Highland Ln, Suite 100",Colorado Springs,CO,80947
CUST006311,Food Lion,9503 Broad Ct,San Francisco,CA,94126
CUST006312,Panera Bread,9511 Washington Dr,San Diego,CA,92174
CUST006313,San Francisco Taproom,616 Cedar Pkwy,San Francisco,CA,94126
CUST006314,Fine Wine & Spirits,"3321 Cherry Dr, Suite 100",Colorado Springs,CO,80983
CUST006315,Sports Page Bar,8799 Union Way,Nashville,TN,37292
CUST006316,Raising Cane's,"9784 Commerce Ln, Unit B",Seattle,WA,98167
CUST006317,Panera Bread,1574 Washington Ave,Birmingham,AL,35292
CUST006318,BJ's Wholesale Club,"4285 Pine Pl, Suite 100",Wilmington,DE,19819
CUST006319,Richmond Tap Room,"5055 Broad Dr, #101",Richmond,VA,23261
CUST006320,Total Wine & More,"2178 Lake Ct, Suite 200",Anchorage,AK,99542
CUST006321,Miami Bottle Shop,5039 Washington Blvd,Miami,FL,33166
CUST006322,Perkins Restaurant,1714 Center Ave,Pittsburgh,PA,15299
CUST006323,The Broken Spoke,"4132 Bay Pkwy, Ste A",New Orleans,LA,70198
CUST006324,Corner Pocket Billiards & Bar,3628 Union Rd,Seattle,WA,98175
CUST006325,The Tap Room,5713 Center Rd,Anchorage,AK,99588
CUST006326,La Quinta by Wyndham Lexington,1588 Park Dr,Lexington,KY,40555
CUST006327,Mama Patel's Pizzeria,4003 Hill Ave,Charlotte,NC,28235
CUST006328,Cheers Bar & Grill,"2143 Chestnut Blvd, Suite 100",San Antonio,TX,78232
CUST006329,Total Wine & More,8457 Highland Ln,Columbia,SC,29236
CUST006330,Shake Shack,2847 Magnolia Rd,Memphis,TN,38185
CUST006331,The Tap Room,"6289 Church Dr, Unit B",Tucson,AZ,85756
CUST006332,Binny's Beverage Depot,1440 Union Dr,Chicago,IL,60658
CUST006333,Crowne Plaza by IHG Wilmington,"8382 Chestnut Dr, Ste A",Wilmington,DE,19841
CUST006334,Red by Radisson Kansas City,"8126 Highland Pl, Ste A",Kansas City,MO,64170
CUST006335,Anna & Jimmy's Steakhouse,1068 Park Pkwy,Baton Rouge,LA,70845
CUST006336,Fine Wine & Spirits,4126 Willow Pl,Las Vegas,NV,89142
CUST006337,Binny's Beverage Depot,"6439 Green Dr, Ste A",Eugene,OR,97473
CUST006338,Rossi's BBQ,"7593 Cherry Ave, Ste A",Newark,NJ,07118
CUST006339,Johnson Kitchen,"2282 Sunset Way, Unit B",Albuquerque,NM,87114
CUST006340,Pilot Flying J #8333,"1318 Cherry Dr, Unit B",Houston,TX,77007
CUST006341,The Rusty Nail,4897 Hill Way,Cincinnati,OH,45288
CUST006342,Whole Foods Market,"7982 Harbor Dr, Unit B",Little Rock,AR,72242
CUST006343,Virginia Beach Diner,1885 Forest Blvd,Virginia Beach,VA,23463
CUST006344,GetGo #3593,711 Valley St,Boston,MA,02136
CUST006345,Holiday Inn Express by IHG New Orleans,4149 Magnolia Ct,New Orleans,LA,70119
CUST006346,Raising Cane's,"8642 Meadow Ave, Suite 200",Nashville,TN,37280
CUST006347,Milwaukee Wine & Spirits,7455 Sunset Dr,Milwaukee,WI,53206
CUST006348,Yard House,4902 Pine Ct,Reno,NV,89530
CUST006349,Steak 'n Shake,4671 Lake Ct,Austin,TX,78768
CUST006350,Loews Hotel Philadelphia,2318 Broad Dr,Brooklyn,NY,11234
CUST006351,Mama Nguyen's Kitchen,423 Maple Ave,Austin,TX,78767
CUST006352,Red Robin,4090 Elm Dr,Annapolis,MD,21457
CUST006353,HEB,4384 Spring Way,Columbia,SC,29287
CUST006354,Pilot Flying J #9086,5410 Elm St,Birmingham,AL,35281
CUST006355,Casa Ferreira,9100 Union Pkwy,Cincinnati,OH,45221
CUST006356,Walgreens,"7038 Harbor Pkwy, Unit B",Oklahoma City,OK,73122
CUST006357,Bill & Anna's Steakhouse,"2811 Lake Blvd, Ste A",Providence,RI,02941
CUST006358,Red Robin,"2058 Forest Ave, Ste A",Richmond,VA,23295
CUST006359,Safeway,"2668 Division Pl, Ste A",Worcester,MA,01662
CUST006360,Mama Rizzo's,"5919 Meadow Ct, #101",Raleigh,NC,27613
CUST006361,Chipotle Mexican Grill,"1463 Hill Ln, Suite 200",Omaha,NE,68148
CUST006362,The Wild Stool,2594 Oak Ct,Cincinnati,OH,45221
CUST006363,Kim's Tavern,1060 Chestnut Pl,Boston,MA,02119
CUST006364,Cracker Barrel,2915 Maple Dr,Memphis,TN,38177
CUST006365,P.F. Chang's,9323 Lake Ave,Raleigh,NC,27630
CUST006366,The Broken Spoke,"7015 River Ave, Ste A",Kansas City,MO,64163
CUST006367,The Tap Room,2837 Meadow St,Orlando,FL,32847
CUST006368,Garden Inn by Hilton Indianapolis,"266 Main Ct, Suite 200",Indianapolis,IN,46273
CUST006369,The Fargo Grille,9954 Meadow Ct,Fargo,ND,58124
CUST006370,Mama Williams's Kitchen,8753 Green Pkwy,San Francisco,CA,94145
CUST006371,Total Wine & More,7717 Valley Way,Wilmington,DE,19844
CUST006372,Fairfield Inn by Marriott Jersey City,5812 Cedar Pkwy,Jersey City,NJ,07380
CUST006373,The Bottle Shop,6055 Cherry St,Denver,CO,80264
CUST006374,Staybridge Suites by IHG Spokane,3056 Washington Pl,Spokane,WA,99233
CUST006375,Old Jackson Tavern,"2738 Washington St, #101",Jackson,MS,39285
CUST006376,Tom's Bar & Grill,711 Garden Ct,Buffalo,NY,14272
CUST006377,Love's Travel Stop #3762,"2152 Market Way, #101",Seattle,WA,98181
CUST006378,Corner Pocket Billiards & Bar,"2772 Elm Dr, Suite 100",San Antonio,TX,78292
CUST006379,LongHorn Steakhouse,"9572 Cherry Blvd, Suite 200",Albuquerque,NM,87153
CUST006380,Keg Liquors,"2975 Market Ave, Ste A",Memphis,TN,38170
CUST006381,TGI Fridays,8930 Walnut Ct,Wilmington,DE,19850
CUST006382,Walgreens,"1512 Union Ct, #101",Memphis,TN,38186
CUST006383,The Bottle Shop,"9640 Pine Blvd, Suite 100",Albuquerque,NM,87195
CUST006384,In-N-Out Burger,8057 Market Pl,Phoenix,AZ,85054
CUST006385,Keg Liquors,"9411 Bay Pkwy, Suite 100",Houston,TX,77034
CUST006386,The Amber Eagle,"1517 Elm Rd, #101",Los Angeles,CA,90084
CUST006387,Raising Cane's,"1486 Main Blvd, Suite 200",Jersey City,NJ,07324
CUST006388,Old Baltimore Tavern,"3781 Commerce Way, Suite 200",Baltimore,MD,21283
CUST006389,Old Tulsa Tavern,"779 Church Pkwy, #101",Tulsa,OK,74150
CUST006390,Baltimore Brewing Co.,4562 Walnut Pkwy,Baltimore,MD,21217
CUST006391,Cheers Bar & Grill,"6070 Willow Pkwy, Suite 100",Sacramento,CA,95804
CUST006392,Circle K #6766,"5010 Broad Ct, Ste A",Colorado Springs,CO,80990
CUST006393,Denny's,"1931 Church St, Unit B",New Orleans,LA,70174
CUST006394,Choice Hotels Econo Lodge Grand Rapids,5181 Forest Ct,Grand Rapids,MI,49540
CUST006395,Raley's,6012 Broad Way,Sioux Falls,SD,57171
CUST006396,Liquor Barn,1290 Maple Ln,Brooklyn,NY,11249
CUST006397,Super 8 by Wyndham Charleston,8674 Spring Ln,Charleston,SC,29414
CUST006398,Speedway #9740,7636 Park Dr,Honolulu,HI,96880
CUST006399,Choice Hotels Quality Inn Detroit,1436 Walnut Pkwy,Detroit,MI,48299
CUST006400,Hy-Vee,3107 Elm Rd,Phoenix,AZ,85090
CUST006401,Main Street Liquors,"9229 Highland Rd, Suite 200",Brooklyn,NY,11292
CUST006402,Davis Kitchen,6974 Peach Way,Jacksonville,FL,32268
CUST006403,Staybridge Suites by IHG Queens,"7252 Washington Dr, Unit B",Queens,NY,11344
CUST006404,Binny's Beverage Depot,"9241 Main Rd, Suite 100",New York,NY,10057
CUST006405,Oklahoma City Bottle Shop,"8412 Oak Pkwy, Suite 200",Oklahoma City,OK,73129
CUST006406,Nguyen's Tavern,5666 Chestnut Dr,Salt Lake City,UT,84156
CUST006407,Casa DeLuca,"9199 Peach Ln, #101",San Antonio,TX,78260
CUST006408,Super 8 by Wyndham Raleigh,2356 Valley Pl,Raleigh,NC,27633
CUST006409,Ingles Markets,5903 Elm Pkwy,San Diego,CA,92175
CUST006410,Wawa #6170,"9871 Elm Pl, #101",Eugene,OR,97472
CUST006411,Choice Hotels Comfort Inn Baltimore,9358 Market Dr,Baltimore,MD,21251
CUST006412,Park's Pub,6602 Spring Pkwy,Richmond,VA,23235
CUST006413,Old Spokane Tavern,7678 Main Ct,Spokane,WA,99236
CUST006414,Mama Romano's Pizzeria,7620 Harbor Way,Baton Rouge,LA,70826
CUST006415,Ingles Markets,731 Cedar Pl,Portland,OR,97286
CUST006416,Mama Brown's Pizzeria,"6084 Meadow Ct, Suite 100",Boston,MA,02192
CUST006417,Cheers Bar & Grill,1397 Chestnut Ln,Houston,TX,77037
CUST006418,IHOP,"6307 Willow Way, Suite 100",Seattle,WA,98149
CUST006419,Smith's Tavern,1260 Meadow Blvd,Austin,TX,78751
CUST006420,Courtyard by Marriott Chicago,6200 Market Rd,Denver,CO,80295
CUST006421,Annapolis Diner,1379 Commerce Pl,Annapolis,MD,21430
CUST006422,Keg Liquors,"4956 Pine Blvd, Ste A",Philadelphia,PA,19139
CUST006423,BevMo,6340 Bay Pl,Los Angeles,CA,90034
CUST006424,Jim's Seafood,9249 Pine Ln,Springfield,IL,62735
CUST006425,Joe's Grill,"7449 Willow Rd, Unit B",Houston,TX,77083
CUST006426,Applebee's,2909 Sunset Pl,Salt Lake City,UT,84155
CUST006427,Mama Park's,6855 Division Dr,Omaha,NE,68131
CUST006428,Perkins Restaurant,6640 Oak Way,Oklahoma City,OK,73189
CUST006429,Food Lion,"3630 Forest St, Suite 100",Anchorage,AK,99522
CUST006430,Courtyard by Marriott Chicago,5576 Garden Pkwy,Sacramento,CA,95885
CUST006431,Holiday Inn by IHG Oklahoma City,"9202 Meadow Blvd, Suite 200",Oklahoma City,OK,73140
CUST006432,The Broken Spoke,9334 Hill Dr,Seattle,WA,98117
CUST006433,Holiday Inn Express by IHG Tampa,"2230 Commerce Ln, Suite 100",Tampa,FL,33686
CUST006434,Texas Roadhouse,6096 Market Blvd,Oklahoma City,OK,73169
CUST006435,Yard House,"8182 Division Ln, Ste A",Chicago,IL,60613
CUST006436,Whataburger,"8372 Meadow St, #101",Minneapolis,MN,55457
CUST006437,The Draft House,"5835 Center St, Suite 200",Boston,MA,02180
CUST006438,The Draft House,3363 Bay Ave,Cincinnati,OH,45265
CUST006439,Bar Louie,"658 Chestnut Blvd, Suite 200",Savannah,GA,31405
CUST006440,Springhill Suites by Marriott Cleveland,"316 Willow Pkwy, #101",Cleveland,OH,44180
CUST006441,Radisson Columbus,7233 Cherry Ave,Columbus,OH,43212
CUST006442,Cheers Bar & Grill,"275 Peach Rd, Ste A",Anchorage,AK,99570
CUST006443,Five Guys,6373 Valley Dr,Baton Rouge,LA,70872
CUST006444,LongHorn Steakhouse,"4517 Market Blvd, #101",St. Louis,MO,63191
CUST006445,Twin Peaks,1344 Valley Ct,Jackson,MS,39214
CUST006446,Rosa's Seafood,"3731 Green Ln, Suite 100",Albuquerque,NM,87115
CUST006447,Staybridge Suites by IHG Philadelphia,"8240 Maple Way, #101",Philadelphia,PA,19170
CUST006448,Fairfield Inn by Marriott New York,7139 Hill Rd,New York,NY,10053
CUST006449,Esposito Kitchen,"2814 Pine Way, Suite 200",Nashville,TN,37246
CUST006450,Sheetz #5825,5112 Chestnut Pl,New Orleans,LA,70144
CUST006451,Premier Wine & Spirits,"2087 Oak Pl, Suite 200",Baton Rouge,LA,70871
CUST006452,Ingles Markets,9384 Commerce Ave,Phoenix,AZ,85016
CUST006453,Down the Hatch,1406 Elm Dr,Fargo,ND,58100
CUST006454,CVS Pharmacy,8893 Lake St,Philadelphia,PA,19148
CUST006455,Hooters,"3576 River St, Ste A",Jacksonville,FL,32241
CUST006456,Dave & Buster's,"858 Elm Ln, Suite 200",Worcester,MA,01689
CUST006457,Dave & Buster's,"1638 Bay Rd, #101",Wilmington,DE,19848
CUST006458,The Cheesecake Factory,6224 Cedar Blvd,Louisville,KY,40206
CUST006459,Cheers Bar & Grill,"2938 Garden Dr, Suite 200",Sacramento,CA,95885
CUST006460,CVS Pharmacy,3520 Industrial Blvd,Portland,OR,97299
CUST006461,Mama Smith's Pizzeria,"8959 Highland Dr, Suite 200",Memphis,TN,38194
CUST006462,BevMo,"1573 Maple St, Suite 200",Fort Worth,TX,76185
CUST006463,Reno Grill,"5600 Main Way, Suite 100",Reno,NV,89587
CUST006464,World of Beer,7477 Lake Blvd,Kansas City,MO,64137
CUST006465,Premier Wine & Spirits,"3883 Forest Ave, Ste A",Eugene,OR,97403
CUST006466,Brown's Pub,5482 Spring Pkwy,Charlotte,NC,28223
CUST006467,Wegmans,"9323 Magnolia Ct, Suite 100",Worcester,MA,01658
CUST006468,Kroger,5145 Forest Dr,Colorado Springs,CO,80912
CUST006469,Smith's Diner,"7350 Harbor Blvd, Suite 200",Spokane,WA,99298
CUST006470,Applebee's,3501 Hill Ct,Raleigh,NC,27633
CUST006471,Binny's Beverage Depot,"9023 Commerce St, Ste A",Nashville,TN,37224
CUST006472,Main Street Liquors,3355 Garden St,Denver,CO,80255
CUST006473,Corner Pocket Billiards & Bar,1916 Commerce Way,Jacksonville,FL,32212
CUST006474,Romano's Diner,"8346 Green Blvd, Unit B",Newark,NJ,07115
CUST006475,Mama Nguyen's Kitchen,"3441 Bay Rd, #101",Atlanta,GA,30321
CUST006476,P.F. Chang's,"5098 Union Ln, #101",Savannah,GA,31496
CUST006477,Nguyen's Pub,543 Green Pl,Kansas City,MO,64141
CUST006478,Central Liquors,6391 Spring Blvd,Raleigh,NC,27635
CUST006479,Hooters,1499 Chestnut Ave,Grand Rapids,MI,49588
CUST006480,Garden Inn by Hilton Miami,"3720 Market Way, Ste A",Miami,FL,33116
CUST006481,Fairfield Inn by Marriott Tampa,1620 Elm Rd,Tampa,FL,33698
CUST006482,Applebee's,"1816 Main Ct, Suite 200",Salt Lake City,UT,84144
CUST006483,Wegmans,"8878 Peach Way, Suite 100",Sioux Falls,SD,57113
CUST006484,Hooters,3895 Green St,Tampa,FL,33630
CUST006485,Spec's Liquor,8452 Willow St,Sioux Falls,SD,57119
CUST006486,Panera Bread,"8964 Main Blvd, Unit B",Jacksonville,FL,32230
CUST006487,Central Liquors,4841 Main Ln,Denver,CO,80201
CUST006488,The Golden Hound,"6480 Willow Pl, #101",Philadelphia,PA,19137
CUST006489,Five Guys,"5965 River Way, #101",Miami,FL,33190
CUST006490,Meijer,"7027 Chestnut Ave, Unit B",San Francisco,CA,94192
CUST006491,Chipotle Mexican Grill,367 Market Ln,Memphis,TN,38175
CUST006492,Price Chopper,"6211 Bay Pkwy, #101",Charlotte,NC,28272
CUST006493,Ferreira's Tavern,4982 Garden Rd,Queens,NY,11372
CUST006494,Gino's Seafood,380 Green Pkwy,Madison,WI,53777
CUST006495,The Cheesecake Factory,"5194 Cedar Pkwy, Unit B",Virginia Beach,VA,23413
CUST006496,Red Lobster,3650 Valley St,Charlotte,NC,28215
CUST006497,Phil's Grill,3162 Highland Dr,St. Paul,MN,55167
CUST006498,Papa Ferreira's,9627 Elm Way,Newark,NJ,07147
CUST006499,Super 8 by Wyndham Providence,"9010 Bay Ln, Unit B",Providence,RI,02979
CUST006500,The Broken Spoke,"3018 Meadow Blvd, Unit B",Jackson,MS,39259
CUST006501,San Francisco Bottle Shop,8498 Pine Dr,San Francisco,CA,94149
CUST006502,The Cheesecake Factory,"9999 Forest Ct, Suite 100",Orlando,FL,32849
CUST006503,Papa Kim's,4721 Oak Ln,Jackson,MS,39242
CUST006504,Trader Joe's,"2955 Elm Rd, Suite 100",Portland,OR,97221
CUST006505,Liquor Barn,"3200 Elm Rd, Suite 200",Virginia Beach,VA,23460
CUST006506,Stater Bros.,1470 Sunset Pl,Buffalo,NY,14213
CUST006507,Smith's Tavern,"4099 Meadow Way, #101",Louisville,KY,40244
CUST006508,P.F. Chang's,"1090 Pine Ct, Unit B",Minneapolis,MN,55416
CUST006509,Costco Wholesale,276 Walnut Rd,Tucson,AZ,85780
CUST006510,DeLuca Kitchen,"6234 Washington Pkwy, Unit B",Milwaukee,WI,53241
CUST006511,Punch Bowl Social,939 Commerce Dr,New York,NY,10056
CUST006512,Mama Esposito's Kitchen,4687 Walnut Blvd,Phoenix,AZ,85089
CUST006513,The Cheesecake Factory,8012 Washington Pl,New York,NY,10006
CUST006514,Costco Wholesale,"2323 Market Ct, Ste A",Fargo,ND,58105
CUST006515,7-Eleven Store #5120,"5419 Spring Dr, Suite 200",Pittsburgh,PA,15266
CUST006516,Sunset Lounge,"7075 Willow Rd, Ste A",Philadelphia,PA,19149
CUST006517,Mama Miller's,1445 Valley Dr,Omaha,NE,68199
CUST006518,Rossi's Tavern,331 Elm Ave,Burlington,VT,05402
CUST006519,Casey's General Store #8980,1902 Lake Pkwy,Charlotte,NC,28214
CUST006520,Wegmans,"9337 Church Ct, Suite 200",Spokane,WA,99258
CUST006521,Marco & Leo's Steakhouse,"4069 River Pl, Ste A",Philadelphia,PA,19163
CUST006522,Perkins Restaurant,"9804 Main Rd, Ste A",Eugene,OR,97438
CUST006523,Sunset Lounge,"1565 Oak Ct, #101",Charlotte,NC,28252
CUST006524,Park Family Restaurant,"1671 Division Pkwy, Unit B",Louisville,KY,40243
CUST006525,Chipotle Mexican Grill,"1261 Meadow Pl, Suite 200",Lexington,KY,40505
CUST006526,Grand by Hyatt Portland,"2745 Sunset Ln, Unit B",Portland,OR,97252
CUST006527,Wingstop,3877 Division Ln,Dallas,TX,75238
CUST006528,Keg Liquors,2139 Highland Ave,Richmond,VA,23279
CUST006529,Walgreens,3367 Market Dr,Little Rock,AR,72270
CUST006530,Raising Cane's,711 Union Rd,Reno,NV,89582
CUST006531,The Rail & Pint,"5812 Forest Rd, #101",Miami,FL,33133
CUST006532,Discount Liquor Mart,"3512 Market Ave, #101",Atlanta,GA,30337
CUST006533,Carlos's Seafood,"7323 Industrial Dr, Unit B",Springfield,IL,62729
CUST006534,Dave & Buster's,2471 Maple Ln,Baton Rouge,LA,70845
CUST006535,Blu by Radisson Boston,"2403 Pine Ln, Ste A",Boston,MA,02169
CUST006536,Publix,"7307 Elm Rd, Unit B",Wilmington,DE,19889
CUST006537,La Quinta by Wyndham Indianapolis,5815 Green Ct,Indianapolis,IN,46274
CUST006538,GetGo #1510,"8124 Broad Pl, Ste A",Savannah,GA,31460
CUST006539,Total Spirits Little Rock,"4515 Main Ct, Unit B",Little Rock,AR,72289
CUST006540,Tucson Bistro,7314 River Ct,Tucson,AZ,85791
CUST006541,Total Wine & More,9208 Walnut Rd,Dallas,TX,75262
CUST006542,The Golden Tap,"3355 Sunset Pl, Suite 100",Louisville,KY,40213
CUST006543,Dave & Buster's,"6372 Garden Pkwy, Unit B",Reno,NV,89566
CUST006544,Down the Hatch,"1212 Green Rd, Ste A",Charleston,SC,29425
CUST006545,Holiday Inn Express by IHG Chicago,"7432 Washington Pl, Unit B",Chicago,IL,60620
CUST006546,The Royal Stool,7826 Chestnut Blvd,Austin,TX,78785
CUST006547,Annapolis Tap Room,"2624 Union Pkwy, #101",Annapolis,MD,21472
CUST006548,Food Lion,3299 Cedar Pkwy,Virginia Beach,VA,23497
CUST006549,The Nguyen House,7645 Union Way,Fort Worth,TX,76198
CUST006550,Texas Roadhouse,9179 Industrial Ct,Baton Rouge,LA,70827
CUST006551,Raising Cane's,2915 Lake Blvd,Dallas,TX,75265
CUST006552,Miller's Diner,3435 Bay Pl,Fort Worth,TX,76133
CUST006553,Johnson Family Restaurant,7466 Green Ln,New York,NY,10050
CUST006554,Park's Pub,9618 Pine Pl,Madison,WI,53707
CUST006555,Marriott Houston Downtown,4076 Chestnut Ln,Hartford,CT,06107
CUST006556,Super 8 by Wyndham Memphis,"3460 Park Dr, Unit B",Memphis,TN,38130
CUST006557,Olive Garden,6640 Industrial Blvd,Madison,WI,53758
CUST006558,Ray & Tony's Steakhouse,4931 Willow Ln,Boston,MA,02121
CUST006559,Outback Steakhouse,"7972 Garden Ct, Suite 100",Queens,NY,11323
CUST006560,Walgreens,6499 Center St,Jersey City,NJ,07345
CUST006561,Buffalo Wild Wings,"6648 Harbor Way, Suite 100",Detroit,MI,48258
CUST006562,Hy-Vee,"5195 River Ave, #101",Charleston,SC,29401
CUST006563,Springhill Suites by Marriott Columbia,"6213 Garden Ln, Unit B",Columbia,SC,29210
CUST006564,Mama Park's,3022 River Blvd,Miami,FL,33153
CUST006565,Kwik Trip #8858,"1232 Walnut St, Suite 200",Louisville,KY,40212
CUST006566,Birmingham Ale House,"5267 Cherry Rd, Unit B",Birmingham,AL,35268
CUST006567,DeLuca's BBQ,"2969 Lake Pkwy, Unit B",Fort Worth,TX,76114
CUST006568,Love's Travel Stop #955,"2692 Maple Pl, Suite 100",Tucson,AZ,85736
CUST006569,Springhill Suites by Marriott Sioux Falls,8108 Commerce St,Sioux Falls,SD,57155
CUST006570,Martinez Family Restaurant,1663 Garden Blvd,Portland,OR,97253
CUST006571,The Broken Spoke,8749 Broad Dr,Anchorage,AK,99519
CUST006572,The Draft House,227 Maple Ln,Buffalo,NY,14266
CUST006573,Mama Nguyen's Kitchen,1667 Commerce Pkwy,Dallas,TX,75274
CUST006574,Best Western Plus Fargo,8175 Oak Pkwy,Fargo,ND,58107
CUST006575,HEB,"4807 Harbor St, Unit B",San Diego,CA,92105
CUST006576,Williams's Liquor Store,6972 Division Dr,Tucson,AZ,85755
CUST006577,Brown's Diner,6262 Center Way,St. Louis,MO,63173
CUST006578,JW Marriott Los Angeles,"9949 Lake Ct, Unit B",Colorado Springs,CO,80970
CUST006579,Springhill Suites by Marriott Spokane,"7836 Park Ave, Unit B",Spokane,WA,99242
CUST006580,Casa Nguyen,8228 Willow Pkwy,Seattle,WA,98121
CUST006581,Whole Foods Market,990 River Pkwy,Jersey City,NJ,07303
CUST006582,BJ's Wholesale Club,6663 Lake Rd,Las Vegas,NV,89161
CUST006583,Safeway,852 River Ln,Reno,NV,89595
CUST006584,Marriott Houston Downtown,"360 Peach Ln, #101",Worcester,MA,01634
CUST006585,Dave & Buster's,"1621 Elm St, Suite 100",Milwaukee,WI,53217
CUST006586,The New York Grille,"8035 Commerce Pl, Suite 200",New York,NY,10070
CUST006587,Speedway #4728,7878 Union Pkwy,Anchorage,AK,99517
CUST006588,Premier Wine & Spirits,"522 Park Pl, Suite 100",St. Louis,MO,63154
CUST006589,Courtyard by Marriott Chicago,"3976 Park Ln, #101",Spokane,WA,99252
CUST006590,Hampton Inn Nashville,1343 Valley St,Atlanta,GA,30372
CUST006591,The Bottle Shop,4358 Center Ln,Anchorage,AK,99598
CUST006592,Colorado Springs Grill,"1337 Chestnut Way, Suite 100",Colorado Springs,CO,80958
CUST006593,7-Eleven Store #5067,7375 Pine Blvd,Little Rock,AR,72289
CUST006594,Jones's BBQ,"6610 Walnut Rd, Ste A",Pittsburgh,PA,15272
CUST006595,Worcester Ale House,"983 Peach St, Suite 100",Worcester,MA,01611
CUST006596,The Tap Room,"2830 Union Way, #101",Fargo,ND,58198
CUST006597,Mama Martinez's Pizzeria,6535 Peach Rd,Charlotte,NC,28273
CUST006598,Waffle House,"6820 Green Way, Ste A",Spokane,WA,99229
CUST006599,Spec's Liquor,"2136 Church Way, Unit B",Charlotte,NC,28221
CUST006600,Mama Kim's Pizzeria,3571 Market Blvd,Sioux Falls,SD,57188
CUST006601,Brooklyn Wine & Spirits,"3121 Meadow Ln, #101",Brooklyn,NY,11254
CUST006602,Little Rock Bistro,9975 Garden Ct,Little Rock,AR,72203
CUST006603,Old Worcester Tavern,"6723 Sunset St, Suite 100",Worcester,MA,01667
CUST006604,BJ's Wholesale Club,"1742 Lake Ct, #101",Worcester,MA,01604
CUST006605,Red Lobster,"6815 Market Rd, Ste A",Jackson,MS,39213
CUST006606,Casa Romano,"5264 Meadow Pkwy, Suite 100",Anchorage,AK,99597
CUST006607,Radisson Hartford,7006 Oak Ln,Hartford,CT,06199
CUST006608,Columbus Taproom,8574 Hill Ct,Columbus,OH,43293
CUST006609,Regency by Hyatt Sioux Falls,3589 Magnolia Dr,Sioux Falls,SD,57198
CUST006610,Rite Aid,"7346 Market Ct, Ste A",Columbia,SC,29252
CUST006611,Texas Roadhouse,"2910 Park Way, Suite 200",Richmond,VA,23270
CUST006612,Holiday Inn Express by IHG Columbia,"7637 Maple Dr, #101",Columbia,SC,29280
CUST006613,Kroger,"8879 Lake Dr, #101",Baton Rouge,LA,70892
CUST006614,Nick's Seafood,7157 Sunset Dr,Grand Rapids,MI,49556
CUST006615,Choice Hotels Clarion Burlington,"9361 Highland Blvd, Suite 100",Burlington,VT,05489
CUST006616,Shake Shack,9141 Meadow Rd,Baton Rouge,LA,70834
CUST006617,CVS Pharmacy,"418 Pine Rd, Unit B",Albuquerque,NM,87176
CUST006618,Papa Johnson's,"5068 Church Ct, Suite 100",Hartford,CT,06112
CUST006619,Annapolis Bistro,"244 Industrial Ln, #101",Annapolis,MD,21429
CUST006620,Marketview Liquor,"3831 River Ct, Ste A",Orlando,FL,32804
CUST006621,Fort Worth Diner,"5910 Park Blvd, Unit B",Fort Worth,TX,76136
CUST006622,DoubleTree by Hilton Charlotte,"8387 Sunset Ct, Suite 200",Charlotte,NC,28210
CUST006623,Chipotle Mexican Grill,"9560 Highland St, #101",St. Louis,MO,63126
CUST006624,Holiday Inn Express by IHG Fargo,5256 Magnolia St,Fargo,ND,58161
CUST006625,House by Hyatt Las Vegas,"1219 Industrial Ln, #101",Las Vegas,NV,89158
CUST006626,Chen's Liquor Store,"6346 Spring Pl, #101",Reno,NV,89521
CUST006627,BJ's Wholesale Club,4544 Green St,Phoenix,AZ,85039
CUST006628,Old Madison Tavern,"3595 Cherry Blvd, Suite 100",Madison,WI,53716
CUST006629,Tucson Bistro,8584 Cedar Blvd,Tucson,AZ,85715
CUST006630,Olive Garden,3546 Hill Way,Sacramento,CA,95819
CUST006631,Old Jacksonville Tavern,3122 Oak Ct,Jacksonville,FL,32206
CUST006632,Steak 'n Shake,7217 Union Ave,Burlington,VT,05418
CUST006633,Holiday Inn Express Boston,"9549 Center Pkwy, Suite 100",Hartford,CT,06106
CUST006634,Casa Rossi,"5195 Park Blvd, Unit B",Queens,NY,11396
CUST006635,Waffle House,"6955 Union Way, Suite 200",Jackson,MS,39222
CUST006636,Jones's BBQ,9401 Elm Way,Tampa,FL,33625
CUST006637,Romano's Liquor Store,"3283 Peach Ln, Suite 200",Baltimore,MD,21273
CUST006638,The Tap Room,"7088 Maple Ct, #101",Honolulu,HI,96864
CUST006639,Kona Grill,"5574 Broad Pkwy, #101",Providence,RI,02985
CUST006640,Sam's Club,"4858 Forest Rd, Suite 100",Fargo,ND,58115
CUST006641,Shake Shack,4738 Industrial St,Spokane,WA,99293
CUST006642,Blu by Radisson New York,"957 Industrial Way, Suite 200",New York,NY,10055
CUST006643,Hooters,4860 Main St,Nashville,TN,37299
CUST006644,Costco Wholesale,8516 Cherry Blvd,Charleston,SC,29425
CUST006645,Hyatt Place Denver,"1251 Highland Dr, Ste A",Brooklyn,NY,11269
CUST006646,Chipotle Mexican Grill,8407 Commerce Pl,Columbus,OH,43242
CUST006647,BJ's Wholesale Club,"8055 Hill Dr, #101",Worcester,MA,01664
CUST006648,Esposito's BBQ,"390 Hill Ct, Unit B",Worcester,MA,01612
CUST006649,Casa Caruso,7734 Cherry Pl,Tucson,AZ,85701
CUST006650,Five Guys,"4111 Meadow Pkwy, Unit B",Tucson,AZ,85797
CUST006651,Red Robin,227 Broad Way,Los Angeles,CA,90047
CUST006652,The Patel House,"2444 Union Ct, Suite 200",Colorado Springs,CO,80987
CUST006653,Bob Evans,9932 Elm Ln,Seattle,WA,98145
CUST006654,Sonic Drive-In,"2050 Chestnut Pl, Unit B",Cincinnati,OH,45268
CUST006655,Whataburger,"9687 Bay Way, Ste A",Jackson,MS,39258
CUST006656,Miller's Liquor Store,"6587 Broad Pkwy, Suite 200",Spokane,WA,99273
CUST006657,Chili's,"2392 Church Way, Suite 100",Grand Rapids,MI,49513
CUST006658,Staybridge Suites by IHG Detroit,6817 Magnolia Ln,Detroit,MI,48221
CUST006659,Aldi,2924 Broad Pkwy,Hartford,CT,06104
CUST006660,Cheers Bar & Grill,"1437 Oak Ave, #101",Brooklyn,NY,11208
CUST006661,Jim's Bar & Grill,"417 Magnolia Way, Unit B",Albuquerque,NM,87165
CUST006662,Buffalo Wild Wings,"1293 Willow Ln, Unit B",Providence,RI,02999
CUST006663,Virginia Beach Grill,"2744 Walnut Ln, Unit B",Virginia Beach,VA,23418
CUST006664,Red Lobster,"4668 Market Ave, Suite 200",Charlotte,NC,28201
CUST006665,Keg Liquors,"628 Union Rd, Ste A",Austin,TX,78762
CUST006666,Premier Wine & Spirits,"7539 Oak Rd, #101",Detroit,MI,48284
CUST006667,Sports Page Bar,"5930 Center Blvd, Ste A",Buffalo,NY,14287
CUST006668,Mama Ferreira's,"9132 Meadow Dr, Suite 200",New York,NY,10093
CUST006669,Courtyard by Marriott Miami,"8008 Elm Blvd, Unit B",Miami,FL,33188
CUST006670,Rite Aid,3258 Meadow Ct,Fort Worth,TX,76120
CUST006671,The Broken Spoke,"8087 Union Ct, Suite 200",Worcester,MA,01629
CUST006672,Twin Peaks,7190 Broad Ave,Raleigh,NC,27685
CUST006673,Punch Bowl Social,9726 Harbor Pl,Honolulu,HI,96853
CUST006674,The Midnight Bear,8797 Hill Dr,Denver,CO,80261
CUST006675,CVS Pharmacy,"9027 Willow Ct, Suite 200",Philadelphia,PA,19170
CUST006676,Romano's BBQ,4187 Walnut Blvd,Grand Rapids,MI,49551
CUST006677,Cheers Bar & Grill,"4827 Market Ct, Unit B",Dallas,TX,75241
CUST006678,Sam's Club,"8178 Oak St, Suite 200",Atlanta,GA,30331
CUST006679,Old Denver Tavern,6876 Broad Blvd,Denver,CO,80286
CUST006680,Costco Wholesale,"7222 Union Pl, Suite 200",San Francisco,CA,94128
CUST006681,World of Beer,"3451 Highland Pkwy, Ste A",Albuquerque,NM,87152
CUST006682,Richmond Tap Room,3250 Industrial Blvd,Richmond,VA,23236
CUST006683,GetGo #2363,3381 Spring Way,Indianapolis,IN,46245
CUST006684,Walgreens,9680 Industrial St,Buffalo,NY,14243
CUST006685,Papa Esposito's,"4268 Bay Dr, Suite 100",Worcester,MA,01649
CUST006686,Chili's,7536 Washington Ln,Memphis,TN,38181
CUST006687,Eddie & Bill's Steakhouse,"9972 Elm Blvd, Suite 100",Richmond,VA,23274
CUST006688,Red Robin,6695 Broad Ln,Little Rock,AR,72227
CUST006689,Bar Louie,1281 Valley Ct,San Francisco,CA,94171
CUST006690,Outback Steakhouse,8762 Willow Way,Baltimore,MD,21292
CUST006691,Super 8 by Wyndham Las Vegas,2213 Division Way,Las Vegas,NV,89168
CUST006692,Casa Rossi,"6704 Magnolia Rd, Ste A",Reno,NV,89505
CUST006693,Columbia Grill,8824 Commerce Way,Columbia,SC,29214
CUST006694,Neighborhood Bar & Grill,"9478 Elm Pl, #101",Dallas,TX,75227
CUST006695,TGI Fridays,1402 Spring Ln,Charlotte,NC,28255
CUST006696,Chicago Ale House,5765 Market Blvd,Chicago,IL,60626
CUST006697,Homewood Suites by Hilton Annapolis,7662 Hill Pkwy,Annapolis,MD,21415
CUST006698,Choice Hotels Comfort Inn Honolulu,"1699 Magnolia Ln, Suite 200",Honolulu,HI,96813
CUST006699,Garcia's BBQ,"1242 Hill Ln, Suite 100",Omaha,NE,68140
CUST006700,Ferreira's Diner,"2933 Harbor Rd, #101",Brooklyn,NY,11253
CUST006701,Mama Johnson's Pizzeria,1721 Green Dr,Sioux Falls,SD,57136
CUST006702,Liquor Barn,"7557 Union Ct, #101",Spokane,WA,99248
CUST006703,Rite Aid,6511 Oak Dr,Columbia,SC,29248
CUST006704,Lidl,"2054 Church Dr, Ste A",Minneapolis,MN,55471
CUST006705,Miami Taproom,3828 Washington Ct,Miami,FL,33101
CUST006706,Binny's Beverage Depot,"9466 Peach Ave, Suite 100",New York,NY,10006
CUST006707,Staybridge Suites by IHG Fargo,4101 Sunset Ln,Fargo,ND,58150
CUST006708,Papa Rizzo's,576 Highland Ln,Louisville,KY,40281
CUST006709,Smith Family Restaurant,"2888 Forest Pl, Suite 200",Kansas City,MO,64143
CUST006710,Binny's Beverage Depot,"3891 Peach Pl, #101",Birmingham,AL,35291
CUST006711,Raleigh Ale House,2870 Division St,Raleigh,NC,27614
CUST006712,Homewood Suites by Hilton Dallas,5310 Bay Ct,Dallas,TX,75253
CUST006713,Five Guys,6160 Center St,Cincinnati,OH,45260
CUST006714,Golden Corral,"7111 Highland St, Suite 200",New Orleans,LA,70197
CUST006715,Rossi Family Restaurant,"2561 Spring St, Unit B",Tulsa,OK,74102
CUST006716,Sports Page Bar,3786 Broad Rd,Birmingham,AL,35253
CUST006717,Charlotte Taproom,"6427 River Ct, Suite 100",Charlotte,NC,28237
CUST006718,Twin Peaks,"8906 Valley Ct, Suite 100",Portland,OR,97272
CUST006719,Phoenix Tap Room,7778 Lake Ln,Phoenix,AZ,85078
CUST006720,Marketview Liquor,"538 Center Ln, #101",Portland,OR,97224
CUST006721,Carlos's Grill,"559 Union Ln, Ste A",Minneapolis,MN,55465
CUST006722,7-Eleven Store #2915,"5246 Peach Ln, Suite 200",Hartford,CT,06118
CUST006723,Mama Davis's Kitchen,"9845 Magnolia St, Suite 100",Nashville,TN,37279
CUST006724,Sunset Lounge,"541 Oak St, Unit B",Las Vegas,NV,89198
CUST006725,In-N-Out Burger,"3587 Elm Ave, Unit B",Wilmington,DE,19830
CUST006726,Williams Family Restaurant,8729 Chestnut Pkwy,Columbus,OH,43293
CUST006727,Nashville Kitchen,"3394 Oak Ct, Suite 200",Nashville,TN,37218
CUST006728,Jack's Seafood,"1671 Valley Dr, #101",Savannah,GA,31486
CUST006729,The Draft House,7430 Hill Ct,San Francisco,CA,94199
CUST006730,Pete's Bar & Grill,"7826 Elm Ave, #101",Baton Rouge,LA,70887
CUST006731,Choice Hotels Econo Lodge Madison,1161 Park Way,Madison,WI,53739
CUST006732,Springhill Suites by Marriott Fort Worth,9543 Garden St,Fort Worth,TX,76113
CUST006733,GetGo #1548,1628 Walnut Way,Austin,TX,78756
CUST006734,Red Robin,"8767 Forest Ct, Suite 200",Virginia Beach,VA,23497
CUST006735,Hooters,"8786 Willow Dr, Unit B",Dallas,TX,75278
CUST006736,Main Street Liquors,"4678 Cedar Rd, Suite 100",San Diego,CA,92136
CUST006737,Giant Eagle,"371 Market Pkwy, Suite 200",Birmingham,AL,35294
CUST006738,Piggly Wiggly,"3137 Industrial Rd, Unit B",Boston,MA,02189
CUST006739,GetGo #8519,675 Bay Blvd,Fargo,ND,58127
CUST006740,Lidl,"5993 Harbor Ct, Suite 100",Madison,WI,53775
CUST006741,Baltimore Diner,568 Broad St,Baltimore,MD,21248
CUST006742,Martinez's Pub,"8076 River Pkwy, Unit B",Annapolis,MD,21456
CUST006743,Boston Bottle Shop,"4018 Main Ct, Unit B",Boston,MA,02136
CUST006744,Casey's General Store #280,"6350 Bay Way, Ste A",Cleveland,OH,44170
CUST006745,The Broken Spoke,1776 Forest Rd,Jersey City,NJ,07363
CUST006746,In-N-Out Burger,2487 Hill Blvd,Virginia Beach,VA,23458
CUST006747,The St. Louis Grille,9543 Garden Blvd,St. Louis,MO,63103
CUST006748,Minneapolis Kitchen,2354 Green Ln,Minneapolis,MN,55435
CUST006749,Kansas City Diner,"9554 Main Way, Suite 100",Kansas City,MO,64199
CUST006750,Garcia's Pub,"7197 Union Pkwy, Ste A",Cincinnati,OH,45273
CUST006751,Mama DeLuca's Pizzeria,"3804 Magnolia Blvd, #101",Wilmington,DE,19895
CUST006752,Kroger,3479 Market Pl,San Diego,CA,92190
CUST006753,Old Richmond Tavern,"884 Industrial Pl, #101",Richmond,VA,23222
CUST006754,Place by Hyatt Baltimore,"3315 Meadow St, Suite 100",Baltimore,MD,21262
CUST006755,The Cheesecake Factory,"7341 Peach Ln, Suite 200",Jackson,MS,39257
CUST006756,Golden Corral,8948 Green Blvd,Little Rock,AR,72271
CUST006757,Vic & Tony's Steakhouse,"6936 Forest Way, Suite 100",Portland,OR,97246
CUST006758,Corner Pocket Billiards & Bar,3087 Spring Pl,Minneapolis,MN,55407
CUST006759,Price Chopper,4030 Walnut Blvd,Virginia Beach,VA,23452
CUST006760,Yard House,"4810 Cedar Ave, Suite 200",Columbia,SC,29258
CUST006761,The Draft House,"9201 Forest Ln, Unit B",Minneapolis,MN,55406
CUST006762,Lou's Seafood,"1503 Willow Rd, Suite 100",Raleigh,NC,27635
CUST006763,Perkins Restaurant,1753 Green Ln,New York,NY,10018
CUST006764,Trader Joe's,7830 Washington Pkwy,Milwaukee,WI,53207
CUST006765,Mama Ferreira's,7692 Lake Ave,Chicago,IL,60685
CUST006766,Choice Hotels Comfort Inn Sioux Falls,"2183 Commerce Way, Ste A",Sioux Falls,SD,57107
CUST006767,Lidl,"8253 Pine Way, Unit B",Phoenix,AZ,85069
CUST006768,Bar Louie,"3897 Green Blvd, Unit B",Jackson,MS,39285
CUST006769,Outback Steakhouse,7777 Peach Ln,Miami,FL,33189
CUST006770,Shake Shack,2196 Magnolia Rd,Reno,NV,89545
CUST006771,The Bottle Shop,"2945 Industrial Way, Suite 100",Baton Rouge,LA,70831
CUST006772,Choice Hotels Econo Lodge Providence,"4800 Peach Ct, Ste A",Providence,RI,02993
CUST006773,Houston Kitchen,2938 Center Way,Houston,TX,77096
CUST006774,IHOP,4550 Cedar Dr,St. Paul,MN,55186
CUST006775,Kroger,8001 Hill Pkwy,Eugene,OR,97417
CUST006776,Jack's Grill,"4129 Bay Ln, #101",Annapolis,MD,21423
CUST006777,Love's Travel Stop #3638,"9578 Main St, Ste A",New Orleans,LA,70167
CUST006778,Holiday Inn Express by IHG Detroit,"6379 Market Pkwy, Unit B",Detroit,MI,48222
CUST006779,Joe's Bar & Grill,"6340 Broad Ct, Ste A",Memphis,TN,38108
CUST006780,BJ's Wholesale Club,"681 Church Way, #101",Chicago,IL,60669
CUST006781,Perkins Restaurant,9959 Sunset Ct,Boston,MA,02120
CUST006782,Choice Hotels Comfort Inn Raleigh,"3151 Sunset Rd, Suite 200",Raleigh,NC,27662
CUST006783,Salt Lake City Brewing Co.,"6825 Highland Pkwy, #101",Salt Lake City,UT,84139
CUST006784,Chris's Grill,7742 Willow Blvd,Fargo,ND,58160
CUST006785,Chili's,3651 Garden Pl,Wilmington,DE,19882
CUST006786,Jacksonville Kitchen,7132 Elm Blvd,Jacksonville,FL,32201
CUST006787,Premier Wine & Spirits,"6309 Peach Pkwy, Suite 100",Brooklyn,NY,11250
CUST006788,Rite Aid,"5652 Main St, Ste A",Albuquerque,NM,87139
CUST006789,Papa Williams's,"8348 Green Rd, Ste A",Cleveland,OH,44154
CUST006790,Rosa's Seafood,6422 Harbor Dr,Omaha,NE,68168
CUST006791,Cheers Bar & Grill,4181 Commerce Pkwy,Dallas,TX,75256
CUST006792,Courtyard by Marriott Denver,"4645 Cherry Ct, #101",Denver,CO,80282
CUST006793,Neighborhood Bar & Grill,"7826 Pine Rd, Suite 100",Cincinnati,OH,45212
CUST006794,Queens Wine & Spirits,6863 River Ct,Queens,NY,11370
CUST006795,Four Seasons Miami,"7425 Magnolia Ln, Ste A",Orlando,FL,32868
CUST006796,The Miller House,7542 Spring Dr,Seattle,WA,98126
CUST006797,Nick & Frank's Steakhouse,"9331 Green Blvd, Ste A",Las Vegas,NV,89166
CUST006798,The Rusty Nail,5845 Pine Pl,Baltimore,MD,21258
CUST006799,Radisson Richmond,7136 Willow St,Richmond,VA,23251
CUST006800,Keg Liquors,"6059 Magnolia Ct, Suite 100",Richmond,VA,23271
CUST006801,Cheers Bar & Grill,"9253 Highland Dr, Ste A",Sioux Falls,SD,57126
CUST006802,Sheetz #5577,"2140 Park Blvd, Ste A",Albuquerque,NM,87103
CUST006803,Loews Hotel Philadelphia,"7488 Spring Ave, Unit B",Atlanta,GA,30391
CUST006804,Sheetz #6010,"4742 Cherry Ave, Unit B",Los Angeles,CA,90025
CUST006805,Denny's,9581 Highland Ln,Milwaukee,WI,53282
CUST006806,Sheraton New York Times Square,"7353 Center Ct, Suite 100",Annapolis,MD,21434
CUST006807,Radisson St. Louis,"212 Spring St, Unit B",St. Louis,MO,63101
CUST006808,Food Lion,6032 Sunset Ln,Omaha,NE,68164
CUST006809,Wegmans,2068 Chestnut Pkwy,Baton Rouge,LA,70847
CUST006810,Martinez Kitchen,"2806 Industrial St, Unit B",Springfield,IL,62771
CUST006811,Courtyard by Marriott Chicago,"3649 Hill Rd, Suite 100",Oklahoma City,OK,73182
CUST006812,Albertsons,"7307 Walnut Ln, Suite 200",Eugene,OR,97441
CUST006813,Ramada by Wyndham Fort Worth,"4302 Main Rd, #101",Fort Worth,TX,76159
CUST006814,Discount Liquor Mart,6393 Center Ct,Baton Rouge,LA,70887
CUST006815,Steak 'n Shake,5936 Highland Rd,Jackson,MS,39234
CUST006816,Kona Grill,"7777 Park Rd, Suite 200",Newark,NJ,07150
CUST006817,Five Guys,"4152 Magnolia Way, #101",Denver,CO,80244
CUST006818,Golden Corral,153 Cherry Ct,Salt Lake City,UT,84137
CUST006819,The Tap Room,"3897 Pine Ct, Ste A",Tampa,FL,33699
CUST006820,The New Barrel,"4397 Cedar Dr, Suite 200",Grand Rapids,MI,49582
CUST006821,Whole Foods Market,"6948 Peach Ln, Suite 100",Columbus,OH,43261
CUST006822,The Black Saddle,251 Cedar Ln,Chicago,IL,60651
CUST006823,Tampa Bistro,8688 Cedar Blvd,Tampa,FL,33696
CUST006824,Central Liquors,"4895 Cedar Ave, Suite 100",Tulsa,OK,74116
CUST006825,Fine Wine & Spirits,6599 Market Ave,Pittsburgh,PA,15252
CUST006826,Circle K #8886,954 Oak Ct,Providence,RI,02930
CUST006827,Total Spirits Fargo,1935 Commerce Dr,Fargo,ND,58103
CUST006828,Dave & Danny's Steakhouse,"4425 Main Ln, Suite 100",San Francisco,CA,94172
CUST006829,Vic's Seafood,"3363 Green Pkwy, Ste A",Virginia Beach,VA,23448
CUST006830,Rite Aid,2043 Cedar Rd,Philadelphia,PA,19103
CUST006831,Birmingham Liquors,718 Market Ave,Birmingham,AL,35299
CUST006832,Cheers Bar & Grill,"4685 Elm Rd, Suite 200",Austin,TX,78742
CUST006833,Circle K #7883,"4015 Garden Pkwy, Suite 100",Springfield,IL,62702
CUST006834,Mama Martinez's Pizzeria,"1842 Industrial Pl, Suite 100",Nashville,TN,37292
CUST006835,WinCo Foods,6141 Maple St,Grand Rapids,MI,49554
CUST006836,Anna's Seafood,"5214 Garden Dr, Suite 200",Wilmington,DE,19845
CUST006837,Brown's Diner,6729 Market Rd,Omaha,NE,68101
CUST006838,Meijer,"6641 Center Ct, #101",Louisville,KY,40203
CUST006839,Ingles Markets,6980 Peach Dr,Charleston,SC,29438
CUST006840,Papa Nguyen's,9996 Cherry Way,Reno,NV,89517
CUST006841,Discount Liquor Mart,4878 Highland Ave,Hartford,CT,06198
CUST006842,Walgreens,"5733 Green Blvd, Suite 200",Fort Worth,TX,76106
CUST006843,GetGo #400,"676 Oak Rd, Ste A",Minneapolis,MN,55454
CUST006844,Holiday Inn Express by IHG Sioux Falls,"9608 Cedar Pkwy, Suite 200",Sioux Falls,SD,57126
CUST006845,Kroger,"7933 Valley Blvd, Suite 100",Kansas City,MO,64131
CUST006846,Piggly Wiggly,1259 Spring Ave,Jackson,MS,39210
CUST006847,Kona Grill,2203 Magnolia Ct,Louisville,KY,40212
CUST006848,Speedway #7879,5847 Washington Pl,New Orleans,LA,70183
CUST006849,Dave's Seafood,"9966 Broad Ct, Unit B",Savannah,GA,31483
CUST006850,Mama Esposito's Pizzeria,"5936 Highland St, Suite 100",Louisville,KY,40255
CUST006851,P.F. Chang's,5658 Garden Pl,Brooklyn,NY,11259
CUST006852,Albertsons,8630 Highland Pl,Fargo,ND,58187
CUST006853,Charlotte Bistro,3016 Industrial Dr,Charlotte,NC,28298
CUST006854,Five Guys,"266 Industrial Dr, Ste A",Memphis,TN,38163
CUST006855,Sunset Lounge,3746 Meadow Ave,Birmingham,AL,35220
CUST006856,Hilton Garden Inn Dallas,8044 Elm Pl,Seattle,WA,98190
CUST006857,The Stag & Stool,"4022 Chestnut Pl, Suite 100",Albuquerque,NM,87108
CUST006858,Sheraton New York Times Square,3043 Willow Blvd,Anchorage,AK,99519
CUST006859,Mama Esposito's Kitchen,"6016 Commerce Ct, Suite 100",Tucson,AZ,85739
CUST006860,IHOP,1625 Willow Ave,San Francisco,CA,94128
CUST006861,Frank's Bar & Grill,1739 Oak Blvd,Honolulu,HI,96800
CUST006862,Garcia Family Restaurant,"5752 Peach Pl, #101",Denver,CO,80266
CUST006863,Casey's General Store #4792,"9290 Cedar Way, #101",Lexington,KY,40557
CUST006864,Waffle House,2966 River Ln,Charlotte,NC,28252
CUST006865,Annapolis Brewing Co.,2385 Chestnut Pkwy,Annapolis,MD,21446
CUST006866,The Saddle & Crow,1241 Cherry Pkwy,Tulsa,OK,74120
CUST006867,The Jacksonville Grille,3569 Garden Ct,Jacksonville,FL,32293
CUST006868,Holiday Inn Express Boston,"3014 Magnolia Way, Unit B",Worcester,MA,01687
CUST006869,Choice Hotels Clarion Sioux Falls,1949 Peach Ln,Sioux Falls,SD,57193
CUST006870,Costco Wholesale,6258 Peach St,Austin,TX,78751
CUST006871,Old Minneapolis Tavern,"6256 Washington Ln, Unit B",Minneapolis,MN,55439
CUST006872,Garden Inn by Hilton Indianapolis,"5037 Cherry Ln, #101",Indianapolis,IN,46213
CUST006873,Publix,"3552 Garden Dr, Ste A",Louisville,KY,40238
CUST006874,Keg Liquors,"5868 Oak Pkwy, Unit B",Honolulu,HI,96889
CUST006875,Buffalo Ale House,7729 Commerce Ct,Buffalo,NY,14228
CUST006876,Smart & Final,"2991 Pine Way, Suite 100",Tampa,FL,33666
CUST006877,Speedway #4230,6638 Church St,Birmingham,AL,35279
CUST006878,Main Street Liquors,1122 Green Way,Madison,WI,53710
CUST006879,Keg Liquors,"9059 Elm Pl, #101",Baton Rouge,LA,70858
CUST006880,Luigi's Grill,"3290 Harbor Blvd, Ste A",Omaha,NE,68116
CUST006881,Holiday Inn by IHG Baltimore,3861 Maple Way,Baltimore,MD,21257
CUST006882,Total Spirits Portland,"3211 Church Pkwy, #101",Portland,OR,97288
CUST006883,Park's Diner,2015 Garden Pkwy,Baton Rouge,LA,70835
CUST006884,Total Spirits Tampa,"7869 Division Ave, Ste A",Tampa,FL,33600
CUST006885,Savannah Kitchen,"3144 Harbor Ave, Ste A",Savannah,GA,31486
CUST006886,Liquor Barn,1956 Oak Rd,San Francisco,CA,94167
CUST006887,Chili's,5324 Bay St,Reno,NV,89510
CUST006888,Romano's Diner,"4636 Park Pl, Suite 200",Phoenix,AZ,85051
CUST006889,Wingstop,8324 Meadow Blvd,Denver,CO,80226
CUST006890,Marketview Liquor,164 Spring Ave,Spokane,WA,99267
CUST006891,Hooters,"8518 Garden Dr, Unit B",Virginia Beach,VA,23407
CUST006892,Corner Pocket Billiards & Bar,3054 Valley Ln,Springfield,IL,62742
CUST006893,Fort Worth Taproom,5824 Peach Way,Fort Worth,TX,76198
CUST006894,Miller Family Restaurant,"5654 Highland Rd, Unit B",Cleveland,OH,44113
CUST006895,Down the Hatch,3427 Sunset St,Las Vegas,NV,89151
CUST006896,Cheers Bar & Grill,"2660 Oak Pkwy, Ste A",Madison,WI,53791
CUST006897,Spec's Liquor,3274 Harbor Blvd,Chicago,IL,60618
CUST006898,Raising Cane's,993 Commerce Dr,Phoenix,AZ,85038
CUST006899,Romano Family Restaurant,"225 Chestnut St, Ste A",Houston,TX,77066
CUST006900,Whole Foods Market,"6015 Hill St, Suite 200",Reno,NV,89519
CUST006901,Discount Liquor Mart,3428 Union Ct,Providence,RI,02986
CUST006902,Annapolis Grill,"1561 Commerce Blvd, #101",Annapolis,MD,21411
CUST006903,DeLuca's BBQ,"2455 Pine Pl, Ste A",Columbia,SC,29233
CUST006904,Whole Foods Market,8556 Cherry Blvd,Chicago,IL,60642
CUST006905,Chipotle Mexican Grill,1428 Chestnut Pkwy,New Orleans,LA,70160
CUST006906,Red Robin,4126 Church Ave,Portland,OR,97210
CUST006907,Choice Hotels Econo Lodge Sioux Falls,"6115 Forest Ct, Ste A",Sioux Falls,SD,57102
CUST006908,Casey's General Store #5353,"6144 Pine Ave, Ste A",Houston,TX,77046
CUST006909,Main Street Liquors,337 Union Ct,Brooklyn,NY,11248
CUST006910,Papa Ferreira's,"1969 Elm Ct, Unit B",Phoenix,AZ,85060
CUST006911,The Broken Spoke,"8690 Bay St, #101",Little Rock,AR,72246
CUST006912,Four Seasons Miami,"9144 Cedar Pkwy, Unit B",Spokane,WA,99203
CUST006913,Choice Hotels Comfort Inn Lexington,1987 Elm Blvd,Lexington,KY,40515
CUST006914,Best Western Plus Reno,3436 Elm Pl,Reno,NV,89577
CUST006915,Milwaukee Bottle Shop,"3833 Elm Ave, Suite 200",Milwaukee,WI,53271
CUST006916,Liquor Barn,"5088 Main Dr, Suite 100",Louisville,KY,40224
CUST006917,Casa Rizzo,917 Center Rd,Tampa,FL,33689
CUST006918,HEB,8012 Union Blvd,Savannah,GA,31491
CUST006919,Papa Rossi's,7926 Chestnut Way,New Orleans,LA,70123
CUST006920,Neighborhood Bar & Grill,"1030 Meadow Way, Suite 200",Tucson,AZ,85736
CUST006921,LongHorn Steakhouse,8402 Meadow Ln,Minneapolis,MN,55469
CUST006922,Papa Esposito's,"9495 Main Ave, #101",Spokane,WA,99265
CUST006923,Smith Family Restaurant,4959 Magnolia Ct,Newark,NJ,07166
CUST006924,Neighborhood Bar & Grill,1242 Hill Way,Sacramento,CA,95849
CUST006925,Binny's Beverage Depot,8017 Washington Ln,Little Rock,AR,72205
CUST006926,Five Guys,"7035 Washington Way, Unit B",Little Rock,AR,72225
CUST006927,New York Taproom,4256 Center Dr,New York,NY,10031
CUST006928,Publix,2510 Elm Ave,Las Vegas,NV,89153
CUST006929,Grand by Hyatt Charlotte,"5796 Harbor Rd, #101",Charlotte,NC,28202
CUST006930,Premier Wine & Spirits,"3689 Hill Pkwy, Suite 100",Omaha,NE,68181
CUST006931,Radisson Burlington,1805 Commerce Dr,Burlington,VT,05402
CUST006932,Bob Evans,"3187 River Dr, Suite 100",Tulsa,OK,74192
CUST006933,CVS Pharmacy,6447 Forest Ct,Burlington,VT,05420
CUST006934,Texas Roadhouse,"5882 Market Ln, Suite 100",Orlando,FL,32883
CUST006935,Brown Kitchen,"5391 Oak Ct, #101",Miami,FL,33109
CUST006936,GetGo #797,"3705 Meadow Ave, Ste A",Albuquerque,NM,87187
CUST006937,The Rusty Nail,"1143 Market Pl, Suite 200",Salt Lake City,UT,84192
CUST006938,Spec's Liquor,"5614 Bay Blvd, Suite 200",Albuquerque,NM,87127
CUST006939,Rossi's Pub,1228 Industrial Rd,New York,NY,10036
CUST006940,P.F. Chang's,2217 Oak Ave,Austin,TX,78798
CUST006941,Texas Roadhouse,"3645 Market Ct, Suite 100",Omaha,NE,68152
CUST006942,Applebee's,"8872 Cherry Ln, Suite 100",Tampa,FL,33678
CUST006943,Corner Pocket Billiards & Bar,8896 Elm Ave,Birmingham,AL,35225
CUST006944,The Rusty Nail,7704 Garden Pkwy,Louisville,KY,40201
CUST006945,Mama Esposito's,"386 Forest Pkwy, Unit B",Oklahoma City,OK,73131
CUST006946,Patel Family Restaurant,4280 Hill Ave,Buffalo,NY,14220
CUST006947,Discount Liquor Mart,"3518 Market Rd, Suite 100",Charleston,SC,29439
CUST006948,Hartford Tap Room,988 Chestnut Ln,Hartford,CT,06107
CUST006949,LongHorn Steakhouse,"694 Peach Ct, Suite 200",Anchorage,AK,99541
CUST006950,ABC Fine Wine & Spirits,"4682 Cherry Ct, Ste A",Los Angeles,CA,90077
CUST006951,Olive Garden,"7310 Union Rd, Ste A",Salt Lake City,UT,84178
CUST006952,ampm #3311,5773 Walnut St,Grand Rapids,MI,49523
CUST006953,Doubletree by Hilton Seattle,"1545 Willow Pkwy, Suite 200",Jacksonville,FL,32299
CUST006954,Ramada by Wyndham Detroit,4430 Sunset Rd,Detroit,MI,48242
CUST006955,Neighborhood Bar & Grill,"3217 River Pkwy, Ste A",Burlington,VT,05420
CUST006956,Casey's General Store #7331,1886 Oak Pkwy,Oklahoma City,OK,73128
CUST006957,Red by Radisson Fargo,6855 Meadow Pkwy,Fargo,ND,58128
CUST006958,Rossi's Diner,9056 Peach Ct,Seattle,WA,98171
CUST006959,Dave & Buster's,6928 River Pkwy,Grand Rapids,MI,49553
CUST006960,Lidl,6092 Broad Rd,Phoenix,AZ,85037
CUST006961,Marketview Liquor,1683 Division Ln,Columbus,OH,43259
CUST006962,Piggly Wiggly,"2109 Elm Way, #101",Atlanta,GA,30327
CUST006963,Whataburger,7646 Magnolia St,Las Vegas,NV,89194
CUST006964,7-Eleven Store #8987,"8729 Valley Ct, Unit B",Jersey City,NJ,07369
CUST006965,Binny's Beverage Depot,2471 Industrial Ln,Jacksonville,FL,32290
CUST006966,Cracker Barrel,"9399 Spring Blvd, Unit B",St. Paul,MN,55190
CUST006967,Price Chopper,"7139 Sunset Ln, Suite 200",Portland,OR,97253
CUST006968,Sports Page Bar,"6633 Willow Way, #101",Wilmington,DE,19895
CUST006969,Chicago Bistro,"6492 Magnolia Ct, #101",Chicago,IL,60628
CUST006970,DoubleTree by Hilton Providence,"8723 Church Dr, Suite 100",Providence,RI,02911
CUST006971,Aldi,9240 River Ave,Eugene,OR,97404
CUST006972,Marketview Liquor,"8679 Park Blvd, Unit B",Madison,WI,53713
CUST006973,Price Chopper,2952 Garden St,Newark,NJ,07124
CUST006974,Walgreens,1926 Main Pl,Milwaukee,WI,53221
CUST006975,Central Liquors,"3926 Market Pl, Ste A",Raleigh,NC,27650
CUST006976,CVS Pharmacy,"9689 Maple Ln, #101",Hartford,CT,06174
CUST006977,Esposito's Pub,4538 Forest St,Jacksonville,FL,32242
CUST006978,IHOP,5208 Bay Ct,Detroit,MI,48222
CUST006979,Red Lobster,3181 Lake Blvd,Wilmington,DE,19841
CUST006980,Five Guys,"6254 Harbor Dr, Ste A",San Diego,CA,92140
CUST006981,P.F. Chang's,9251 Chestnut Dr,Newark,NJ,07146
CUST006982,The New Pint,"8550 Highland Dr, Suite 100",Lexington,KY,40512
CUST006983,Savannah Diner,5000 Elm Ln,Savannah,GA,31476
CUST006984,Bar Louie,619 River Pkwy,Kansas City,MO,64142
CUST006985,Days Inn by Wyndham New York,"4530 Division Pkwy, Ste A",New York,NY,10084
CUST006986,Waffle House,4636 Cherry Way,Las Vegas,NV,89125
CUST006987,Raising Cane's,"9463 Cedar Pkwy, Suite 100",Denver,CO,80288
CUST006988,Courtyard by Marriott Chicago,"8464 Walnut Blvd, Suite 100",Baton Rouge,LA,70889
CUST006989,Aldi,3031 Forest Way,Colorado Springs,CO,80988
CUST006990,WinCo Foods,"2671 Church Ct, Ste A",Annapolis,MD,21405
CUST006991,Main Street Liquors,"2853 Industrial Ln, Suite 100",Burlington,VT,05445
CUST006992,Jersey City Diner,"2820 Peach Ave, Ste A",Jersey City,NJ,07396
CUST006993,Five Guys,"3399 Valley Dr, #101",Louisville,KY,40217
CUST006994,Liquor Barn,3744 Magnolia Ln,Columbia,SC,29258
CUST006995,WinCo Foods,9408 Walnut St,Tampa,FL,33611
CUST006996,Mike's Seafood,7168 Maple Ln,Richmond,VA,23278
CUST006997,Radisson St. Louis,745 Maple Ct,St. Louis,MO,63137
CUST006998,ABC Fine Wine & Spirits,5311 Spring Rd,Queens,NY,11351
CUST006999,Trader Joe's,6447 Valley Pkwy,Columbia,SC,29266
CUST007000,DeLuca's BBQ,"8622 Garden Pkwy, Unit B",Columbus,OH,43289
CUST007001,Central Liquors,"4974 Industrial Ct, Suite 200",Salt Lake City,UT,84142
CUST007002,DoubleTree by Hilton Reno,747 Market Way,Reno,NV,89549
CUST007003,CVS Pharmacy,"3188 Market Ln, Suite 100",Austin,TX,78713
CUST007004,Mama Williams's Kitchen,909 Walnut Blvd,Memphis,TN,38120
CUST007005,Liquor Barn,"9893 Harbor Blvd, #101",Eugene,OR,97471
CUST007006,Walgreens,"5814 Walnut Dr, Unit B",Sioux Falls,SD,57157
CUST007007,Ingles Markets,9424 Cedar Rd,Fort Worth,TX,76143
CUST007008,Denny's,"5554 Broad Dr, Suite 200",Raleigh,NC,27679
CUST007009,The Midnight Rail,"6257 Pine Pkwy, Ste A",Sacramento,CA,95878
CUST007010,Walgreens,6179 Market Way,Birmingham,AL,35296
CUST007011,Springhill Suites by Marriott Reno,"7083 Union Dr, Ste A",Reno,NV,89537
CUST007012,The Black Stein,"4273 Park Way, Suite 100",Jacksonville,FL,32249
CUST007013,Texas Roadhouse,5488 Industrial Ct,St. Paul,MN,55151
CUST007014,Columbus Brewing Co.,7351 Hill St,Columbus,OH,43238
CUST007015,Vic & Bob's Steakhouse,2011 River St,Lexington,KY,40535
CUST007016,In-N-Out Burger,"4320 Valley Ave, Unit B",Tulsa,OK,74128
CUST007017,Wawa #376,6191 Cedar Way,Grand Rapids,MI,49579
CUST007018,Stop & Shop,1560 Harbor Blvd,New York,NY,10001
CUST007019,Papa Davis's,909 Garden Rd,Jersey City,NJ,07328
CUST007020,Main Street Liquors,"8040 Washington Way, Suite 200",St. Paul,MN,55139
CUST007021,Kwik Trip #3179,"8343 Chestnut Rd, Suite 100",St. Paul,MN,55196
CUST007022,Casa Patel,"5263 Bay Ct, Suite 100",Spokane,WA,99295
CUST007023,Waffle House,8426 Garden Blvd,Minneapolis,MN,55468
CUST007024,Dave & Buster's,3402 Elm Dr,Wilmington,DE,19846
CUST007025,Sonic Drive-In,"1433 Union Pl, Ste A",Savannah,GA,31414
CUST007026,Smith's Liquor Store,"6854 Hill Blvd, Suite 100",Denver,CO,80251
CUST007027,Keg Liquors,1595 Lake Ave,San Antonio,TX,78224
CUST007028,Whataburger,1482 Spring Rd,Chicago,IL,60667
CUST007029,Stop & Shop,550 Pine Pl,Baton Rouge,LA,70866
CUST007030,Doubletree by Hilton Seattle,"3342 Park St, Unit B",Hartford,CT,06156
CUST007031,Esposito Family Restaurant,2928 Sunset Rd,Austin,TX,78768
CUST007032,The Bottle Shop,7838 Sunset Pkwy,Jacksonville,FL,32222
CUST007033,Davis Family Restaurant,"6988 Union Dr, Unit B",Savannah,GA,31491
CUST007034,Discount Liquor Mart,6093 Peach Blvd,Orlando,FL,32898
CUST007035,Eugene Bistro,"7593 Harbor Way, #101",Eugene,OR,97417
CUST007036,Chipotle Mexican Grill,"9400 Garden Blvd, Suite 100",Minneapolis,MN,55409
CUST007037,ABC Fine Wine & Spirits,"5821 Garden Dr, Suite 200",Columbus,OH,43278
CUST007038,Best Western Annapolis,4525 Highland Ave,Annapolis,MD,21423
CUST007039,Olive Garden,4883 Chestnut Way,Detroit,MI,48222
CUST007040,Papa Rossi's,"430 Elm Ct, Suite 100",Madison,WI,53720
CUST007041,Wegmans,"4534 Bay Ave, Ste A",Fort Worth,TX,76166
CUST007042,Crowne Plaza by IHG Little Rock,2695 Division Ln,Little Rock,AR,72210
CUST007043,Mama Ferreira's Kitchen,"8932 Bay Blvd, Unit B",Seattle,WA,98152
CUST007044,Piggly Wiggly,"2397 Market Pl, #101",Tulsa,OK,74144
CUST007045,Marketview Liquor,6518 Forest Rd,Dallas,TX,75245
CUST007046,Oklahoma City Bottle Shop,1952 Green St,Oklahoma City,OK,73160
CUST007047,Birmingham Ale House,5926 Union Ct,Birmingham,AL,35295
CUST007048,Total Wine & More,7866 Union Pl,Salt Lake City,UT,84137
CUST007049,The Indianapolis Grille,2850 River Way,Indianapolis,IN,46211
CUST007050,Olive Garden,"9661 Magnolia Pl, Unit B",San Antonio,TX,78292
CUST007051,Main Street Liquors,2023 Oak Ave,Providence,RI,02900
CUST007052,Down the Hatch,8352 Park Pkwy,Los Angeles,CA,90010
CUST007053,Red Lobster,"4468 Garden St, Suite 100",Columbia,SC,29207
CUST007054,Mama Esposito's,"7474 Elm Way, Ste A",Newark,NJ,07148
CUST007055,The Kim House,1561 Center Blvd,St. Louis,MO,63119
CUST007056,Total Wine & More,3393 Hill Way,Baltimore,MD,21288
CUST007057,Rossi's BBQ,"6472 Center Rd, Suite 100",Anchorage,AK,99514
CUST007058,Choice Hotels Clarion Tulsa,"6607 Broad Dr, Unit B",Tulsa,OK,74106
CUST007059,Shake Shack,8517 Valley Rd,Indianapolis,IN,46293
CUST007060,Steak 'n Shake,"5323 Forest St, Suite 100",New Orleans,LA,70122
CUST007061,Denny's,1261 Magnolia Rd,St. Paul,MN,55153
CUST007062,CVS Pharmacy,"5331 Market St, Unit B",Anchorage,AK,99561
CUST007063,Rite Aid,"8312 Lake Rd, Suite 100",Boston,MA,02190
CUST007064,Reno Taproom,"9388 Meadow Rd, Ste A",Reno,NV,89593
CUST007065,Publix,4121 Spring Way,Seattle,WA,98185
CUST007066,St. Louis Brewing Co.,"6859 Cherry Way, Unit B",St. Louis,MO,63163
CUST007067,Hy-Vee,"5884 Garden Pl, Suite 200",Baltimore,MD,21277
CUST007068,Walgreens,"7451 Church Pl, Suite 200",Wilmington,DE,19835
CUST007069,Shake Shack,"6670 Center Ave, Suite 100",Columbus,OH,43289
CUST007070,Best Western Plus Nashville,"9256 Elm Pkwy, Ste A",Nashville,TN,37231
CUST007071,Wingstop,"7961 Chestnut Ct, Ste A",Columbus,OH,43273
CUST007072,Binny's Beverage Depot,4477 Center Blvd,Virginia Beach,VA,23479
CUST007073,Waffle House,3068 Church Pl,Las Vegas,NV,89105
CUST007074,Piggly Wiggly,"9527 Market Pl, Ste A",San Antonio,TX,78293
CUST007075,Sam's Club,2448 Maple Way,Burlington,VT,05423
CUST007076,Luigi's Seafood,"3616 Center Ave, #101",Memphis,TN,38141
CUST007077,Milwaukee Wine & Spirits,"3858 River Pkwy, #101",Milwaukee,WI,53228
CUST007078,Old Columbus Tavern,"7516 Harbor Ave, Ste A",Columbus,OH,43223
CUST007079,Wilmington Kitchen,513 Pine Ave,Wilmington,DE,19800
CUST007080,Tulsa Diner,622 Industrial Pkwy,Tulsa,OK,74169
CUST007081,DeLuca's Pub,9741 Cherry Pkwy,Fargo,ND,58157
CUST007082,Wegmans,"5860 Union Pkwy, Suite 200",New York,NY,10040
CUST007083,The Caruso House,2543 Valley Rd,Portland,OR,97229
CUST007084,ampm #6848,6647 Washington Pl,Philadelphia,PA,19172
CUST007085,The Tap Room,"9756 Walnut Pl, #101",Louisville,KY,40266
CUST007086,Milwaukee Diner,"5037 Center Way, Suite 200",Milwaukee,WI,53243
CUST007087,Hampton Inn by Hilton Lexington,6622 Elm St,Lexington,KY,40536
CUST007088,Publix,4570 Maple Ct,Orlando,FL,32803
CUST007089,The Broken Spoke,7892 Willow Way,San Francisco,CA,94112
CUST007090,Sports Page Bar,"7122 Cedar Rd, #101",Baltimore,MD,21271
CUST007091,Smart & Final,8612 Washington Pkwy,Baton Rouge,LA,70893
CUST007092,Speedway #1138,"586 Magnolia Ct, #101",Spokane,WA,99241
CUST007093,Casa Johnson,"7203 Lake Dr, Unit B",Brooklyn,NY,11242
CUST007094,Best Western Premier Raleigh,6168 Pine Dr,Raleigh,NC,27681
CUST007095,Rite Aid,"7683 Center Pkwy, #101",Spokane,WA,99234
CUST007096,GetGo #9055,2253 Garden St,Seattle,WA,98191
CUST007097,Old Seattle Tavern,"7235 Chestnut Ln, Ste A",Seattle,WA,98130
CUST007098,CVS Pharmacy,"4406 Maple Ct, Suite 100",Nashville,TN,37277
CUST007099,Total Spirits Houston,"744 Chestnut Blvd, #101",Houston,TX,77023
CUST007100,Pilot Flying J #8971,"1257 Main Pl, Suite 200",Savannah,GA,31425
CUST007101,Cracker Barrel,"3516 Industrial Ct, #101",Springfield,IL,62775
CUST007102,Westin Atlanta Peachtree,"5927 Main Pl, #101",Baltimore,MD,21279
CUST007103,Binny's Beverage Depot,4337 Washington Ct,Anchorage,AK,99523
CUST007104,P.F. Chang's,"2492 Elm Rd, Suite 100",Nashville,TN,37248
CUST007105,Kona Grill,9504 Main Ave,Baltimore,MD,21250
CUST007106,Esposito's BBQ,1219 Division Pkwy,New York,NY,10054
CUST007107,Total Spirits Tulsa,2300 Forest Pl,Tulsa,OK,74178
CUST007108,Choice Hotels Clarion Miami,9719 Park Ln,Miami,FL,33103
CUST007109,The Cheesecake Factory,6313 Market St,Houston,TX,77007
CUST007110,Homewood Suites by Hilton Charleston,8660 Valley Pkwy,Charleston,SC,29446
CUST007111,Casey's General Store #5345,8454 Peach St,Tulsa,OK,74152
CUST007112,Golden Corral,6232 Park Way,Fargo,ND,58144
CUST007113,Cheers Bar & Grill,"9956 Green Pkwy, Suite 200",Wilmington,DE,19894
CUST007114,Wingstop,"2177 Cherry Ave, Suite 200",San Diego,CA,92192
CUST007115,Smart & Final,2486 Park Way,Tulsa,OK,74169
CUST007116,Nick & Mike's Steakhouse,"2357 Hill Rd, Suite 200",Houston,TX,77085
CUST007117,Doubletree by Hilton Seattle,"9159 Garden Ct, #101",Providence,RI,02902
CUST007118,Holiday Inn Express by IHG Buffalo,8428 Lake St,Buffalo,NY,14208
CUST007119,Westin Atlanta Peachtree,"4421 Oak Ct, #101",Fort Worth,TX,76153
CUST007120,Cracker Barrel,8876 Valley St,Atlanta,GA,30338
CUST007121,Sonic Drive-In,3994 Division Ave,Oklahoma City,OK,73192
CUST007122,Bob Evans,8148 Union Way,Milwaukee,WI,53298
CUST007123,BevMo,"6368 Cherry Blvd, Unit B",Chicago,IL,60614
CUST007124,Mama Nguyen's Kitchen,"5258 Broad Ave, Suite 200",Sacramento,CA,95866
CUST007125,Mama Romano's,"742 Elm Pkwy, Suite 100",Kansas City,MO,64183
CUST007126,Kroger,"626 Walnut Dr, #101",Los Angeles,CA,90005
CUST007127,Price Chopper,"6158 Harbor Pl, Unit B",Baton Rouge,LA,70837
CUST007128,ampm #1509,2574 Green Dr,Seattle,WA,98147
CUST007129,Regency by Hyatt Louisville,5247 Magnolia Ave,Louisville,KY,40238
CUST007130,IHOP,983 Maple Dr,Newark,NJ,07196
CUST007131,Applebee's,"3454 Highland Rd, Suite 100",Baton Rouge,LA,70865
CUST007132,Giant Eagle,"1476 Chestnut St, Suite 100",Jackson,MS,39282
CUST007133,Miller Family Restaurant,8675 Highland Way,Hartford,CT,06118
CUST007134,Old Charleston Tavern,"3278 Elm Ct, #101",Charleston,SC,29450
CUST007135,WinCo Foods,"1682 Highland Ln, Ste A",Omaha,NE,68155
CUST007136,Aldi,"8485 Industrial Ln, Suite 200",Portland,OR,97250
CUST007137,Raising Cane's,3980 Chestnut Rd,San Diego,CA,92148
CUST007138,Seattle Diner,"3447 Market Way, Suite 200",Seattle,WA,98123
CUST007139,Four Seasons Miami,"7781 Cedar St, Suite 200",Springfield,IL,62727
CUST007140,Hooters,380 Cedar Pl,San Francisco,CA,94197
CUST007141,Discount Liquor Mart,"1499 Walnut Ave, Suite 100",Burlington,VT,05434
CUST007142,Sam's Club,"3922 Walnut Blvd, Ste A",Jackson,MS,39208
CUST007143,DeLuca's Diner,8071 Pine Dr,Richmond,VA,23215
CUST007144,Ferreira Kitchen,737 Division Dr,Spokane,WA,99297
CUST007145,Punch Bowl Social,"9016 Maple Ln, #101",Memphis,TN,38104
CUST007146,Martinez Family Restaurant,"1314 Spring St, #101",Queens,NY,11354
CUST007147,Holiday Inn Express Boston,7295 Peach Blvd,San Francisco,CA,94167
CUST007148,Corner Pocket Billiards & Bar,5299 Sunset Rd,Pittsburgh,PA,15219
CUST007149,Costco Wholesale,148 Harbor Rd,St. Paul,MN,55115
CUST007150,Lexington Bottle Shop,8814 Harbor Pkwy,Lexington,KY,40523
CUST007151,Perkins Restaurant,4076 Meadow Rd,San Diego,CA,92126
CUST007152,Hooters,"8153 Maple Ct, Unit B",Chicago,IL,60644
CUST007153,Kona Grill,"5259 Union Ln, Ste A",Cincinnati,OH,45295
CUST007154,Cheers Bar & Grill,"879 Forest Ave, Ste A",San Francisco,CA,94103
CUST007155,BJ's Wholesale Club,240 Highland Dr,Jackson,MS,39266
CUST007156,Outback Steakhouse,6242 Division St,Annapolis,MD,21442
CUST007157,Sonic Drive-In,4871 Highland Dr,Tampa,FL,33695
CUST007158,Red Lobster,"6883 River Pkwy, Unit B",Tampa,FL,33676
CUST007159,Binny's Beverage Depot,"7125 Harbor Rd, Suite 100",Columbia,SC,29291
CUST007160,Total Spirits Baltimore,"7209 Cherry Pkwy, Suite 100",Baltimore,MD,21290
CUST007161,Red by Radisson Colorado Springs,"2335 Forest Blvd, Suite 200",Colorado Springs,CO,80990
CUST007162,Tony's Grill,4068 Willow Way,Nashville,TN,37221
CUST007163,Choice Hotels Comfort Inn Houston,8030 Main Ave,Houston,TX,77094
CUST007164,Dave & Buster's,"7538 Magnolia Pkwy, Suite 200",Anchorage,AK,99511
CUST007165,Lidl,"3772 Green St, Suite 200",San Francisco,CA,94184
CUST007166,Waffle House,"7614 Center Rd, Ste A",Worcester,MA,01677
CUST007167,Raising Cane's,2831 Peach Blvd,Springfield,IL,62764
CUST007168,Raley's,1040 Sunset Pl,Oklahoma City,OK,73114
CUST007169,Honolulu Diner,5905 Walnut St,Honolulu,HI,96874
CUST007170,Costco Wholesale,"7454 Commerce Ct, Ste A",Houston,TX,77027
CUST007171,BevMo,"2576 Spring Ave, Suite 200",Little Rock,AR,72290
CUST007172,Binny's Beverage Depot,3952 Oak Ct,Columbia,SC,29296
CUST007173,Springfield Taproom,"9260 Harbor Ln, Ste A",Springfield,IL,62777
CUST007174,Olive Garden,"7678 Elm Pl, Ste A",Hartford,CT,06180
CUST007175,Waffle House,"6308 Main Dr, Ste A",Jackson,MS,39265
CUST007176,Courtyard by Marriott Reno,5176 Main St,Reno,NV,89517
CUST007177,The Park House,8654 Elm Ave,Columbia,SC,29282
CUST007178,BJ's Wholesale Club,"9006 Peach Way, Unit B",Austin,TX,78789
CUST007179,ampm #618,"6195 Commerce St, #101",Omaha,NE,68194
CUST007180,Bob Evans,6605 Main St,Tampa,FL,33628
CUST007181,Raley's,"8395 Forest Way, Ste A",Cincinnati,OH,45263
CUST007182,Whole Foods Market,"5679 Spring Ct, Suite 200",Detroit,MI,48264
CUST007183,Love's Travel Stop #4777,"1624 Church Rd, #101",Wilmington,DE,19855
CUST007184,CVS Pharmacy,"804 Washington Pkwy, Suite 200",Raleigh,NC,27654
CUST007185,The Boston Grille,"5303 Main Dr, Suite 100",Boston,MA,02100
CUST007186,Piggly Wiggly,"5025 Meadow Pl, Unit B",Portland,OR,97237
CUST007187,Giant Eagle,6468 Green St,Pittsburgh,PA,15237
CUST007188,CVS Pharmacy,"5455 Walnut Pl, #101",Colorado Springs,CO,80915
CUST007189,Total Spirits New Orleans,8851 Bay Pl,New Orleans,LA,70193
CUST007190,Rossi Family Restaurant,4388 Church Rd,St. Paul,MN,55196
CUST007191,Best Western Premier Orlando,"1019 Washington Pkwy, #101",Orlando,FL,32853
CUST007192,Holiday Inn Express by IHG Baltimore,2561 Meadow Pl,Baltimore,MD,21248
CUST007193,TGI Fridays,"1815 Sunset Rd, Ste A",Jackson,MS,39291
CUST007194,Old Orlando Tavern,"9249 Spring Blvd, Suite 100",Orlando,FL,32818
CUST007195,Whole Foods Market,"1618 Pine Pl, #101",Orlando,FL,32859
CUST007196,Smith's Liquor Store,3513 Center Dr,Miami,FL,33167
CUST007197,Park Family Restaurant,395 Commerce Blvd,Sacramento,CA,95805
CUST007198,The Tap Room,7688 River St,Portland,OR,97271
CUST007199,Applebee's,"3322 Broad St, #101",Savannah,GA,31434
CUST007200,Hilton Garden Inn Dallas,9158 Highland Way,Denver,CO,80260
CUST007201,Ramada by Wyndham Nashville,9969 Bay Rd,Nashville,TN,37272
CUST007202,Shake Shack,8225 Harbor Pl,Tucson,AZ,85701
CUST007203,Sonic Drive-In,1587 Peach Dr,Tampa,FL,33658
CUST007204,7-Eleven Store #5733,5866 Spring Blvd,Tucson,AZ,85723
CUST007205,Best Western Premier Houston,"498 Hill Dr, Ste A",Houston,TX,77006
CUST007206,Fairfield Inn by Marriott Richmond,"2190 Cherry Ct, Ste A",Richmond,VA,23266
CUST007207,Punch Bowl Social,2258 Commerce Pl,Providence,RI,02907
CUST007208,Richie's Seafood,"8241 Garden Pl, #101",Fort Worth,TX,76178
CUST007209,Mama Williams's Kitchen,287 Hill Pkwy,Jackson,MS,39202
CUST007210,Kona Grill,"7772 Highland Rd, Unit B",Las Vegas,NV,89166
CUST007211,Papa Park's,"6759 Peach Rd, #101",St. Louis,MO,63135
CUST007212,Love's Travel Stop #5665,"7231 Union Rd, #101",Memphis,TN,38118
CUST007213,Brown's Pub,1930 Lake Rd,Tampa,FL,33697
CUST007214,Wingstop,6049 Center Way,Baltimore,MD,21246
CUST007215,Sam's Club,9167 Oak Dr,Jersey City,NJ,07373
CUST007216,Choice Hotels Quality Inn Cincinnati,"6680 Peach Ave, Suite 200",Cincinnati,OH,45222
CUST007217,Winn-Dixie,"5012 Center Pkwy, Ste A",Orlando,FL,32848
CUST007218,BevMo,9933 Garden Pl,San Francisco,CA,94151
CUST007219,Little Rock Bottle Shop,6704 Meadow Pkwy,Little Rock,AR,72245
CUST007220,Stater Bros.,7822 Park Ave,Tulsa,OK,74169
CUST007221,Red Lobster,"1987 Valley Dr, Suite 100",Minneapolis,MN,55479
CUST007222,World of Beer,"5026 Main Ave, Unit B",Lexington,KY,40556
CUST007223,Wingstop,"145 Walnut Rd, #101",Worcester,MA,01661
CUST007224,Lidl,"7791 Division Pl, Unit B",Charlotte,NC,28289
CUST007225,Sports Page Bar,"8722 Park Ct, Ste A",Honolulu,HI,96816
CUST007226,Cracker Barrel,3254 Union Ln,Birmingham,AL,35253
CUST007227,Fine Wine & Spirits,"3537 Maple St, Unit B",Phoenix,AZ,85091
CUST007228,Mama Martinez's,2691 Center Ave,Columbia,SC,29249
CUST007229,Mama Patel's Pizzeria,"6902 Hill Blvd, #101",Cleveland,OH,44162
CUST007230,Speedway #4103,2547 Oak Ct,Jackson,MS,39291
CUST007231,Bob's Grill,7564 Center St,Dallas,TX,75212
CUST007232,Hampton Inn by Hilton Providence,"5892 Willow Pkwy, #101",Providence,RI,02991
CUST007233,Hooters,919 Park Blvd,Los Angeles,CA,90095
CUST007234,Neighborhood Bar & Grill,5929 Green Pl,New York,NY,10059
CUST007235,IHOP,1631 Commerce Way,Grand Rapids,MI,49523
CUST007236,Holiday Inn by IHG Oklahoma City,7953 Park Blvd,Oklahoma City,OK,73139
CUST007237,Vic & Frank's Steakhouse,"2783 Commerce Ct, Ste A",Seattle,WA,98184
CUST007238,The Cheesecake Factory,"8623 Maple Dr, Suite 100",Lexington,KY,40508
CUST007239,HEB,9003 Lake Ave,Louisville,KY,40287
CUST007240,Little Rock Wine & Spirits,"7802 Highland Pl, Ste A",Little Rock,AR,72283
CUST007241,Choice Hotels Clarion Dallas,"7915 Garden Ln, #101",Dallas,TX,75283
CUST007242,IHOP,"6248 Garden Way, Unit B",Springfield,IL,62793
CUST007243,Mama Esposito's,"6087 Pine Dr, Ste A",Anchorage,AK,99550
CUST007244,Johnson's Diner,"9720 Cedar Pkwy, Ste A",Springfield,IL,62739
CUST007245,Walgreens,7257 Commerce Ct,Baltimore,MD,21298
CUST007246,Rite Aid,7145 Sunset Pkwy,Grand Rapids,MI,49578
CUST007247,Chipotle Mexican Grill,2028 Garden Rd,Wilmington,DE,19881
CUST007248,Lexington Liquors,1395 Market Dr,Lexington,KY,40589
CUST007249,The Tap Room,4424 Church Dr,Annapolis,MD,21436
CUST007250,Smart & Final,"6756 Park Dr, Suite 100",Savannah,GA,31483
CUST007251,Park's Pub,1931 Maple Blvd,San Antonio,TX,78209
CUST007252,Raley's,"1083 Walnut Blvd, Suite 200",Seattle,WA,98176
CUST007253,San Francisco Diner,"6114 Union Way, Suite 100",San Francisco,CA,94145
CUST007254,Safeway,"6183 Garden Way, #101",Denver,CO,80245
CUST007255,Golden Corral,4710 Spring Pl,Madison,WI,53783
CUST007256,Loews Hotel Philadelphia,"6578 Broad Pkwy, Suite 100",Houston,TX,77044
CUST007257,The Milwaukee Grille,2366 Cedar Ct,Milwaukee,WI,53266
CUST007258,Raleigh Diner,4150 Lake Pkwy,Raleigh,NC,27651
CUST007259,DoubleTree by Hilton Philadelphia,1439 Lake Ave,Philadelphia,PA,19175
CUST007260,The New Anchor,"8634 Pine Pl, Unit B",Jacksonville,FL,32260
CUST007261,Esposito's Diner,4434 Chestnut Dr,San Francisco,CA,94130
CUST007262,Anna's Seafood,7018 Cherry Blvd,Indianapolis,IN,46222
CUST007263,The Cheesecake Factory,2553 Cedar Ct,Indianapolis,IN,46250
CUST007264,Marketview Liquor,"4759 Cherry Blvd, Suite 200",New York,NY,10081
CUST007265,Best Western Premier New York,"3563 Broad Blvd, #101",New York,NY,10072
CUST007266,San Antonio Wine & Spirits,856 Division Blvd,San Antonio,TX,78279
CUST007267,Sal's Seafood,4069 Industrial Way,Boston,MA,02152
CUST007268,La Quinta by Wyndham Lexington,885 Church Rd,Lexington,KY,40539
CUST007269,The Jones House,"1522 Hill St, Suite 200",Philadelphia,PA,19160
CUST007270,Miller's BBQ,6115 Willow Pkwy,Eugene,OR,97428
CUST007271,Mama Garcia's,"2667 Broad Ave, Ste A",San Diego,CA,92170
CUST007272,The Brown House,6626 Elm Ln,Tucson,AZ,85739
CUST007273,7-Eleven Store #9507,"1900 Garden St, Ste A",Hartford,CT,06107
CUST007274,Sam's Club,2573 Broad Ln,San Diego,CA,92137
CUST007275,Bar Louie,2898 Union Ct,New York,NY,10011
CUST007276,Panera Bread,"5368 Willow Pl, Unit B",San Diego,CA,92129
CUST007277,P.F. Chang's,"6105 Cherry Ct, Ste A",Queens,NY,11366
CUST007278,Total Wine & More,2047 Elm Blvd,Queens,NY,11338
CUST007279,Super 8 by Wyndham Tulsa,"6030 Main Dr, Unit B",Tulsa,OK,74139
CUST007280,Sports Page Bar,"8850 Market Ave, #101",Little Rock,AR,72257
CUST007281,Choice Hotels Quality Inn Cincinnati,6065 Sunset Pl,Cincinnati,OH,45274
CUST007282,Punch Bowl Social,8172 Union Ave,Phoenix,AZ,85098
CUST007283,Walgreens,1501 Hill Way,Cincinnati,OH,45251
CUST007284,Ferreira Kitchen,"1428 Oak Pl, Ste A",Philadelphia,PA,19110
CUST007285,Spec's Liquor,"5864 Spring Ave, Suite 200",Las Vegas,NV,89140
CUST007286,Papa DeLuca's,"6198 Cedar Way, Ste A",Eugene,OR,97420
CUST007287,Wawa #9953,3773 Washington St,Seattle,WA,98166
CUST007288,Albertsons,"2251 Hill Dr, Ste A",Raleigh,NC,27669
CUST007289,Sam's Club,"4764 Green Blvd, Unit B",Madison,WI,53762
CUST007290,Romano Kitchen,"5908 Washington Rd, Unit B",Columbia,SC,29298
CUST007291,Fine Wine & Spirits,"8584 Cedar Blvd, Suite 100",Albuquerque,NM,87152
CUST007292,Buffalo Wild Wings,8392 Sunset Blvd,Indianapolis,IN,46269
CUST007293,Martinez's Pub,887 Lake Pkwy,Burlington,VT,05486
CUST007294,Main Street Liquors,9178 Pine Ln,Reno,NV,89531
CUST007295,Cracker Barrel,5518 Magnolia St,Minneapolis,MN,55456
CUST007296,CVS Pharmacy,7073 Magnolia St,Birmingham,AL,35242
CUST007297,Ferreira Family Restaurant,4527 Forest Blvd,Cincinnati,OH,45261
CUST007298,Red Lobster,9194 Cherry Way,Cleveland,OH,44133
CUST007299,Hartford Grill,"9067 Green Ln, #101",Hartford,CT,06130
CUST007300,Kwik Trip #2396,7403 Willow Blvd,Boston,MA,02196
CUST007301,Homewood Suites by Hilton St. Louis,"3346 Elm St, Suite 100",St. Louis,MO,63149
CUST007302,Garden Inn by Hilton Eugene,"573 Park Dr, #101",Eugene,OR,97419
CUST007303,The Golden Anchor,5681 Bay Ave,Annapolis,MD,21482
CUST007304,In-N-Out Burger,5743 Sunset Dr,Minneapolis,MN,55484
CUST007305,Pat's Grill,8044 Pine St,Chicago,IL,60684
CUST007306,The Broken Spoke,"6662 Bay Pl, Suite 200",Houston,TX,77084
CUST007307,The Cheesecake Factory,9830 Green Ln,Albuquerque,NM,87163
CUST007308,Corner Pocket Billiards & Bar,"9051 Center Ct, #101",New Orleans,LA,70104
CUST007309,Philadelphia Wine & Spirits,"2551 Forest Pkwy, Unit B",Philadelphia,PA,19123
CUST007310,Red Lobster,3236 Forest Ave,Sioux Falls,SD,57192
CUST007311,DeLuca Family Restaurant,3798 Harbor Way,Spokane,WA,99236
CUST007312,Mama Patel's Kitchen,"6222 Division St, #101",St. Louis,MO,63198
CUST007313,Safeway,4304 Center Ct,Cincinnati,OH,45269
CUST007314,Four Seasons Miami,3028 Meadow Pkwy,Albuquerque,NM,87109
CUST007315,Garcia's BBQ,2270 Industrial Blvd,Louisville,KY,40200
CUST007316,LongHorn Steakhouse,"3127 Main Way, Suite 200",Albuquerque,NM,87156
CUST007317,Old Burlington Tavern,"9905 River Dr, #101",Burlington,VT,05466
CUST007318,Sonic Drive-In,6504 Elm Rd,San Diego,CA,92128
CUST007319,Bar Louie,4118 Spring St,Tulsa,OK,74107
CUST007320,Love's Travel Stop #9450,"5371 Pine Dr, #101",Sioux Falls,SD,57100
CUST007321,Frank's Seafood,"6178 Bay Ln, Suite 200",Burlington,VT,05463
CUST007322,LongHorn Steakhouse,"9972 Magnolia Pl, Ste A",Colorado Springs,CO,80944
CUST007323,Wawa #4946,"9885 River Way, Ste A",San Diego,CA,92126
CUST007324,Charleston Diner,"4550 Spring Ct, Suite 100",Charleston,SC,29432
CUST007325,Speedway #8784,7106 Walnut Rd,Hartford,CT,06153
CUST007326,Walgreens,"745 Green Ct, Unit B",Denver,CO,80217
CUST007327,Winn-Dixie,"4130 Maple Ct, Suite 100",Little Rock,AR,72258
CUST007328,Old Sacramento Tavern,"4539 Sunset Pkwy, #101",Sacramento,CA,95881
CUST007329,Yard House,720 Harbor Ct,Fargo,ND,58140
CUST007330,Stop & Shop,"7468 Elm Pl, Ste A",Richmond,VA,23268
CUST007331,The Draft House,"1052 Market Ln, #101",Memphis,TN,38120
CUST007332,LongHorn Steakhouse,461 Park Ct,Birmingham,AL,35223
CUST007333,Choice Hotels Clarion Memphis,1454 Center Pl,Memphis,TN,38168
CUST007334,BevMo,1212 Washington Ct,Las Vegas,NV,89192
CUST007335,Fine Wine & Spirits,"2078 Maple St, Suite 100",Seattle,WA,98171
CUST007336,Mama Johnson's,6629 Center Pl,San Diego,CA,92120
CUST007337,Rosa & Phil's Steakhouse,"3541 Broad Pl, #101",Dallas,TX,75279
CUST007338,Wingstop,6405 Green Way,Cincinnati,OH,45235
CUST007339,Providence Liquors,"8754 Elm St, #101",Providence,RI,02945
CUST007340,The Rusty Nail,"6343 Cedar Way, #101",Worcester,MA,01631
CUST007341,Courtyard by Marriott Chicago,4859 Forest Ave,Nashville,TN,37292
CUST007342,Applebee's,"124 Center Pl, #101",Sioux Falls,SD,57141
CUST007343,Hy-Vee,4868 Lake Rd,Eugene,OR,97473
CUST007344,Old Honolulu Tavern,8952 Pine Pkwy,Honolulu,HI,96827
CUST007345,Sonic Drive-In,"2511 Cedar Ave, Suite 100",Cincinnati,OH,45274
CUST007346,Jack & Frank's Steakhouse,2060 Elm Dr,San Francisco,CA,94183
CUST007347,Park's Liquor Store,"1633 Hill Way, Suite 200",Worcester,MA,01643
CUST007348,Rite Aid,"2188 Maple Ct, Unit B",Miami,FL,33144
CUST007349,Chili's,5860 Center Blvd,Madison,WI,53759
CUST007350,Raising Cane's,8408 Washington Pkwy,Columbia,SC,29203
CUST007351,Orlando Bistro,"5994 Meadow Pkwy, #101",Orlando,FL,32816
CUST007352,Cracker Barrel,2245 Garden Rd,Las Vegas,NV,89105
CUST007353,Outback Steakhouse,"2501 Center Ln, Unit B",Little Rock,AR,72250
CUST007354,Cincinnati Grill,"1106 Union Pl, Ste A",Cincinnati,OH,45260
CUST007355,Choice Hotels Econo Lodge St. Paul,7753 Garden Pl,St. Paul,MN,55191
CUST007356,Sports Page Bar,"6218 Washington Way, Suite 200",Philadelphia,PA,19108
CUST007357,Birmingham Kitchen,"8483 Lake Way, Unit B",Birmingham,AL,35248
CUST007358,Main Street Liquors,"1064 Market Blvd, Suite 200",Colorado Springs,CO,80918
CUST007359,The Tap Room,2286 Main Way,Cleveland,OH,44119
CUST007360,Hooters,"7284 Chestnut Ct, Ste A",Hartford,CT,06150
CUST007361,Hy-Vee,"5895 Forest Rd, Unit B",Hartford,CT,06190
CUST007362,Waffle House,9712 Pine Ln,Brooklyn,NY,11227
CUST007363,Lidl,9150 Division Dr,Fort Worth,TX,76100
CUST007364,Mama Chen's Kitchen,"6439 Cedar Rd, Unit B",Grand Rapids,MI,49507
CUST007365,Walgreens,9182 Valley Rd,Seattle,WA,98169
CUST007366,Chicago Grill,3295 Forest Blvd,Chicago,IL,60644
CUST007367,Casey's General Store #484,"4266 Valley Ln, #101",Anchorage,AK,99565
CUST007368,Holiday Inn Express Boston,"1265 Meadow Pl, Suite 200",Omaha,NE,68199
CUST007369,Cracker Barrel,"4194 Market Dr, Unit B",Austin,TX,78727
CUST007370,Best Western Providence,2389 Green Pl,Providence,RI,02999
CUST007371,Staybridge Suites by IHG Seattle,4901 Industrial Rd,Seattle,WA,98171
CUST007372,Lidl,"6379 Center Rd, Ste A",Seattle,WA,98191
CUST007373,Red Lobster,"6301 Spring Way, #101",New York,NY,10009
CUST007374,Las Vegas Wine & Spirits,"2531 Commerce Pl, Unit B",Las Vegas,NV,89145
CUST007375,The Draft House,"6687 Bay Ct, #101",Miami,FL,33166
CUST007376,Casa Esposito,9019 Cedar Rd,Dallas,TX,75251
CUST007377,Milwaukee Bottle Shop,"1942 Peach St, Suite 200",Milwaukee,WI,53228
CUST007378,7-Eleven Store #4620,"3660 Valley Ln, Unit B",Nashville,TN,37258
CUST007379,Neighborhood Bar & Grill,"4858 Cedar Blvd, Unit B",Kansas City,MO,64188
CUST007380,The Draft House,1857 Broad Pl,Eugene,OR,97428
CUST007381,Kona Grill,"4886 Chestnut Ln, Unit B",Spokane,WA,99266
CUST007382,Courtyard by Marriott Chicago,"345 Hill Way, #101",Seattle,WA,98164
CUST007383,Homewood Suites by Hilton Honolulu,"8480 Chestnut Dr, Suite 200",Honolulu,HI,96846
CUST007384,Meijer,8867 Bay Ln,St. Paul,MN,55101
CUST007385,ABC Fine Wine & Spirits,9509 Industrial St,Sacramento,CA,95895
CUST007386,The Jersey City Grille,3479 Washington Way,Jersey City,NJ,07353
CUST007387,Choice Hotels Quality Inn Orlando,"2955 Cherry Way, Suite 100",Orlando,FL,32868
CUST007388,Four Seasons Miami,4760 Sunset Rd,Hartford,CT,06197
CUST007389,Staybridge Suites by IHG New Orleans,9962 Willow Pl,New Orleans,LA,70174
CUST007390,Portland Kitchen,"7582 Chestnut Dr, #101",Portland,OR,97234
CUST007391,Ramada by Wyndham Fargo,"8069 Spring Rd, Suite 200",Fargo,ND,58124
CUST007392,Hyatt Place Denver,8818 Church Pl,Houston,TX,77089
CUST007393,The Tap Room,"186 Industrial Rd, Suite 100",Providence,RI,02955
CUST007394,Outback Steakhouse,"8544 Cherry Rd, Ste A",Memphis,TN,38160
CUST007395,Rite Aid,"3888 Sunset Dr, Ste A",San Antonio,TX,78248
CUST007396,Marketview Liquor,"8631 Meadow Ave, Suite 200",Honolulu,HI,96802
CUST007397,Chipotle Mexican Grill,943 Highland Ct,Salt Lake City,UT,84132
CUST007398,Kim's Tavern,7966 River Ave,Wilmington,DE,19850
CUST007399,Mama Esposito's,"7432 Park Ave, Suite 100",Oklahoma City,OK,73145
CUST007400,Nashville Bistro,2001 Elm Ave,Nashville,TN,37224
CUST007401,Raley's,5000 Chestnut Rd,Anchorage,AK,99579
CUST007402,Marketview Liquor,9901 Pine Pkwy,Columbus,OH,43218
CUST007403,Main Street Liquors,6602 Industrial Way,Newark,NJ,07148
CUST007404,Ritz-Carlton New Orleans,"2121 Bay Ct, Ste A",Orlando,FL,32865
CUST007405,IHOP,"9517 Forest St, Ste A",New Orleans,LA,70193
CUST007406,CVS Pharmacy,"2573 Elm Way, Suite 100",Newark,NJ,07123
CUST007407,Fine Wine & Spirits,8159 Oak Ave,Dallas,TX,75200
CUST007408,Mama Chen's,"9682 Market Dr, Suite 100",Houston,TX,77057
CUST007409,Corner Pocket Billiards & Bar,"4616 Magnolia Ave, #101",Annapolis,MD,21478
CUST007410,Total Wine & More,"4815 Pine Pkwy, Suite 100",Baltimore,MD,21297
CUST007411,Dave & Buster's,"9167 Maple Ave, Suite 100",Charleston,SC,29444
CUST007412,Wingstop,"4965 Highland Pkwy, Unit B",Omaha,NE,68133
CUST007413,Walgreens,2950 River Ct,Minneapolis,MN,55420
CUST007414,The New Eagle,"9180 Valley Rd, Suite 100",Houston,TX,77058
CUST007415,Cracker Barrel,3117 Lake Blvd,Atlanta,GA,30399
CUST007416,Bar Louie,7740 Park St,Indianapolis,IN,46200
CUST007417,Bob Evans,4340 Broad Ave,Wilmington,DE,19892
CUST007418,Red Lobster,"6012 Church Pkwy, Unit B",Salt Lake City,UT,84199
CUST007419,Main Street Liquors,"9735 Hill Rd, Suite 200",Chicago,IL,60687
CUST007420,Nick's Seafood,"5815 Center Blvd, #101",Austin,TX,78774
CUST007421,Papa Williams's,6579 Valley Rd,Reno,NV,89576
CUST007422,Casa Romano,9928 River Ave,Orlando,FL,32869
CUST007423,Bob Evans,8578 Market Ave,Eugene,OR,97448
CUST007424,Charleston Brewing Co.,"5314 Hill Pl, Suite 100",Charleston,SC,29429
CUST007425,Detroit Diner,4800 Hill Pl,Detroit,MI,48225
CUST007426,GetGo #5079,8092 Highland Ave,Spokane,WA,99260
CUST007427,Mama Davis's Pizzeria,"1937 Valley Pkwy, Ste A",San Francisco,CA,94102
CUST007428,Baton Rouge Grill,9615 Union Ct,Baton Rouge,LA,70821
CUST007429,Marketview Liquor,"8579 Washington Pl, Ste A",Providence,RI,02937
CUST007430,Steak 'n Shake,3956 Main Blvd,Buffalo,NY,14281
CUST007431,Denny's,3407 Oak Ct,Cincinnati,OH,45254
CUST007432,Super 8 by Wyndham Austin,"5876 Center Ave, Suite 200",Austin,TX,78720
CUST007433,Kim's Diner,"4929 Broad Pkwy, Ste A",Cincinnati,OH,45296
CUST007434,In-N-Out Burger,3708 River Ave,Newark,NJ,07104
CUST007435,Neighborhood Bar & Grill,8878 Union Pl,Hartford,CT,06135
CUST007436,Hyatt Place Denver,6786 Park Rd,Detroit,MI,48298
CUST007437,The Copper Bear,"7815 River Ave, #101",Pittsburgh,PA,15267
CUST007438,Marketview Liquor,"9641 Main St, Suite 100",St. Louis,MO,63158
CUST007439,Staybridge Suites by IHG Albuquerque,312 Green Ct,Albuquerque,NM,87110
CUST007440,Cincinnati Diner,7809 Church Ave,Cincinnati,OH,45289
CUST007441,Best Western Baltimore,"8329 Cedar Ct, Unit B",Baltimore,MD,21261
CUST007442,Giant Eagle,6623 Hill St,Oklahoma City,OK,73182
CUST007443,Circle K #2922,"6110 Industrial Rd, Ste A",Louisville,KY,40280
CUST007444,Choice Hotels Clarion Queens,"8185 Valley Ave, Suite 100",Queens,NY,11362
CUST007445,Kona Grill,1491 Center Pl,Queens,NY,11312
CUST007446,Hampton Inn by Hilton Seattle,"6016 Industrial Dr, Suite 200",Seattle,WA,98176
CUST007447,HEB,"8833 Maple Blvd, Suite 200",Spokane,WA,99264
CUST007448,WinCo Foods,6513 Lake Ct,New York,NY,10077
CUST007449,Speedway #5926,611 Chestnut Ave,St. Louis,MO,63152
CUST007450,Doubletree by Hilton Seattle,5736 Magnolia Way,Columbia,SC,29222
CUST007451,TGI Fridays,9155 Harbor Pkwy,Boston,MA,02122
CUST007452,Costco Wholesale,"771 Lake Pl, #101",Charleston,SC,29434
CUST007453,Ramada by Wyndham St. Louis,325 Pine Pkwy,St. Louis,MO,63195
CUST007454,Sam's Club,9824 Valley Ave,Cleveland,OH,44129
CUST007455,Premier Wine & Spirits,7789 Broad St,San Diego,CA,92155
CUST007456,Garden Inn by Hilton Worcester,"1151 Spring Rd, #101",Worcester,MA,01643
CUST007457,Keg Liquors,"3333 Pine Way, #101",Richmond,VA,23215
CUST007458,Chicago Brewing Co.,4919 Market Pl,Chicago,IL,60683
CUST007459,Fine Wine & Spirits,"4695 Garden Ave, Suite 200",Philadelphia,PA,19183
CUST007460,Sam's Club,1483 Broad Ln,Austin,TX,78741
CUST007461,Kim Kitchen,"3442 Sunset Pkwy, Ste A",Providence,RI,02968
CUST007462,Holiday Inn by IHG Charlotte,"9465 Center St, Suite 100",Charlotte,NC,28268
CUST007463,Best Western Premier Lexington,"3658 Chestnut Way, Ste A",Lexington,KY,40567
CUST007464,Radisson Jackson,1628 Magnolia Dr,Jackson,MS,39276
CUST007465,Whole Foods Market,6289 Sunset Blvd,Phoenix,AZ,85058
CUST007466,Denny's,"2364 Market Rd, Ste A",Providence,RI,02924
CUST007467,The Patel House,122 Cedar Dr,Baton Rouge,LA,70869
CUST007468,P.F. Chang's,8931 Hill Dr,Spokane,WA,99258
CUST007469,Sam's Club,1654 Oak Ct,Atlanta,GA,30310
CUST007470,Binny's Beverage Depot,"4439 Garden Way, Unit B",Dallas,TX,75207
CUST007471,CVS Pharmacy,"5995 Bay Dr, #101",Albuquerque,NM,87146
CUST007472,Best Western Plus San Antonio,"2525 Highland Pkwy, Unit B",San Antonio,TX,78220
CUST007473,Sam's Club,1647 Green Ct,Milwaukee,WI,53245
CUST007474,Whataburger,"744 Cedar Ct, Suite 100",St. Louis,MO,63145
CUST007475,Radisson Tucson,"5993 Hill Ct, #101",Tucson,AZ,85708
CUST007476,Liquor Barn,"7303 Forest Ln, Suite 100",Tampa,FL,33670
CUST007477,Panera Bread,"7039 Hill Way, Suite 200",Oklahoma City,OK,73137
CUST007478,Sacramento Diner,2357 Valley Ave,Sacramento,CA,95887
CUST007479,Charlotte Grill,"399 River Pkwy, Suite 200",Charlotte,NC,28207
CUST007480,World of Beer,"4859 Church Ct, Suite 100",Sacramento,CA,95856
CUST007481,Sonic Drive-In,4846 Division Rd,Charleston,SC,29408
CUST007482,Bob Evans,"5985 Elm Pl, Suite 200",Eugene,OR,97493
CUST007483,Casey's General Store #3007,"6482 Meadow Ct, Unit B",Jackson,MS,39230
CUST007484,Winn-Dixie,5260 Meadow Pkwy,Baton Rouge,LA,70858
CUST007485,Caruso Kitchen,"9790 Cherry Rd, Suite 100",St. Louis,MO,63182
CUST007486,Grand by Hyatt Jackson,"4609 Commerce Ave, #101",Jackson,MS,39215
CUST007487,Sunset Lounge,996 Highland Ln,Boston,MA,02129
CUST007488,Raising Cane's,"8844 Industrial Pl, Suite 200",Raleigh,NC,27666
CUST007489,Birmingham Bistro,"5896 Center Blvd, Suite 100",Birmingham,AL,35243
CUST007490,Caruso Family Restaurant,"1932 Division St, Ste A",San Antonio,TX,78254
CUST007491,Binny's Beverage Depot,"2254 Washington Blvd, Ste A",Grand Rapids,MI,49556
CUST007492,ampm #5764,2521 Broad Ave,Annapolis,MD,21434
CUST007493,Raleigh Tap Room,7046 Market Blvd,Raleigh,NC,27681
CUST007494,WinCo Foods,"2323 Division Ave, Suite 200",Milwaukee,WI,53211
CUST007495,Sonic Drive-In,2228 River Ln,Tampa,FL,33697
CUST007496,Spokane Diner,5231 Park Ln,Spokane,WA,99228
CUST007497,HEB,"2716 Oak Rd, Suite 200",Dallas,TX,75278
CUST007498,Texas Roadhouse,"7623 Industrial Pkwy, Suite 100",Fargo,ND,58120
CUST007499,Golden Corral,"4499 Bay Ave, #101",Newark,NJ,07175
CUST007500,Miller's Pub,"234 Broad Ln, Ste A",Houston,TX,77001
CUST007501,Omni Dallas Hotel,"6341 Washington St, Suite 100",Baltimore,MD,21260
CUST007502,Casa DeLuca,"5117 Meadow Pkwy, Unit B",Little Rock,AR,72217
CUST007503,Smith's Diner,"3787 Green Way, Suite 100",Houston,TX,77072
CUST007504,Twin Peaks,9913 Market Way,San Antonio,TX,78240
CUST007505,Smart & Final,"6593 Washington Ct, #101",Houston,TX,77070
CUST007506,Nguyen's BBQ,"7860 Cedar Rd, Suite 100",Tucson,AZ,85717
CUST007507,Corner Pocket Billiards & Bar,8268 Valley Pl,Seattle,WA,98118
CUST007508,Walgreens,"1259 Green Pkwy, Ste A",St. Louis,MO,63199
CUST007509,Milwaukee Tap Room,2449 Highland Way,Milwaukee,WI,53214
CUST007510,The Martinez House,5505 Magnolia Ave,Birmingham,AL,35222
CUST007511,The Cheesecake Factory,"7289 Union Pkwy, Suite 200",St. Louis,MO,63194
CUST007512,Food Lion,8671 Elm Blvd,Detroit,MI,48257
CUST007513,Worcester Taproom,1577 Pine Blvd,Worcester,MA,01691
CUST007514,Dave & Buster's,"5154 Division Blvd, Suite 100",Reno,NV,89556
CUST007515,Bob Evans,"8303 Park St, Unit B",Birmingham,AL,35269
CUST007516,GetGo #4209,"6031 Park Rd, #101",Seattle,WA,98116
CUST007517,Twin Peaks,"9779 Center Ct, Ste A",Honolulu,HI,96856
CUST007518,Binny's Beverage Depot,7624 Chestnut Ave,Birmingham,AL,35268
CUST007519,Applebee's,"2910 Highland Rd, Ste A",Atlanta,GA,30326
CUST007520,House by Hyatt Lexington,"396 Walnut Way, Suite 200",Lexington,KY,40501
CUST007521,Luigi's Bar & Grill,"2295 Main Pl, Suite 200",Jacksonville,FL,32233
CUST007522,Choice Hotels Comfort Inn Jersey City,2522 Hill St,Jersey City,NJ,07348
CUST007523,Smith's Tavern,5107 Chestnut St,Los Angeles,CA,90079
CUST007524,In-N-Out Burger,7323 Cherry Way,Kansas City,MO,64118
CUST007525,Papa DeLuca's,2844 Spring Blvd,Lexington,KY,40587
CUST007526,Garden Inn by Hilton Denver,7861 Center St,Denver,CO,80236
CUST007527,Total Spirits Columbia,"5248 Bay Pl, Ste A",Columbia,SC,29242
CUST007528,7-Eleven Store #1857,9553 Division Ln,Eugene,OR,97466
CUST007529,Main Street Liquors,9330 Commerce St,Albuquerque,NM,87167
CUST007530,Walgreens,"7897 Industrial Ln, Suite 200",Orlando,FL,32848
CUST007531,Chipotle Mexican Grill,4443 Walnut Way,Birmingham,AL,35254
CUST007532,Chen's Diner,1007 Magnolia Ct,San Francisco,CA,94177
CUST007533,Nguyen's Tavern,"5227 Hill Way, Unit B",Orlando,FL,32861
CUST007534,Shake Shack,"1695 Valley Ct, Suite 100",Honolulu,HI,96822
CUST007535,Holiday Inn Express by IHG Los Angeles,3463 Church Ave,Los Angeles,CA,90065
CUST007536,Kona Grill,"4356 Hill Ln, Suite 200",Oklahoma City,OK,73177
CUST007537,Holiday Inn Express Boston,4195 Chestnut Rd,Atlanta,GA,30369
CUST007538,Westin Atlanta Peachtree,"5050 River St, Unit B",St. Louis,MO,63146
CUST007539,Keg Liquors,8126 Market Blvd,Anchorage,AK,99545
CUST007540,Red Robin,"6350 Elm Ct, #101",Orlando,FL,32882
CUST007541,Golden Corral,5208 Lake Pkwy,Oklahoma City,OK,73174
CUST007542,LongHorn Steakhouse,1686 Cherry Ln,Seattle,WA,98178
CUST007543,Mama Davis's,1748 Bay Pkwy,Los Angeles,CA,90083
CUST007544,Cheers Bar & Grill,"4842 Oak Dr, Ste A",Providence,RI,02961
CUST007545,Total Spirits Spokane,"3954 Highland St, Suite 100",Spokane,WA,99223
CUST007546,Austin Tap Room,"8181 Bay Ave, Ste A",Austin,TX,78767
CUST007547,Salt Lake City Brewing Co.,"4552 Spring St, Ste A",Salt Lake City,UT,84193
CUST007548,Sonic Drive-In,9782 Meadow Ct,Boston,MA,02133
CUST007549,Steak 'n Shake,"632 Elm Way, Suite 100",Phoenix,AZ,85046
CUST007550,ampm #406,"5803 Industrial Dr, Ste A",Fargo,ND,58165
CUST007551,Red Lobster,1856 Industrial Ct,Philadelphia,PA,19177
CUST007552,Mama Nguyen's,7537 Center Ave,Burlington,VT,05437
CUST007553,Place by Hyatt Milwaukee,"7967 Pine Pl, #101",Milwaukee,WI,53206
CUST007554,La Quinta by Wyndham Virginia Beach,"2269 Cedar Rd, Suite 200",Virginia Beach,VA,23424
CUST007555,Tony's Seafood,"3002 Meadow Way, Ste A",Burlington,VT,05479
CUST007556,Sunset Lounge,"7966 Broad Pkwy, #101",Dallas,TX,75220
CUST007557,Winn-Dixie,"1947 Main Dr, #101",St. Louis,MO,63193
CUST007558,LongHorn Steakhouse,"9779 Meadow Blvd, Ste A",Savannah,GA,31461
CUST007559,P.F. Chang's,"6713 Market St, #101",Milwaukee,WI,53245
CUST007560,House by Hyatt Salt Lake City,"8888 Division Pl, #101",Salt Lake City,UT,84172
CUST007561,House by Hyatt Colorado Springs,"2118 Valley Way, #101",Colorado Springs,CO,80911
CUST007562,GetGo #9926,1220 Hill Dr,Hartford,CT,06129
CUST007563,Sonic Drive-In,7010 Lake Way,New Orleans,LA,70114
CUST007564,Jacksonville Ale House,3807 Chestnut St,Jacksonville,FL,32243
CUST007565,Little Rock Grill,"8935 Hill Ct, #101",Little Rock,AR,72210
CUST007566,Holiday Inn Express Boston,7792 River Dr,Lexington,KY,40551
CUST007567,Waffle House,"9615 Chestnut Ave, Unit B",Columbus,OH,43270
CUST007568,Giant Eagle,9987 Church Dr,Annapolis,MD,21499
CUST007569,Dave & Buster's,"5639 Market Blvd, Ste A",Dallas,TX,75222
CUST007570,Romano Kitchen,"877 Commerce Dr, #101",Reno,NV,89579
CUST007571,Speedway #7300,2384 River St,Portland,OR,97201
CUST007572,Applebee's,7283 Walnut Ln,Queens,NY,11335
CUST007573,Tom's Grill,"8333 Willow Pkwy, Suite 100",Memphis,TN,38118
CUST007574,Sam's Club,"6492 Sunset Dr, Unit B",Richmond,VA,23270
CUST007575,Waffle House,2407 Broad Dr,Charlotte,NC,28234
CUST007576,Jack's Grill,"7000 Lake Pl, Ste A",Seattle,WA,98163
CUST007577,Sam & Nick's Steakhouse,"6272 Oak Ave, Suite 200",St. Paul,MN,55146
CUST007578,Premier Wine & Spirits,1604 Broad Ave,Omaha,NE,68114
CUST007579,DeLuca's Liquor Store,"7161 Main Pkwy, Unit B",New York,NY,10009
CUST007580,Cheers Bar & Grill,"1562 Elm Ave, Unit B",Sacramento,CA,95870
CUST007581,Johnson's Pub,"2252 Highland Ave, #101",Tampa,FL,33685
CUST007582,Waffle House,1228 Highland St,Minneapolis,MN,55421
CUST007583,Wawa #2168,2082 Washington Way,Sacramento,CA,95859
CUST007584,Las Vegas Kitchen,7904 Hill Blvd,Las Vegas,NV,89154
CUST007585,The San Diego Grille,7007 Washington St,San Diego,CA,92125
CUST007586,Stop & Shop,7459 Maple Ln,Eugene,OR,97430
CUST007587,Sheetz #4301,3166 Church Blvd,Houston,TX,77073
CUST007588,Binny's Beverage Depot,1610 Hill Ave,Dallas,TX,75267
CUST007589,Four Seasons Miami,"4118 Elm Ct, Ste A",Tucson,AZ,85718
CUST007590,Speedway #1029,"6150 Pine Ln, Suite 200",Atlanta,GA,30368
CUST007591,Texas Roadhouse,191 River Blvd,Madison,WI,53722
CUST007592,New Orleans Diner,7524 Chestnut Ln,New Orleans,LA,70107
CUST007593,Garden Inn by Hilton San Diego,6458 Magnolia Ct,San Diego,CA,92197
CUST007594,Detroit Bistro,"8492 Hill Ln, #101",Detroit,MI,48262
CUST007595,Fargo Ale House,"2764 Lake Blvd, Unit B",Fargo,ND,58184
CUST007596,The Martinez House,"8145 Union Blvd, Ste A",Miami,FL,33147
CUST007597,Stop & Shop,8213 Cherry Pl,Annapolis,MD,21409
CUST007598,The Park House,7444 Main Way,Memphis,TN,38173
CUST007599,Meijer,2412 Chestnut Ct,Fargo,ND,58114
CUST007600,Costco Wholesale,"7359 Main Pl, #101",Grand Rapids,MI,49588
CUST007601,Rizzo Kitchen,3184 River Ln,Sioux Falls,SD,57190
CUST007602,The Rusty Nail,"3780 Church Ave, Unit B",Miami,FL,33100
CUST007603,Mama Martinez's Kitchen,1954 River Ave,Honolulu,HI,96871
CUST007604,Panera Bread,"4632 Highland Dr, Suite 200",San Francisco,CA,94194
CUST007605,Mama Caruso's Pizzeria,"9841 Market Pkwy, #101",New York,NY,10085
CUST007606,Indianapolis Ale House,"1373 Market Blvd, Suite 100",Indianapolis,IN,46286
CUST007607,Casa Brown,"7056 River Ct, Ste A",Wilmington,DE,19813
CUST007608,Cheers Bar & Grill,"6469 Broad Ln, Unit B",Sioux Falls,SD,57196
CUST007609,Lidl,"5992 Garden Blvd, Suite 200",Cincinnati,OH,45299
CUST007610,Punch Bowl Social,8965 Meadow Pl,Fargo,ND,58149
CUST007611,Loews Hotel Philadelphia,"6887 Highland Ave, Suite 200",Orlando,FL,32829
CUST007612,HEB,9896 Elm Dr,Jersey City,NJ,07398
CUST007613,Circle K #5381,2918 Valley Dr,Brooklyn,NY,11288
CUST007614,Chipotle Mexican Grill,"7060 Hill Pkwy, Suite 100",Charleston,SC,29475
CUST007615,Liquor Barn,"9726 Highland Blvd, Ste A",New Orleans,LA,70139
CUST007616,Albertsons,"1014 Maple Ct, Suite 100",Denver,CO,80265
CUST007617,Hampton Inn Nashville,"9188 Walnut Pl, Suite 200",Sioux Falls,SD,57161
CUST007618,Casey's General Store #2032,"7012 Green Dr, #101",Wilmington,DE,19869
CUST007619,Waffle House,"6793 Industrial Ln, #101",Los Angeles,CA,90050
CUST007620,Hampton Inn Nashville,3302 Commerce Ln,Baltimore,MD,21271
CUST007621,Patel's Pub,"4299 Meadow Ave, Suite 200",Phoenix,AZ,85066
CUST007622,Trader Joe's,"331 Lake Ln, #101",New York,NY,10032
CUST007623,The Kansas City Grille,6273 Green Dr,Kansas City,MO,64139
CUST007624,Choice Hotels Comfort Inn Albuquerque,8533 Highland Pl,Albuquerque,NM,87181
CUST007625,Virginia Beach Wine & Spirits,"6670 River Dr, #101",Virginia Beach,VA,23456
CUST007626,BJ's Wholesale Club,"4301 Elm St, #101",Fargo,ND,58171
CUST007627,Main Street Liquors,"7249 Willow Blvd, Ste A",Newark,NJ,07115
CUST007628,Whataburger,"2474 Peach Ln, Ste A",Albuquerque,NM,87175
CUST007629,The Tap Room,8325 Lake Pl,Annapolis,MD,21444
CUST007630,Homewood Suites by Hilton San Diego,"7530 Industrial Rd, Suite 100",San Diego,CA,92119
CUST007631,Maria's Bar & Grill,"8239 Sunset Blvd, Suite 100",Columbus,OH,43239
CUST007632,Chili's,"7238 Market St, #101",New Orleans,LA,70115
CUST007633,Hyatt Place Denver,7567 River Dr,Kansas City,MO,64112
CUST007634,Whataburger,7825 Hill Ave,Boston,MA,02144
CUST007635,Liquor Barn,"1823 Park Ln, Ste A",San Diego,CA,92194
CUST007636,Mama Caruso's,6530 Meadow Rd,Cincinnati,OH,45260
CUST007637,Chili's,"439 Park Way, Unit B",Colorado Springs,CO,80998
CUST007638,Patel's BBQ,2463 Center Ln,Tucson,AZ,85730
CUST007639,Down the Hatch,"6069 Lake Ln, Suite 100",Spokane,WA,99208
CUST007640,Bill's Seafood,235 Maple Ct,Kansas City,MO,64100
CUST007641,Mama Brown's Pizzeria,"1660 Willow Rd, Ste A",Denver,CO,80261
CUST007642,Rite Aid,"2522 River St, Suite 200",Virginia Beach,VA,23425
CUST007643,Cracker Barrel,"7620 Cedar Ct, #101",Las Vegas,NV,89190
CUST007644,The Kim House,3898 Center Blvd,Sacramento,CA,95890
CUST007645,Eugene Diner,"6170 Chestnut Ln, Ste A",Eugene,OR,97487
CUST007646,Brooklyn Kitchen,8991 Chestnut Ln,Brooklyn,NY,11231
CUST007647,Buffalo Wild Wings,"710 Cedar Dr, #101",Queens,NY,11339
CUST007648,The Draft & Bear,"9695 Meadow Ave, Unit B",Detroit,MI,48212
CUST007649,Mama Kim's Pizzeria,7619 Division St,Dallas,TX,75219
CUST007650,Hampton Inn by Hilton Milwaukee,"3334 River Dr, Unit B",Milwaukee,WI,53276
CUST007651,Casa Rizzo,4263 Willow Pl,Newark,NJ,07167
CUST007652,Worcester Bottle Shop,1246 Hill Ln,Worcester,MA,01651
CUST007653,Five Guys,9198 Union Blvd,Savannah,GA,31421
CUST007654,Best Western Virginia Beach,"6624 Broad St, Ste A",Virginia Beach,VA,23461
CUST007655,Main Street Liquors,9992 Bay Blvd,Houston,TX,77048
CUST007656,Las Vegas Bistro,"9382 Cherry Way, Suite 100",Las Vegas,NV,89144
CUST007657,ampm #2333,5023 Main Way,Oklahoma City,OK,73124
CUST007658,Crowne Plaza by IHG Worcester,"2316 Cedar Way, Suite 200",Worcester,MA,01680
CUST007659,Texas Roadhouse,1938 Harbor Ct,Detroit,MI,48214
CUST007660,Golden Corral,"2645 Industrial Ln, Unit B",Tucson,AZ,85755
CUST007661,The Rusty Nail,"2744 Sunset Rd, Suite 100",Tulsa,OK,74142
CUST007662,JW Marriott Los Angeles,3808 Church St,New York,NY,10026
CUST007663,Wegmans,"9539 Spring Pkwy, Suite 200",St. Louis,MO,63126
CUST007664,Smith Family Restaurant,8601 Commerce Way,Jacksonville,FL,32255
CUST007665,WinCo Foods,3523 Washington Dr,Cleveland,OH,44173
CUST007666,Kona Grill,8893 Walnut St,Cleveland,OH,44132
CUST007667,Raley's,"779 Market Ave, #101",Milwaukee,WI,53291
CUST007668,Luigi's Seafood,7640 Division Rd,Charleston,SC,29463
CUST007669,Shake Shack,4418 Bay Blvd,Worcester,MA,01669
CUST007670,Walgreens,7762 Division Blvd,Baton Rouge,LA,70819
CUST007671,Meijer,2127 Center Ln,Fort Worth,TX,76171
CUST007672,House by Hyatt Austin,815 Union Ave,Austin,TX,78714
CUST007673,Rossi's Tavern,9791 Market Way,Boston,MA,02166
CUST007674,Wingstop,7515 Cedar Dr,Oklahoma City,OK,73153
CUST007675,LongHorn Steakhouse,1766 Magnolia Ct,Kansas City,MO,64142
CUST007676,The Pint & Pint,"6904 Market Way, Unit B",Baton Rouge,LA,70824
CUST007677,Kim's Pub,"2076 Forest Pkwy, #101",Wilmington,DE,19898
CUST007678,The Broken Spoke,1350 Elm Dr,Louisville,KY,40285
CUST007679,Richmond Wine & Spirits,4825 Highland Dr,Richmond,VA,23294
CUST007680,Casey's General Store #8444,"1461 Peach Rd, Unit B",Anchorage,AK,99586
CUST007681,Brown's Liquor Store,"7648 Bay Ave, Suite 200",Sacramento,CA,95826
CUST007682,Albertsons,"8958 Chestnut Blvd, Suite 200",Wilmington,DE,19837
CUST007683,Nguyen Family Restaurant,"2197 Cherry Pl, Ste A",Jackson,MS,39283
CUST007684,World of Beer,3221 Green Ct,Raleigh,NC,27679
CUST007685,Red Lobster,5758 Pine Dr,Denver,CO,80272
CUST007686,Jimmy's Seafood,"9286 Forest Pkwy, Suite 100",Salt Lake City,UT,84114
CUST007687,Panera Bread,7219 Chestnut Ln,Reno,NV,89552
CUST007688,Smart & Final,"2115 Garden Ct, Suite 100",Milwaukee,WI,53207
CUST007689,Doubletree by Hilton Seattle,8028 Industrial Pkwy,St. Louis,MO,63110
CUST007690,Sunset Lounge,"989 Valley Rd, Suite 100",Orlando,FL,32804
CUST007691,Sacramento Bistro,"3929 Maple St, #101",Sacramento,CA,95853
CUST007692,Yard House,6765 Forest Pl,Orlando,FL,32834
CUST007693,Casa DeLuca,3406 Church Dr,New Orleans,LA,70137
CUST007694,Sports Page Bar,"4878 Hill Rd, Unit B",New Orleans,LA,70126
CUST007695,Orlando Diner,6754 Hill St,Orlando,FL,32847
CUST007696,Ramada by Wyndham Memphis,"5302 Valley Ave, #101",Memphis,TN,38147
CUST007697,Steak 'n Shake,608 Chestnut St,Charleston,SC,29405
CUST007698,Applebee's,7898 Washington Pkwy,Oklahoma City,OK,73114
CUST007699,Mama DeLuca's,1743 Center Dr,Jackson,MS,39243
CUST007700,Whataburger,"1712 Valley Blvd, #101",Oklahoma City,OK,73146
CUST007701,Binny's Beverage Depot,6111 Church Ave,Atlanta,GA,30358
CUST007702,Stop & Shop,"4347 Market Way, #101",Pittsburgh,PA,15267
CUST007703,The Chicago Grille,9287 Forest St,Chicago,IL,60609
CUST007704,Casa Patel,4865 Division St,Memphis,TN,38175
CUST007705,Days Inn by Wyndham Miami,837 Union Way,Miami,FL,33147
CUST007706,Red Robin,3728 Spring Blvd,New Orleans,LA,70158
CUST007707,Mama Jones's,3200 Sunset Blvd,Worcester,MA,01643
CUST007708,BevMo,2714 Lake Ln,Sacramento,CA,95875
CUST007709,Choice Hotels Econo Lodge Annapolis,9396 Hill Dr,Annapolis,MD,21437
CUST007710,Cracker Barrel,3470 Washington Rd,Salt Lake City,UT,84156
CUST007711,Casey's General Store #1424,"6688 Peach Blvd, Ste A",Spokane,WA,99268
CUST007712,Twin Peaks,9292 Highland Ln,Buffalo,NY,14222
CUST007713,Holiday Inn by IHG New York,"5434 Center St, #101",New York,NY,10021
CUST007714,Twin Peaks,"9699 Center Rd, Unit B",Brooklyn,NY,11238
CUST007715,Albertsons,5250 Division St,Columbia,SC,29219
CUST007716,Walgreens,"9294 Division Ave, #101",Virginia Beach,VA,23435
CUST007717,Detroit Diner,"7911 Forest Ct, Suite 100",Detroit,MI,48205
CUST007718,Yard House,7193 Spring Ln,Burlington,VT,05410
CUST007719,Main Street Liquors,"5189 Bay Dr, Unit B",Fort Worth,TX,76165
CUST007720,Meijer,"7474 Main Rd, Unit B",Newark,NJ,07167
CUST007721,Ingles Markets,8172 Pine Dr,Kansas City,MO,64194
CUST007722,Mama DeLuca's Kitchen,"2669 Peach Ave, Suite 100",Richmond,VA,23246
CUST007723,Mama Chen's Pizzeria,2595 Walnut Ct,Eugene,OR,97402
CUST007724,Trader Joe's,5807 Meadow St,Anchorage,AK,99583
CUST007725,Wingstop,"9858 Elm Way, Unit B",New York,NY,10077
CUST007726,Sheetz #4668,"2029 Bay Pkwy, Suite 100",Brooklyn,NY,11210
CUST007727,Cheers Bar & Grill,7154 Cherry Dr,Miami,FL,33169
CUST007728,Twin Peaks,"8929 Cedar Pkwy, Unit B",Richmond,VA,23244
CUST007729,Sonic Drive-In,6105 Sunset Ln,Queens,NY,11378
CUST007730,Worcester Grill,4452 Bay St,Worcester,MA,01667
CUST007731,Smith's Pub,9508 Lake Ln,Philadelphia,PA,19121
CUST007732,Choice Hotels Comfort Inn Birmingham,4519 Valley Ave,Birmingham,AL,35207
CUST007733,Mama Johnson's Pizzeria,"1159 Center Ct, Suite 100",Milwaukee,WI,53247
CUST007734,Raising Cane's,4204 Washington Way,Richmond,VA,23286
CUST007735,Choice Hotels Comfort Inn Hartford,"4753 Cherry Blvd, Ste A",Hartford,CT,06169
CUST007736,Holiday Inn by IHG Lexington,1812 Commerce Blvd,Lexington,KY,40523
CUST007737,Holiday Inn Express by IHG Philadelphia,"8863 Willow Pkwy, Ste A",Philadelphia,PA,19147
CUST007738,Tom's Grill,"2481 Center Pkwy, Ste A",Seattle,WA,98135
CUST007739,WinCo Foods,5919 Maple Ave,Oklahoma City,OK,73110
CUST007740,Sports Page Bar,"5108 Cedar Pkwy, Ste A",St. Louis,MO,63148
CUST007741,Hyatt Place Denver,"6259 Pine Ave, Unit B",Tampa,FL,33635
CUST007742,Mama DeLuca's Kitchen,5249 Valley Pkwy,Austin,TX,78724
CUST007743,Mama Rizzo's,"5326 Walnut Pl, Unit B",Birmingham,AL,35286
CUST007744,Raley's,8808 Cedar Blvd,Columbus,OH,43223
CUST007745,BJ's Wholesale Club,"3575 Hill Pkwy, Unit B",Richmond,VA,23209
CUST007746,Applebee's,"8131 Willow Way, #101",Orlando,FL,32863
CUST007747,Corner Pocket Billiards & Bar,9814 Union Pl,Worcester,MA,01661
CUST007748,Garden Inn by Hilton Los Angeles,1371 Sunset Rd,Los Angeles,CA,90073
CUST007749,Super 8 by Wyndham Worcester,8734 River Rd,Worcester,MA,01694
CUST007750,Fairfield Inn by Marriott Nashville,"7591 Industrial St, Ste A",Nashville,TN,37241
CUST007751,Loews Hotel Philadelphia,"4472 Pine Ct, Suite 200",Colorado Springs,CO,80920
CUST007752,JW Marriott Los Angeles,2826 Park Ct,Fargo,ND,58193
CUST007753,Mama Chen's Pizzeria,6582 Market Pl,Atlanta,GA,30336
CUST007754,Danny & Vic's Steakhouse,3647 Industrial Ct,Annapolis,MD,21481
CUST007755,Bar Louie,5649 Washington Ln,San Francisco,CA,94134
CUST007756,Chipotle Mexican Grill,2887 Washington Way,Fort Worth,TX,76193
CUST007757,Martinez Family Restaurant,"9153 Chestnut Dr, Suite 200",Oklahoma City,OK,73128
CUST007758,Dave & Buster's,9399 Lake St,Raleigh,NC,27627
CUST007759,Red Robin,"9422 Union Ln, Suite 200",Grand Rapids,MI,49542
CUST007760,Four Seasons Miami,"4321 Maple Way, #101",Providence,RI,02986
CUST007761,Marriott Houston Downtown,2509 Hill Ct,Hartford,CT,06135
CUST007762,Casey's General Store #3262,"5935 Main Blvd, #101",Oklahoma City,OK,73126
CUST007763,Chili's,2578 Cedar Pl,Miami,FL,33145
CUST007764,Kroger,"2888 Highland Dr, Ste A",Sacramento,CA,95827
CUST007765,Corner Pocket Billiards & Bar,1902 Elm Ln,Miami,FL,33145
CUST007766,Miller's Diner,6704 Park Pl,Sacramento,CA,95824
CUST007767,Charlotte Liquors,"489 Market Blvd, Suite 200",Charlotte,NC,28282
CUST007768,Winn-Dixie,4991 Valley Pkwy,St. Louis,MO,63155
CUST007769,Birmingham Diner,3105 Center Pl,Birmingham,AL,35287
CUST007770,Staybridge Suites by IHG San Diego,6746 Washington Pl,San Diego,CA,92127
CUST007771,Liquor Barn,"3848 Sunset Blvd, Suite 200",Providence,RI,02962
CUST007772,Buffalo Wild Wings,3927 Willow St,Miami,FL,33156
CUST007773,Sonic Drive-In,5975 Bay Ave,St. Paul,MN,55169
CUST007774,Publix,"9736 Maple Pkwy, Suite 100",Atlanta,GA,30375
CUST007775,Costco Wholesale,"1958 Industrial Ave, #101",Worcester,MA,01653
CUST007776,Pete's Grill,"9862 Cherry Dr, Unit B",Baton Rouge,LA,70860
CUST007777,St. Louis Taproom,"3481 Lake Way, Suite 200",St. Louis,MO,63119
CUST007778,Golden Corral,1943 Lake Ave,Louisville,KY,40273
CUST007779,Lidl,3666 Harbor Ln,Pittsburgh,PA,15213
CUST007780,Stater Bros.,"9910 Willow Dr, Suite 200",Albuquerque,NM,87115
CUST007781,Texas Roadhouse,"2411 Division Way, Suite 100",Houston,TX,77075
CUST007782,Bar Louie,3704 Willow St,Albuquerque,NM,87166
CUST007783,Cracker Barrel,"6542 Church Way, Ste A",Queens,NY,11366
CUST007784,Denny's,"8676 Commerce Pl, Suite 100",Fargo,ND,58121
CUST007785,Piggly Wiggly,"3444 Union Pkwy, Suite 100",Lexington,KY,40586
CUST007786,Chen's BBQ,6236 Elm Dr,Springfield,IL,62796
CUST007787,Richmond Diner,5259 Garden St,Richmond,VA,23274
CUST007788,Louisville Bottle Shop,1877 Market St,Louisville,KY,40230
CUST007789,Annapolis Tap Room,1635 Cherry Dr,Annapolis,MD,21445
CUST007790,Rossi's Pub,8098 Bay Ln,Columbia,SC,29241
CUST007791,Sonic Drive-In,5710 Park Blvd,Annapolis,MD,21459
CUST007792,Shake Shack,"5875 Harbor St, Suite 200",Indianapolis,IN,46226
CUST007793,Newark Brewing Co.,"1889 Main Ct, Unit B",Newark,NJ,07146
CUST007794,Wawa #5804,"1956 Cherry Ln, Suite 100",Seattle,WA,98130
CUST007795,ampm #3579,"3261 Walnut Pl, Suite 100",San Antonio,TX,78248
CUST007796,Central Liquors,"370 Magnolia Ln, #101",Memphis,TN,38188
CUST007797,Yard House,8417 Sunset Rd,Sacramento,CA,95879
CUST007798,Main Street Liquors,"5410 Harbor Blvd, Ste A",Los Angeles,CA,90032
CUST007799,Radisson Columbus,"841 Maple Blvd, Suite 200",Columbus,OH,43284
CUST007800,BJ's Wholesale Club,"6797 River Ave, Suite 200",Reno,NV,89590
CUST007801,HEB,4686 Union Pkwy,Portland,OR,97263
CUST007802,Publix,9893 Willow Ln,Atlanta,GA,30306
CUST007803,Keg Liquors,"981 Green Blvd, Suite 100",Baton Rouge,LA,70813
CUST007804,La Quinta by Wyndham Orlando,7122 Maple Dr,Orlando,FL,32854
CUST007805,Corner Pocket Billiards & Bar,"7547 Bay St, Suite 100",Columbia,SC,29229
CUST007806,The Draft House,9390 Lake Ct,Omaha,NE,68194
CUST007807,GetGo #7393,"5403 Elm Ln, Suite 100",Las Vegas,NV,89101
CUST007808,Hy-Vee,"6380 Meadow Pl, Unit B",Lexington,KY,40583
CUST007809,Phil & Bob's Steakhouse,5656 Cherry Ct,Richmond,VA,23293
CUST007810,Costco Wholesale,"361 Elm Way, #101",Burlington,VT,05411
CUST007811,The Omaha Grille,"8645 Oak Ln, #101",Omaha,NE,68146
CUST007812,Tampa Brewing Co.,5301 Industrial Ave,Tampa,FL,33655
CUST007813,Dave & Joe's Steakhouse,"756 Meadow Ave, Suite 100",Colorado Springs,CO,80914
CUST007814,Columbia Kitchen,5728 Cedar St,Columbia,SC,29227
CUST007815,Sports Page Bar,"4204 Pine Blvd, Suite 200",Newark,NJ,07117
CUST007816,Smart & Final,"1628 Meadow Ave, Unit B",Milwaukee,WI,53204
CUST007817,Jacksonville Bistro,"1162 Cherry Ct, Suite 200",Jacksonville,FL,32204
CUST007818,Ray's Bar & Grill,9573 Magnolia St,Reno,NV,89504
CUST007819,Lidl,"9536 Valley Ln, Suite 200",New York,NY,10086
CUST007820,WinCo Foods,3693 River Ln,Honolulu,HI,96896
CUST007821,Rite Aid,"9793 Union Pl, #101",Memphis,TN,38193
CUST007822,Piggly Wiggly,8562 Peach Pl,San Diego,CA,92176
CUST007823,LongHorn Steakhouse,"2389 Harbor Rd, Suite 200",Fort Worth,TX,76146
CUST007824,IHOP,8322 Union Rd,Charlotte,NC,28209
CUST007825,Olive Garden,"4169 Chestnut Dr, Unit B",Boston,MA,02119
CUST007826,BevMo,"8023 Main Ct, Ste A",Memphis,TN,38169
CUST007827,Kwik Trip #9215,8159 Peach Pkwy,St. Louis,MO,63105
CUST007828,Panera Bread,"6089 Union Blvd, Ste A",Fort Worth,TX,76169
CUST007829,Hyatt Place Denver,6192 Washington Pkwy,New York,NY,10002
CUST007830,Kroger,"8898 Washington Dr, Ste A",Cincinnati,OH,45298
CUST007831,Chipotle Mexican Grill,"1234 Chestnut Way, Ste A",Eugene,OR,97499
CUST007832,Spec's Liquor,"1950 Union Ln, Ste A",Richmond,VA,23228
CUST007833,Five Guys,6360 Walnut St,Miami,FL,33144
CUST007834,Love's Travel Stop #9457,"5993 Bay St, #101",Tampa,FL,33623
CUST007835,Regency by Hyatt Little Rock,9803 Washington Pkwy,Little Rock,AR,72260
CUST007836,Choice Hotels Clarion Tulsa,"8100 Industrial St, #101",Tulsa,OK,74175
CUST007837,Best Western Detroit,"928 River Pl, Unit B",Detroit,MI,48232
CUST007838,Whataburger,749 Church Pl,Charlotte,NC,28277
CUST007839,Courtyard by Marriott Sioux Falls,3125 Hill Dr,Sioux Falls,SD,57143
CUST007840,Casey's General Store #1188,"3741 Elm St, Unit B",Worcester,MA,01664
CUST007841,The Las Vegas Grille,9527 Cherry St,Las Vegas,NV,89198
CUST007842,Total Spirits Detroit,4226 Peach Blvd,Detroit,MI,48256
CUST007843,Total Spirits St. Louis,"8358 River Pl, #101",St. Louis,MO,63104
CUST007844,Dave & Buster's,"720 Elm Ln, #101",Colorado Springs,CO,80950
CUST007845,Red Lobster,724 Garden Ln,Hartford,CT,06135
CUST007846,LongHorn Steakhouse,"7884 Magnolia Dr, Suite 100",Sioux Falls,SD,57159
CUST007847,Chili's,1439 Main Ln,San Antonio,TX,78256
CUST007848,Costco Wholesale,1306 Highland St,Queens,NY,11342
CUST007849,The Burlington Grille,"8580 Industrial Way, #101",Burlington,VT,05411
CUST007850,Mama Ferreira's Kitchen,"4837 Willow Way, Suite 100",Albuquerque,NM,87105
CUST007851,The Bottle Shop,8441 Meadow Ct,San Antonio,TX,78217
CUST007852,Wegmans,"5434 Willow Ln, Suite 100",St. Louis,MO,63195
CUST007853,Smith Kitchen,"6416 Washington Rd, Ste A",Kansas City,MO,64194
CUST007854,The Cheesecake Factory,"1486 Highland Rd, Suite 200",Richmond,VA,23213
CUST007855,ampm #9375,"4165 Forest Ave, Ste A",Columbia,SC,29245
CUST007856,CVS Pharmacy,"7100 Center Dr, Ste A",Detroit,MI,48296
CUST007857,Los Angeles Wine & Spirits,"2946 Church Blvd, Ste A",Los Angeles,CA,90012
CUST007858,Smith's Tavern,3536 Cherry Pkwy,Colorado Springs,CO,80967
CUST007859,Kim's Tavern,"3736 Union Blvd, #101",Birmingham,AL,35216
CUST007860,Ingles Markets,1190 Green St,Philadelphia,PA,19135
CUST007861,Four Seasons Miami,"513 Walnut Pl, Suite 200",Boston,MA,02169
CUST007862,Dave & Buster's,"4269 Sunset Ave, Suite 200",Miami,FL,33146
CUST007863,Virginia Beach Wine & Spirits,5092 Cherry Ave,Virginia Beach,VA,23442
CUST007864,Price Chopper,8296 Bay Rd,Eugene,OR,97499
CUST007865,Wegmans,"405 Peach Ave, Ste A",Wilmington,DE,19808
CUST007866,Queens Taproom,3250 Park St,Queens,NY,11357
CUST007867,Martinez's Diner,"3403 Bay Way, Unit B",Boston,MA,02189
CUST007868,Walgreens,4484 Union Ln,Atlanta,GA,30317
CUST007869,The Tap Room,"3934 Sunset Pl, Unit B",Reno,NV,89558
CUST007870,Discount Liquor Mart,"8149 Maple Ave, #101",Dallas,TX,75244
CUST007871,Red by Radisson Boston,8172 Spring Rd,Boston,MA,02117
CUST007872,Old Colorado Springs Tavern,"6016 Maple Blvd, Suite 200",Colorado Springs,CO,80900
CUST007873,Hartford Diner,6242 Highland Ct,Hartford,CT,06110
CUST007874,The Stool & Rail,"7974 Walnut Blvd, Unit B",Little Rock,AR,72240
CUST007875,BJ's Wholesale Club,7455 Commerce Pl,Charlotte,NC,28249
CUST007876,Residence Inn by Marriott San Diego,"5349 Highland Pkwy, Unit B",San Diego,CA,92192
CUST007877,Trader Joe's,7193 Elm St,Minneapolis,MN,55437
CUST007878,Golden Corral,"6574 Broad Ln, Unit B",Eugene,OR,97487
CUST007879,Dave & Buster's,2168 Main Pl,Madison,WI,53743
CUST007880,Price Chopper,6410 Sunset Ln,Jackson,MS,39225
CUST007881,Chipotle Mexican Grill,1906 Spring St,Los Angeles,CA,90003
CUST007882,Shake Shack,"8916 Main Blvd, Suite 200",Columbus,OH,43206
CUST007883,Sam's Club,"6979 Walnut Way, #101",Eugene,OR,97488
CUST007884,Hooters,5315 Harbor Ave,Richmond,VA,23240
CUST007885,Papa Davis's,"1754 Lake Dr, Unit B",Dallas,TX,75285
CUST007886,Cheers Bar & Grill,450 Center Ave,Cincinnati,OH,45204
CUST007887,Sonic Drive-In,"8636 Sunset Rd, Suite 200",Tulsa,OK,74176
CUST007888,Hartford Liquors,"684 Lake Ave, Ste A",Hartford,CT,06144
CUST007889,The Rusty Nail,"5094 Market Pkwy, Unit B",Cleveland,OH,44167
CUST007890,Garden Inn by Hilton Virginia Beach,4900 Magnolia Pkwy,Virginia Beach,VA,23475
CUST007891,Fargo Grill,5903 Pine Rd,Fargo,ND,58169
CUST007892,Central Liquors,"538 Chestnut Way, Suite 200",Oklahoma City,OK,73151
CUST007893,Love's Travel Stop #7726,"4813 Park St, Unit B",Cleveland,OH,44176
CUST007894,Applebee's,"1124 Cedar Way, #101",Boston,MA,02102
CUST007895,The Rusty Nail,5176 Main Blvd,New Orleans,LA,70197
CUST007896,CVS Pharmacy,1977 Willow Ave,St. Louis,MO,63128
CUST007897,Jacksonville Bistro,4563 Broad Pl,Jacksonville,FL,32254
CUST007898,Mama Williams's Pizzeria,"2590 Elm Rd, Suite 200",San Francisco,CA,94102
CUST007899,Chili's,7798 Valley Ln,Houston,TX,77080
CUST007900,The Midnight Mug,5245 Washington St,Milwaukee,WI,53221
CUST007901,Johnson's Pub,"6968 Willow Ave, Suite 100",Annapolis,MD,21432
CUST007902,Davis's BBQ,2564 Highland Rd,Minneapolis,MN,55458
CUST007903,Texas Roadhouse,"4242 Harbor Dr, #101",Baton Rouge,LA,70887
CUST007904,Jimmy's Seafood,"9639 Valley Rd, Unit B",Burlington,VT,05480
CUST007905,Applebee's,"975 Broad Rd, Suite 200",Minneapolis,MN,55419
CUST007906,Sonic Drive-In,3578 Meadow Dr,Sioux Falls,SD,57185
CUST007907,The Broken Spoke,"7885 Division Dr, Ste A",Minneapolis,MN,55478
CUST007908,Springhill Suites by Marriott Nashville,"6293 Main Pkwy, Unit B",Nashville,TN,37286
CUST007909,Mama Park's Pizzeria,7429 Church Ct,Lexington,KY,40501
CUST007910,BevMo,7698 Park Pl,Providence,RI,02983
CUST007911,Grand by Hyatt Springfield,"9490 Commerce St, Ste A",Springfield,IL,62732
CUST007912,Al's Grill,"602 River Rd, Suite 200",Sioux Falls,SD,57194
CUST007913,The Bull & Hound,7249 Lake Pl,Dallas,TX,75230
CUST007914,CVS Pharmacy,"5526 Cedar Way, Suite 200",Los Angeles,CA,90009
CUST007915,CVS Pharmacy,"8215 Industrial St, Unit B",Orlando,FL,32859
CUST007916,Sheetz #902,"2883 Garden Ave, Unit B",San Francisco,CA,94198
CUST007917,Mama Miller's Pizzeria,5810 River Dr,Jacksonville,FL,32298
CUST007918,Hy-Vee,3566 Division Ln,New York,NY,10038
CUST007919,Yard House,6913 Oak Blvd,Richmond,VA,23203
CUST007920,Lexington Liquors,7560 Church Pkwy,Lexington,KY,40510
CUST007921,Premier Wine & Spirits,"3282 Harbor Ave, Ste A",Jackson,MS,39287
CUST007922,Total Wine & More,"4482 Harbor Ct, Ste A",Burlington,VT,05452
CUST007923,Davis's Pub,"8395 Main Ct, #101",Little Rock,AR,72215
CUST007924,The Chicago Grille,9796 Chestnut Way,Chicago,IL,60632
CUST007925,Smart & Final,4805 Cedar Pkwy,Albuquerque,NM,87160
CUST007926,Mama Brown's Kitchen,8900 Broad Pkwy,Los Angeles,CA,90058
CUST007927,P.F. Chang's,"4157 Union Way, Ste A",Richmond,VA,23282
CUST007928,Publix,2450 Walnut Blvd,New Orleans,LA,70134
CUST007929,P.F. Chang's,9715 Market Rd,Annapolis,MD,21439
CUST007930,Annapolis Ale House,"2457 Forest Pl, #101",Annapolis,MD,21405
CUST007931,Walgreens,3541 Willow Way,Denver,CO,80284
CUST007932,Winn-Dixie,"315 Peach Ave, #101",Burlington,VT,05400
CUST007933,Ramada by Wyndham Denver,5306 Church St,Denver,CO,80268
CUST007934,Keg Liquors,9753 Chestnut Pkwy,Fargo,ND,58149
CUST007935,Buffalo Wild Wings,"5313 Spring Blvd, Ste A",Springfield,IL,62746
CUST007936,Holiday Inn Express by IHG Baton Rouge,"4446 Washington Ct, Ste A",Baton Rouge,LA,70845
CUST007937,Price Chopper,"8469 Green Ln, Suite 200",San Antonio,TX,78282
CUST007938,Mama DeLuca's,"6446 Oak Ct, Ste A",Phoenix,AZ,85079
CUST007939,Steak 'n Shake,"9096 Meadow Ave, #101",Phoenix,AZ,85046
CUST007940,Raleigh Ale House,3839 Union Pl,Raleigh,NC,27677
CUST007941,Mama Martinez's Kitchen,1537 Elm Way,New York,NY,10089
CUST007942,BJ's Wholesale Club,9466 Bay Dr,San Antonio,TX,78228
CUST007943,Kroger,"3200 Spring Way, Ste A",Burlington,VT,05476
CUST007944,Miller's Diner,"5516 Commerce Ct, Unit B",Jackson,MS,39216
CUST007945,Sports Page Bar,"4481 Cedar Blvd, Ste A",Jacksonville,FL,32296
CUST007946,Corner Pocket Billiards & Bar,"7030 Walnut Ave, #101",Reno,NV,89515
CUST007947,Casa Patel,1129 Bay Pl,Eugene,OR,97493
CUST007948,Stop & Shop,"2016 Oak Dr, Suite 200",Phoenix,AZ,85013
CUST007949,Cheers Bar & Grill,9525 Garden Ct,Oklahoma City,OK,73135
CUST007950,Raising Cane's,"4614 Cherry Rd, Suite 200",Little Rock,AR,72242
CUST007951,LongHorn Steakhouse,"4071 Chestnut Dr, Suite 100",Buffalo,NY,14239
CUST007952,Park's BBQ,"2575 Hill Ct, Ste A",Austin,TX,78755
CUST007953,Red by Radisson Sioux Falls,"8424 Garden St, Suite 100",Sioux Falls,SD,57140
CUST007954,Courtyard by Marriott Chicago,"9305 Spring Ln, Ste A",Honolulu,HI,96808
CUST007955,The Rusty Nail,"2116 Willow Ln, Unit B",Springfield,IL,62784
CUST007956,Rizzo's Diner,9078 Industrial Pkwy,St. Louis,MO,63103
CUST007957,Piggly Wiggly,"6883 Green Rd, #101",Grand Rapids,MI,49590
CUST007958,Stop & Shop,3276 Walnut Ct,Oklahoma City,OK,73186
CUST007959,Grand Rapids Brewing Co.,2254 Willow Pkwy,Grand Rapids,MI,49547
CUST007960,Fort Worth Liquors,"1533 Division Ct, Ste A",Fort Worth,TX,76152
CUST007961,Anna & Leo's Steakhouse,"2152 Oak Ct, Ste A",Fort Worth,TX,76136
CUST007962,Food Lion,"7081 Valley Ave, #101",Honolulu,HI,96839
CUST007963,Hilton Garden Inn Dallas,2862 Park Rd,Salt Lake City,UT,84193
CUST007964,Savannah Bistro,4926 Commerce Way,Savannah,GA,31487
CUST007965,Corner Pocket Billiards & Bar,"3873 Willow Ave, Suite 100",Miami,FL,33196
CUST007966,Perkins Restaurant,"2624 Market Ave, Suite 100",Boston,MA,02169
CUST007967,Mama Ferreira's,3043 Union Pkwy,Kansas City,MO,64102
CUST007968,Jackson Bistro,"4132 Cedar Ave, Suite 100",Jackson,MS,39291
CUST007969,Wingstop,9704 Broad Ln,Wilmington,DE,19859
CUST007970,Papa Johnson's,9050 Meadow Pl,Columbus,OH,43268
CUST007971,Choice Hotels Quality Inn New York,2352 Maple Ave,New York,NY,10041
CUST007972,Papa Esposito's,"6267 Oak Way, Suite 200",Buffalo,NY,14226
CUST007973,Denver Ale House,"3134 Lake Blvd, Suite 200",Denver,CO,80216
CUST007974,Costco Wholesale,7580 Broad Pl,Anchorage,AK,99501
CUST007975,Stater Bros.,"6140 Broad Ln, Ste A",Salt Lake City,UT,84129
CUST007976,Rizzo Family Restaurant,7327 Highland Dr,Buffalo,NY,14294
CUST007977,Mama Miller's Pizzeria,1652 Forest Pl,Orlando,FL,32857
CUST007978,House by Hyatt Fort Worth,9149 Cherry Rd,Fort Worth,TX,76163
CUST007979,The Garcia House,1453 Peach Ave,Portland,OR,97222
CUST007980,The Iron Saddle,4912 Market Ct,Sacramento,CA,95873
CUST007981,Pete's Bar & Grill,"7666 Highland Ct, Unit B",Fort Worth,TX,76185
CUST007982,Best Western Plus St. Louis,6657 Cedar Rd,St. Louis,MO,63193
CUST007983,The Broken Spoke,"5597 Elm Dr, Ste A",Minneapolis,MN,55446
CUST007984,Indianapolis Tap Room,"9418 Forest Ave, #101",Indianapolis,IN,46275
CUST007985,Discount Liquor Mart,5446 Maple Ct,Sacramento,CA,95871
CUST007986,Waffle House,"6396 Oak Pkwy, Unit B",Jersey City,NJ,07338
CUST007987,Hooters,"6594 Division Way, Suite 200",Omaha,NE,68187
CUST007988,Five Guys,"1946 Magnolia Ln, Suite 200",Atlanta,GA,30329
CUST007989,Marco's Seafood,"9160 Cherry Pl, Ste A",Indianapolis,IN,46299
CUST007990,The Johnson House,"8366 Chestnut Way, Suite 100",Spokane,WA,99268
CUST007991,Denny's,"5537 Highland Pkwy, #101",New York,NY,10043
CUST007992,Charlotte Brewing Co.,"6061 Green Ln, Unit B",Charlotte,NC,28228
CUST007993,Miller's Diner,"588 Forest Way, Ste A",Charleston,SC,29461
CUST007994,Lidl,9862 Garden Pl,Columbus,OH,43229
CUST007995,Smart & Final,"9022 Industrial St, Suite 200",Chicago,IL,60665
CUST007996,Marriott Houston Downtown,"4344 Meadow Blvd, #101",Madison,WI,53731
CUST007997,Meijer,4705 Hill Dr,Salt Lake City,UT,84170
CUST007998,Mama Brown's Pizzeria,2451 Oak St,Minneapolis,MN,55470
CUST007999,Premier Wine & Spirits,"744 Cedar Rd, Suite 200",Tulsa,OK,74158
CUST008000,Lidl,"6455 Park Way, #101",Los Angeles,CA,90010
CUST008001,Casey's General Store #3548,"2278 Garden Ct, #101",Denver,CO,80292
CUST008002,Binny's Beverage Depot,1449 Church Way,Louisville,KY,40239
CUST008003,Wawa #5471,1077 Division Pl,Salt Lake City,UT,84136
CUST008004,Red by Radisson Annapolis,8573 Main Ave,Annapolis,MD,21425
CUST008005,LongHorn Steakhouse,"4841 River Rd, Suite 100",Denver,CO,80249
CUST008006,Madison Taproom,1012 Green Ave,Madison,WI,53768
CUST008007,Grand Rapids Liquors,2107 Chestnut Rd,Grand Rapids,MI,49523
CUST008008,Choice Hotels Quality Inn Portland,5000 Chestnut St,Portland,OR,97269
CUST008009,Austin Liquors,"4043 Willow Way, Suite 100",Austin,TX,78729
CUST008010,Vic's Grill,"8332 Bay Blvd, Suite 100",Philadelphia,PA,19194
CUST008011,Wingstop,5030 Magnolia Pkwy,Nashville,TN,37206
CUST008012,Food Lion,7620 Union Blvd,Providence,RI,02910
CUST008013,Fine Wine & Spirits,9945 Church St,Fargo,ND,58145
CUST008014,Brooklyn Brewing Co.,9834 Division Way,Brooklyn,NY,11239
CUST008015,Miller's Pub,7526 Elm Ln,Pittsburgh,PA,15220
CUST008016,Rizzo Family Restaurant,"1127 Oak Ln, Ste A",Jackson,MS,39290
CUST008017,Rizzo's Liquor Store,"7854 Green Dr, #101",Anchorage,AK,99558
CUST008018,Total Wine & More,"8127 Meadow Pl, Unit B",Kansas City,MO,64155
CUST008019,Perkins Restaurant,"9843 Cherry Ct, #101",Cincinnati,OH,45247
CUST008020,Perkins Restaurant,739 Park Blvd,Phoenix,AZ,85036
CUST008021,The Draft House,3609 Forest Dr,Wilmington,DE,19814
CUST008022,BevMo,4543 Hill Pkwy,St. Louis,MO,63129
CUST008023,Old Boston Tavern,"6175 Peach Way, #101",Boston,MA,02123
CUST008024,Sam's Club,1040 Lake Rd,Tampa,FL,33639
CUST008025,Sheraton New York Times Square,9098 Cherry Ave,Louisville,KY,40254
CUST008026,Stop & Shop,2149 Harbor Ln,Hartford,CT,06117
CUST008027,Garden Inn by Hilton Sioux Falls,3940 Chestnut Way,Sioux Falls,SD,57125
CUST008028,Chili's,"3047 Valley Dr, Suite 100",San Diego,CA,92174
CUST008029,Raley's,"510 Main St, Suite 100",Pittsburgh,PA,15212
CUST008030,The Miller House,1439 River Ave,Grand Rapids,MI,49515
CUST008031,Mama Williams's Kitchen,"9966 Union Ln, Unit B",Indianapolis,IN,46284
CUST008032,Ramada by Wyndham Charlotte,7432 Church Ct,Charlotte,NC,28293
CUST008033,P.F. Chang's,"8800 Spring Rd, Unit B",Boston,MA,02138
CUST008034,Cracker Barrel,"8650 Elm Way, Suite 100",Atlanta,GA,30368
CUST008035,Pete's Seafood,9740 Washington Dr,Wilmington,DE,19809
CUST008036,Marketview Liquor,5763 Elm Blvd,Tucson,AZ,85751
CUST008037,Ingles Markets,2011 Broad Dr,St. Paul,MN,55193
CUST008038,Bar Louie,8119 Willow St,Charleston,SC,29478
CUST008039,Ferreira Kitchen,3687 Green Way,Burlington,VT,05414
CUST008040,Marketview Liquor,3295 Harbor Way,New York,NY,10076
CUST008041,Marketview Liquor,2616 Main Rd,Providence,RI,02976
CUST008042,Outback Steakhouse,7748 Chestnut Ln,Tucson,AZ,85734
CUST008043,Houston Grill,"169 Highland Blvd, #101",Houston,TX,77091
CUST008044,Perkins Restaurant,4676 Elm Blvd,Hartford,CT,06155
CUST008045,Bob Evans,"7477 Harbor Pl, Unit B",Brooklyn,NY,11239
CUST008046,Old Savannah Tavern,"6792 Peach Blvd, Ste A",Savannah,GA,31411
CUST008047,CVS Pharmacy,"3913 Park Ln, Suite 100",Kansas City,MO,64117
CUST008048,Binny's Beverage Depot,9085 Walnut Pl,New Orleans,LA,70195
CUST008049,Ferreira's Pub,6213 Magnolia Rd,Brooklyn,NY,11295
CUST008050,Applebee's,"7306 Peach Ave, Unit B",Chicago,IL,60658
CUST008051,Williams's BBQ,"1614 Willow Blvd, Unit B",Sacramento,CA,95878
CUST008052,Fairfield Inn by Marriott Columbia,5550 Church Dr,Columbia,SC,29292
CUST008053,P.F. Chang's,"9687 Industrial Rd, Suite 100",Oklahoma City,OK,73155
CUST008054,Liquor Barn,"236 Hill Way, Unit B",Buffalo,NY,14219
CUST008055,Jones's BBQ,"3390 Chestnut Way, Unit B",Richmond,VA,23291
CUST008056,Neighborhood Bar & Grill,194 Market St,Milwaukee,WI,53216
CUST008057,Kona Grill,"9989 Industrial Rd, Suite 100",St. Paul,MN,55168
CUST008058,Garden Inn by Hilton New York,5007 River Ln,New York,NY,10012
CUST008059,Chili's,"214 Bay Pl, Suite 200",Miami,FL,33118
CUST008060,Red Robin,"1754 Broad Rd, Suite 100",Jersey City,NJ,07311
CUST008061,Publix,9946 Garden Ct,Louisville,KY,40289
CUST008062,Boston Bottle Shop,8377 Broad Rd,Boston,MA,02130
CUST008063,Punch Bowl Social,8103 Green Blvd,Columbia,SC,29279
CUST008064,Punch Bowl Social,"3381 Center Pl, Suite 100",Tulsa,OK,74159
CUST008065,Sonic Drive-In,337 Division St,Worcester,MA,01619
CUST008066,Four Seasons Miami,"299 Sunset Pl, Ste A",Houston,TX,77090
CUST008067,Orlando Bistro,7179 Washington Dr,Orlando,FL,32894
CUST008068,The Tap Room,"4926 Industrial Blvd, Ste A",Indianapolis,IN,46204
CUST008069,Newark Diner,"8577 Oak Way, Suite 200",Newark,NJ,07152
CUST008070,Danny's Grill,"2498 Market Way, Suite 100",San Antonio,TX,78279
CUST008071,Spec's Liquor,6819 Union Blvd,New Orleans,LA,70189
CUST008072,Residence Inn by Marriott Sacramento,3331 Market Dr,Sacramento,CA,95825
CUST008073,Cracker Barrel,"6854 Spring Way, Suite 200",Colorado Springs,CO,80997
CUST008074,Lidl,"4866 Pine Pl, Ste A",St. Paul,MN,55118
CUST008075,Martinez's BBQ,"6727 Garden Ave, Unit B",Boston,MA,02174
CUST008076,In-N-Out Burger,5841 Commerce St,Philadelphia,PA,19107
CUST008077,Walgreens,"8022 Church Dr, Ste A",Cleveland,OH,44153
CUST008078,Kroger,"7824 River Ct, Suite 200",Sacramento,CA,95879
CUST008079,Corner Pocket Billiards & Bar,8484 Union Dr,Minneapolis,MN,55434
CUST008080,Marketview Liquor,"7757 Harbor St, Suite 100",Memphis,TN,38127
CUST008081,BJ's Wholesale Club,"7436 Hill Ave, Suite 200",Buffalo,NY,14289
CUST008082,Applebee's,1317 Lake Pkwy,San Francisco,CA,94189
CUST008083,The Cleveland Grille,1609 Magnolia Ave,Cleveland,OH,44151
CUST008084,Whole Foods Market,"6537 Forest Pkwy, Suite 100",Philadelphia,PA,19110
CUST008085,World of Beer,5345 Valley Blvd,Lexington,KY,40565
CUST008086,Pilot Flying J #7187,"118 Willow Pkwy, Suite 200",Chicago,IL,60684
CUST008087,The Bottle Shop,1227 Garden Pl,Atlanta,GA,30304
CUST008088,IHOP,7798 Willow Ave,Springfield,IL,62742
CUST008089,Bob's Bar & Grill,"8903 Center Pkwy, #101",Fargo,ND,58164
CUST008090,Grand by Hyatt Tulsa,"4950 Bay Blvd, #101",Tulsa,OK,74177
CUST008091,Sunset Lounge,"2693 Main Ave, Ste A",Eugene,OR,97422
CUST008092,P.F. Chang's,6164 River Ave,Tulsa,OK,74135
CUST008093,The Bottle Shop,205 Main Dr,Hartford,CT,06106
CUST008094,Golden Corral,"373 Broad Pkwy, Suite 200",Charlotte,NC,28203
CUST008095,Piggly Wiggly,"1494 Bay Ave, Unit B",Nashville,TN,37247
CUST008096,The Detroit Grille,"5457 Park St, #101",Detroit,MI,48296
CUST008097,Chris & Jack's Steakhouse,5525 Willow Rd,Orlando,FL,32834
CUST008098,The Cheesecake Factory,"6202 Industrial Pkwy, Unit B",Buffalo,NY,14295
CUST008099,Papa Davis's,"2582 Willow Blvd, Suite 200",Richmond,VA,23268
CUST008100,Love's Travel Stop #9224,"7469 Valley Ln, Unit B",Seattle,WA,98155
CUST008101,Hampton Inn by Hilton Fargo,"1157 Industrial Rd, Suite 200",Fargo,ND,58104
CUST008102,Rite Aid,"5898 Division Ave, Unit B",Austin,TX,78716
CUST008103,Denny's,"6471 Peach Ln, Suite 100",Reno,NV,89594
CUST008104,Piggly Wiggly,"9413 Peach Blvd, #101",Buffalo,NY,14284
CUST008105,Loews Hotel Philadelphia,"4730 Sunset Dr, Suite 200",Savannah,GA,31468
CUST008106,Winn-Dixie,9183 Cedar Pl,Buffalo,NY,14235
CUST008107,Spec's Liquor,"8932 Magnolia Blvd, Ste A",Jersey City,NJ,07366
CUST008108,Madison Bistro,6472 Hill Rd,Madison,WI,53713
CUST008109,Wawa #682,"7026 Elm St, Suite 200",Louisville,KY,40226
CUST008110,Spokane Diner,"6406 Cedar Ave, Suite 100",Spokane,WA,99284
CUST008111,Perkins Restaurant,"2389 Hill Pl, #101",Kansas City,MO,64154
CUST008112,Tony & Jim's Steakhouse,8286 Garden Ave,Charlotte,NC,28213
CUST008113,Williams Family Restaurant,"2303 Park Pkwy, #101",Grand Rapids,MI,49597
CUST008114,Rite Aid,4311 Cherry Blvd,Colorado Springs,CO,80953
CUST008115,Choice Hotels Quality Inn Chicago,5311 Meadow Ln,Chicago,IL,60671
CUST008116,Speedway #5039,"6426 Meadow Pkwy, Suite 100",Albuquerque,NM,87145
CUST008117,TGI Fridays,"8972 Peach Blvd, Suite 100",Salt Lake City,UT,84192
CUST008118,Denny's,2126 Commerce Way,Boston,MA,02106
CUST008119,WinCo Foods,7632 Meadow Ln,Queens,NY,11343
CUST008120,CVS Pharmacy,4805 Cherry Dr,Portland,OR,97201
CUST008121,Marketview Liquor,"5009 Division Ct, Suite 200",Atlanta,GA,30336
CUST008122,Love's Travel Stop #7292,5113 Sunset Dr,Columbia,SC,29223
CUST008123,Lidl,"4538 Chestnut Dr, Suite 100",Colorado Springs,CO,80966
CUST008124,Spec's Liquor,"6971 Park Ct, #101",Fargo,ND,58148
CUST008125,Casey's General Store #7797,"4298 Willow Way, Suite 200",Anchorage,AK,99530
CUST008126,Spec's Liquor,"9881 Valley Rd, Suite 100",Tampa,FL,33697
CUST008127,St. Paul Kitchen,"7811 Washington Blvd, #101",St. Paul,MN,55190
CUST008128,Rosa's Grill,"2017 Walnut Blvd, #101",Brooklyn,NY,11214
CUST008129,Raising Cane's,3466 Industrial Pl,Nashville,TN,37200
CUST008130,Hooters,"851 Park Ct, Suite 100",Philadelphia,PA,19140
CUST008131,Walgreens,6006 Maple Ct,Hartford,CT,06129
CUST008132,Albertsons,1993 Market St,Springfield,IL,62774
CUST008133,Yard House,6946 Harbor Way,Raleigh,NC,27644
CUST008134,The Cheesecake Factory,"9932 Green Way, Suite 100",Phoenix,AZ,85047
CUST008135,Bob & Lou's Steakhouse,"3019 Garden St, Ste A",Kansas City,MO,64119
CUST008136,Dave's Seafood,"6693 Hill Dr, Unit B",Brooklyn,NY,11260
CUST008137,Columbia Kitchen,4062 Valley Pkwy,Columbia,SC,29294
CUST008138,The Cheesecake Factory,"9588 Main Pkwy, Suite 200",Seattle,WA,98108
CUST008139,Wegmans,7489 Forest Blvd,Tampa,FL,33622
CUST008140,Sonic Drive-In,"4217 Forest Pkwy, Suite 100",St. Louis,MO,63158
CUST008141,Wilmington Taproom,"8875 Commerce Pl, Suite 200",Wilmington,DE,19852
CUST008142,Residence Inn by Marriott Boston,2395 Meadow Blvd,Boston,MA,02180
CUST008143,Sheraton New York Times Square,"4280 Park Pl, Unit B",Cleveland,OH,44183
CUST008144,Burlington Wine & Spirits,3994 Commerce Ave,Burlington,VT,05458
CUST008145,Panera Bread,"7820 Division Rd, Suite 200",Louisville,KY,40269
CUST008146,Cheers Bar & Grill,1318 Washington Way,Raleigh,NC,27682
CUST008147,Buffalo Wild Wings,6175 Washington Blvd,Tampa,FL,33649
CUST008148,Steak 'n Shake,6022 Main Ct,Grand Rapids,MI,49511
CUST008149,Central Liquors,"9905 Union Blvd, Suite 100",Baltimore,MD,21204
CUST008150,Grand by Hyatt Springfield,"4222 Lake Ln, Suite 100",Springfield,IL,62797
CUST008151,Sonic Drive-In,"5013 Harbor Ct, #101",Worcester,MA,01635
CUST008152,Springhill Suites by Marriott Columbus,"3734 Highland Dr, Ste A",Columbus,OH,43269
CUST008153,Mama Davis's,8952 Spring Ln,Little Rock,AR,72236
CUST008154,Place by Hyatt Sacramento,"5995 Hill Pkwy, Unit B",Sacramento,CA,95849
CUST008155,Albertsons,"4937 Church Rd, Ste A",Salt Lake City,UT,84132
CUST008156,Sam's Club,"6898 Union Rd, #101",Brooklyn,NY,11209
CUST008157,World of Beer,"6382 Bay Blvd, #101",Worcester,MA,01652
CUST008158,Steak 'n Shake,"8191 Highland Rd, Suite 100",Nashville,TN,37294
CUST008159,Marketview Liquor,"6517 Washington Ln, Suite 100",Columbus,OH,43293
CUST008160,Hilton Garden Inn Dallas,"9797 Spring Blvd, #101",Anchorage,AK,99599
CUST008161,Chipotle Mexican Grill,"2135 Spring Ave, Unit B",Newark,NJ,07116
CUST008162,Shake Shack,"3864 Forest St, Ste A",Tampa,FL,33643
CUST008163,Miami Diner,"1978 Elm Way, Suite 100",Miami,FL,33152
CUST008164,Raising Cane's,4481 Walnut Ln,New York,NY,10047
CUST008165,Liquor Barn,"2344 Hill Way, Suite 100",Anchorage,AK,99595
CUST008166,Courtyard by Marriott Hartford,"8776 Maple Ln, Suite 200",Hartford,CT,06118
CUST008167,Mama Patel's Kitchen,"2227 Spring Ct, Suite 200",Houston,TX,77062
CUST008168,Caruso Family Restaurant,8643 Industrial Rd,Wilmington,DE,19823
CUST008169,Old Philadelphia Tavern,5944 Pine Rd,Philadelphia,PA,19134
CUST008170,Super 8 by Wyndham Springfield,9047 Highland Ln,Springfield,IL,62718
CUST008171,The Brown House,1373 Cherry Rd,Houston,TX,77038
CUST008172,Hooters,8087 Green Way,Baton Rouge,LA,70887
CUST008173,Sonic Drive-In,9004 Hill Pl,Albuquerque,NM,87173
CUST008174,Aldi,4333 Oak Dr,Sacramento,CA,95820
CUST008175,ampm #9233,5895 Sunset Ct,Charleston,SC,29444
CUST008176,Charleston Brewing Co.,"2200 Union Ct, Suite 100",Charleston,SC,29473
CUST008177,Lidl,918 Lake Ave,Reno,NV,89560
CUST008178,Memphis Bistro,7568 Garden Ave,Memphis,TN,38125
CUST008179,Bob Evans,1128 Oak Ct,Philadelphia,PA,19176
CUST008180,Steak 'n Shake,"9667 Magnolia Dr, Unit B",Jersey City,NJ,07392
CUST008181,Blu by Radisson Boston,3666 Hill Blvd,Boston,MA,02167
CUST008182,Nashville Wine & Spirits,"8246 Green Blvd, Ste A",Nashville,TN,37290
CUST008183,Central Liquors,"3042 Main Pl, #101",Boston,MA,02153
CUST008184,Whataburger,"5526 Cedar Pl, Ste A",Houston,TX,77007
CUST008185,Old Indianapolis Tavern,4899 Commerce Ct,Indianapolis,IN,46288
CUST008186,Worcester Bistro,8317 Garden Rd,Worcester,MA,01689
CUST008187,Marco & Phil's Steakhouse,"5796 Chestnut Rd, Ste A",Cleveland,OH,44103
CUST008188,DoubleTree by Hilton San Francisco,"8233 Main Pl, Unit B",San Francisco,CA,94181
CUST008189,BJ's Wholesale Club,"8262 Hill Ct, #101",Savannah,GA,31405
CUST008190,Wegmans,496 Elm Ct,Indianapolis,IN,46214
CUST008191,Liquor Barn,4143 Elm Pkwy,Annapolis,MD,21484
CUST008192,Bar Louie,"8192 Broad St, Unit B",Brooklyn,NY,11227
CUST008193,Cracker Barrel,"7525 Market Ln, Ste A",Baton Rouge,LA,70810
CUST008194,BJ's Wholesale Club,4201 Spring Ct,Anchorage,AK,99548
CUST008195,Choice Hotels Quality Inn Sacramento,4606 Garden Ave,Sacramento,CA,95869
CUST008196,Holiday Inn Express Boston,"4938 Church Pl, #101",Virginia Beach,VA,23442
CUST008197,La Quinta by Wyndham Milwaukee,4559 Maple Dr,Milwaukee,WI,53282
CUST008198,Miller's Diner,"1052 Church Pl, Ste A",Grand Rapids,MI,49556
CUST008199,Brown Family Restaurant,"6041 Oak Blvd, #101",Colorado Springs,CO,80936
CUST008200,ampm #6267,"7137 Cherry Ave, Ste A",Dallas,TX,75226
CUST008201,Chen's Diner,"6001 Cedar Ln, #101",Springfield,IL,62728
CUST008202,Cheers Bar & Grill,8924 Washington Pkwy,Louisville,KY,40242
CUST008203,Sacramento Brewing Co.,8497 Hill Pkwy,Sacramento,CA,95880
CUST008204,Shake Shack,"4603 Bay Way, Unit B",Brooklyn,NY,11266
CUST008205,Walgreens,3133 Union Ln,Chicago,IL,60600
CUST008206,Pilot Flying J #6895,"4979 Main Dr, Ste A",Sacramento,CA,95842
CUST008207,Mama Romano's Pizzeria,"417 Bay Ln, Suite 200",Savannah,GA,31482
CUST008208,Ritz-Carlton New Orleans,4886 Magnolia Rd,Kansas City,MO,64140
CUST008209,World of Beer,"873 Lake Blvd, Suite 100",Baton Rouge,LA,70802
CUST008210,Danny's Grill,4167 Main Ct,Eugene,OR,97428
CUST008211,Piggly Wiggly,6570 Bay Dr,Sioux Falls,SD,57191
CUST008212,Perkins Restaurant,"5369 Spring Pkwy, Unit B",Seattle,WA,98156
CUST008213,Sunset Lounge,"311 Chestnut Pl, Unit B",Fargo,ND,58175
CUST008214,Olive Garden,"7735 Willow Dr, Ste A",Grand Rapids,MI,49585
CUST008215,The Draft & Pint,9051 Park Pkwy,Queens,NY,11313
CUST008216,In-N-Out Burger,"4847 Spring Ct, Suite 100",Buffalo,NY,14279
CUST008217,Holiday Inn Express Boston,3207 Sunset Ln,Las Vegas,NV,89110
CUST008218,Mama Nguyen's Pizzeria,1312 Division Rd,Providence,RI,02905
CUST008219,P.F. Chang's,6624 Main Dr,Springfield,IL,62708
CUST008220,Corner Pocket Billiards & Bar,"1819 Oak Pkwy, Suite 100",Seattle,WA,98107
CUST008221,Winn-Dixie,"5350 Market Pl, Suite 100",Buffalo,NY,14201
CUST008222,The Draft House,"6702 Bay Ln, Suite 100",Phoenix,AZ,85051
CUST008223,The Bottle Shop,1917 Valley Pkwy,Baltimore,MD,21252
CUST008224,Casa Miller,1996 Meadow Ave,Atlanta,GA,30376
CUST008225,Binny's Beverage Depot,"3208 Industrial Ln, Ste A",Springfield,IL,62724
CUST008226,Blu by Radisson St. Paul,9425 Magnolia Blvd,St. Paul,MN,55183
CUST008227,Speedway #8863,"5138 Industrial Ave, Suite 100",Richmond,VA,23226
CUST008228,Wawa #6849,"1680 Forest Dr, Unit B",Little Rock,AR,72255
CUST008229,In-N-Out Burger,1430 Lake Rd,Oklahoma City,OK,73100
CUST008230,Best Western Plus Baltimore,"9245 Green Ln, Ste A",Baltimore,MD,21242
CUST008231,Total Spirits Spokane,2558 Park Ct,Spokane,WA,99292
CUST008232,Sam's Club,7720 Lake Pl,Los Angeles,CA,90005
CUST008233,Patel Kitchen,2250 Oak Ct,Jacksonville,FL,32298
CUST008234,Tucson Tap Room,"8532 Maple Blvd, Ste A",Tucson,AZ,85798
CUST008235,Stop & Shop,280 Lake Blvd,Detroit,MI,48281
CUST008236,Casa Smith,1140 Garden St,San Antonio,TX,78278
CUST008237,Hampton Inn Nashville,5078 Church Rd,Tucson,AZ,85780
CUST008238,Best Western Fort Worth,4084 Commerce Blvd,Fort Worth,TX,76156
CUST008239,Blu by Radisson Spokane,"7722 Garden Ln, Ste A",Spokane,WA,99211
CUST008240,The Rossi House,"7214 Center Ln, Ste A",Atlanta,GA,30302
CUST008241,The Broken Spoke,6369 Valley St,Columbus,OH,43237
CUST008242,Sunset Lounge,6278 Cedar Pl,Sacramento,CA,95852
CUST008243,Perkins Restaurant,"2500 Commerce Rd, #101",Houston,TX,77041
CUST008244,Loews Hotel Philadelphia,"5500 Main Dr, Suite 100",Albuquerque,NM,87138
CUST008245,Best Western Salt Lake City,"4293 River Ct, #101",Salt Lake City,UT,84169
CUST008246,Applebee's,7449 Peach Pl,Salt Lake City,UT,84113
CUST008247,Food Lion,"823 Sunset Dr, Ste A",Dallas,TX,75266
CUST008248,Sheetz #4012,3251 Washington Ct,Tulsa,OK,74117
CUST008249,Denny's,"9285 Church St, Suite 100",Pittsburgh,PA,15266
CUST008250,Ferreira Family Restaurant,9398 Sunset Ln,Los Angeles,CA,90006
CUST008251,IHOP,"9105 Center Ln, Suite 100",Tulsa,OK,74131
CUST008252,Outback Steakhouse,4686 Valley Pkwy,Philadelphia,PA,19146
CUST008253,Sports Page Bar,"513 Division Blvd, Suite 200",Little Rock,AR,72296
CUST008254,Ritz-Carlton New Orleans,"1783 Maple Rd, #101",Charleston,SC,29471
CUST008255,Seattle Diner,"8390 Walnut Rd, #101",Seattle,WA,98119
CUST008256,Cheers Bar & Grill,"1477 Park Pkwy, Unit B",Brooklyn,NY,11281
CUST008257,Mama Martinez's Kitchen,"8310 Maple Blvd, Ste A",Albuquerque,NM,87117
CUST008258,Hooters,5183 Willow St,St. Paul,MN,55171
CUST008259,Aldi,7768 Park Pl,Jacksonville,FL,32238
CUST008260,Punch Bowl Social,5736 Magnolia St,Reno,NV,89541
CUST008261,Giant Eagle,"7084 Market Pkwy, Suite 100",Kansas City,MO,64169
CUST008262,TGI Fridays,1954 Union Ln,Miami,FL,33163
CUST008263,Best Western Plus Madison,9675 Cherry St,Madison,WI,53763
CUST008264,Papa Ferreira's,"5865 Elm Pl, Suite 200",Birmingham,AL,35206
CUST008265,Corner Pocket Billiards & Bar,"9086 Walnut Ave, #101",Spokane,WA,99249
CUST008266,Mama Rizzo's Kitchen,2338 Spring Blvd,Columbia,SC,29232
CUST008267,Fargo Wine & Spirits,"1246 Washington Ln, Ste A",Fargo,ND,58186
CUST008268,Rizzo's Pub,8935 Peach St,Little Rock,AR,72286
CUST008269,Courtyard by Marriott Chicago,"8067 Church Ln, #101",Chicago,IL,60611
CUST008270,Fairfield Inn by Marriott Annapolis,"8326 Market Ave, Suite 200",Annapolis,MD,21444
CUST008271,Worcester Tap Room,8875 Division Way,Worcester,MA,01688
CUST008272,Mama Garcia's,1239 Hill St,Milwaukee,WI,53251
CUST008273,The Draft House,"1308 Meadow Blvd, Ste A",New Orleans,LA,70180
CUST008274,ampm #6400,"3031 Cherry Ct, #101",Indianapolis,IN,46250
CUST008275,Blu by Radisson Boston,5904 Forest Pkwy,Boston,MA,02186
CUST008276,Blu by Radisson Jacksonville,"9498 Park Pl, #101",Jacksonville,FL,32291
CUST008277,ampm #808,952 Spring Ln,Baton Rouge,LA,70871
CUST008278,Ramada by Wyndham Annapolis,"2653 Harbor Ave, Suite 200",Annapolis,MD,21423
CUST008279,Applebee's,5872 Union St,New Orleans,LA,70143
CUST008280,Madison Wine & Spirits,"4663 Commerce Blvd, Ste A",Madison,WI,53798
CUST008281,Lidl,9617 Commerce Ct,Spokane,WA,99228
CUST008282,Denny's,169 Union St,Columbus,OH,43216
CUST008283,In-N-Out Burger,4106 Hill Rd,Charlotte,NC,28218
CUST008284,San Diego Bistro,2662 Union Pkwy,San Diego,CA,92112
CUST008285,Walgreens,"5409 Center Pl, Unit B",Anchorage,AK,99540
CUST008286,Golden Corral,5963 Lake Rd,Jackson,MS,39267
CUST008287,Central Liquors,9781 Church Dr,New York,NY,10085
CUST008288,Casa Rizzo,"5417 Commerce Pl, Ste A",Memphis,TN,38106
CUST008289,Mama DeLuca's Kitchen,9442 River Way,Pittsburgh,PA,15294
CUST008290,Keg Liquors,"9274 Forest Ave, #101",Miami,FL,33134
CUST008291,Hartford Bistro,2879 Harbor Rd,Hartford,CT,06135
CUST008292,Cheers Bar & Grill,8707 Cedar Pl,Providence,RI,02921
CUST008293,Residence Inn by Marriott Wilmington,5204 Harbor Pkwy,Wilmington,DE,19811
CUST008294,LongHorn Steakhouse,7606 Walnut Pkwy,Seattle,WA,98164
CUST008295,Hampton Inn by Hilton New York,126 Spring Ave,New York,NY,10030
CUST008296,Spokane Diner,"8828 Green Ct, Ste A",Spokane,WA,99268
CUST008297,Gino's Bar & Grill,"7838 Bay Rd, Ste A",Salt Lake City,UT,84162
CUST008298,Old Atlanta Tavern,"2537 Chestnut Pkwy, Suite 200",Atlanta,GA,30324
CUST008299,Oklahoma City Bottle Shop,6938 Lake Ct,Oklahoma City,OK,73108
CUST008300,The Bottle Shop,6949 Magnolia Pl,Pittsburgh,PA,15209
CUST008301,Houston Ale House,5640 Willow Ave,Houston,TX,77022
CUST008302,LongHorn Steakhouse,"3515 Spring Pkwy, Suite 200",Baton Rouge,LA,70810
CUST008303,Walgreens,3334 Division Ln,Madison,WI,53733
CUST008304,Steak 'n Shake,"2022 Commerce St, Suite 100",Portland,OR,97224
CUST008305,HEB,"8407 River Rd, Ste A",New Orleans,LA,70158
CUST008306,Rite Aid,"8297 Chestnut Pkwy, Suite 100",Fargo,ND,58152
CUST008307,Total Wine & More,6670 Valley Way,San Diego,CA,92185
CUST008308,GetGo #6000,"3328 Highland Rd, Unit B",Providence,RI,02920
CUST008309,Sunset Lounge,6099 Commerce Pkwy,Indianapolis,IN,46217
CUST008310,Fairfield Inn by Marriott Jacksonville,2880 Commerce Ct,Jacksonville,FL,32210
CUST008311,Pilot Flying J #720,"3869 Union Way, #101",Providence,RI,02972
CUST008312,Springfield Bistro,8294 Elm Dr,Springfield,IL,62763
CUST008313,Dave & Buster's,"6447 Magnolia Dr, Suite 200",Savannah,GA,31426
CUST008314,The Bottle Shop,9705 Harbor Ln,Lexington,KY,40525
CUST008315,WinCo Foods,4723 Broad Rd,Houston,TX,77034
CUST008316,Place by Hyatt Fort Worth,"8010 Park Dr, Suite 100",Fort Worth,TX,76190
CUST008317,CVS Pharmacy,6960 Forest Way,San Antonio,TX,78213
CUST008318,Raley's,1876 Highland Ave,Fargo,ND,58153
CUST008319,JW Marriott Los Angeles,"8633 Bay Pkwy, Suite 100",Queens,NY,11321
CUST008320,ampm #8693,8882 Church Pl,Colorado Springs,CO,80902
CUST008321,Punch Bowl Social,5475 Washington Ln,Cincinnati,OH,45276
CUST008322,Loews Hotel Philadelphia,5882 Willow Ln,Providence,RI,02935
CUST008323,Holiday Inn by IHG Fort Worth,"9982 Meadow Rd, Suite 100",Fort Worth,TX,76169
CUST008324,Old Lexington Tavern,"2400 Maple Pkwy, Suite 100",Lexington,KY,40520
CUST008325,House by Hyatt Cleveland,"1043 Garden Dr, Suite 200",Cleveland,OH,44186
CUST008326,Best Western St. Paul,2026 Green Blvd,St. Paul,MN,55146
CUST008327,Cracker Barrel,6955 Walnut Ave,Madison,WI,53773
CUST008328,Binny's Beverage Depot,"8525 Green Ct, Ste A",Chicago,IL,60636
CUST008329,Discount Liquor Mart,"6249 Market Blvd, #101",Oklahoma City,OK,73123
CUST008330,Costco Wholesale,"3043 Willow Pl, Suite 100",Tucson,AZ,85727
CUST008331,Cheers Bar & Grill,3682 Lake Way,St. Paul,MN,55121
CUST008332,Bar Louie,9502 Cherry Ln,Queens,NY,11394
CUST008333,Grand by Hyatt Baltimore,"6745 Chestnut Ct, Suite 200",Baltimore,MD,21246
CUST008334,Binny's Beverage Depot,7386 Industrial Ln,Columbus,OH,43217
CUST008335,The Bottle Shop,"1592 Forest Pkwy, Suite 100",San Francisco,CA,94166
CUST008336,Atlanta Diner,"1965 Lake Ct, Unit B",Atlanta,GA,30360
CUST008337,Liquor Barn,"4471 Highland Dr, Unit B",Houston,TX,77055
CUST008338,Papa Ferreira's,9224 Broad Blvd,Austin,TX,78731
CUST008339,Panera Bread,"5689 Industrial Ave, #101",Orlando,FL,32809
CUST008340,Houston Diner,"5771 Pine Rd, #101",Houston,TX,77047
CUST008341,Total Wine & More,"8961 Highland Dr, Suite 100",Springfield,IL,62741
CUST008342,Albuquerque Grill,"1242 Meadow Dr, Suite 100",Albuquerque,NM,87121
CUST008343,Walgreens,139 Broad Pkwy,Los Angeles,CA,90010
CUST008344,Raising Cane's,"1591 Cedar Pkwy, Unit B",Worcester,MA,01699
CUST008345,The Richmond Grille,"8013 River St, Unit B",Richmond,VA,23237
CUST008346,Place by Hyatt Springfield,5855 Church Pl,Springfield,IL,62723
CUST008347,CVS Pharmacy,1297 Walnut Ct,Eugene,OR,97444
CUST008348,Little Rock Bottle Shop,"3274 Center Pkwy, Suite 200",Little Rock,AR,72233
CUST008349,Buffalo Wild Wings,"1778 Union Blvd, Unit B",Miami,FL,33111
CUST008350,Denny's,8576 Walnut Rd,Tampa,FL,33609
CUST008351,Springhill Suites by Marriott Lexington,"8565 Pine Ct, Suite 200",Lexington,KY,40540
CUST008352,Applebee's,"9998 Walnut Pkwy, Suite 100",Hartford,CT,06161
CUST008353,Chipotle Mexican Grill,"3051 Meadow Blvd, Suite 100",Spokane,WA,99237
CUST008354,Total Spirits Fargo,"9995 Willow Pkwy, Suite 100",Fargo,ND,58120
CUST008355,Bill's Bar & Grill,5925 Highland Blvd,Fargo,ND,58142
CUST008356,La Quinta by Wyndham Louisville,8417 Pine Pl,Louisville,KY,40202
CUST008357,ABC Fine Wine & Spirits,989 Cherry Way,Burlington,VT,05430
CUST008358,Circle K #3706,5853 Peach Blvd,Boston,MA,02162
CUST008359,Whataburger,1803 Cedar Dr,Providence,RI,02986
CUST008360,Choice Hotels Quality Inn Newark,4727 Valley Ln,Newark,NJ,07178
CUST008361,Chen's Tavern,7656 Main Dr,Little Rock,AR,72213
CUST008362,Ramada by Wyndham Las Vegas,7262 Garden St,Las Vegas,NV,89125
CUST008363,Outback Steakhouse,2647 Green Ln,Charleston,SC,29421
CUST008364,The Keg & Barrel,"5480 Broad Ct, Suite 100",Indianapolis,IN,46235
CUST008365,Raley's,"5947 Garden Pl, #101",Tucson,AZ,85715
CUST008366,Sonic Drive-In,"7513 Washington Ct, Suite 200",Milwaukee,WI,53223
CUST008367,Walgreens,4146 Washington Pl,Jacksonville,FL,32288
CUST008368,Caruso's Pub,"2679 Garden St, #101",Richmond,VA,23240
CUST008369,TGI Fridays,"9070 Commerce Pkwy, Suite 200",Jackson,MS,39211
CUST008370,The Cheesecake Factory,5366 Meadow Pl,Queens,NY,11322
CUST008371,Leo's Grill,9874 Hill St,Tucson,AZ,85778
CUST008372,ABC Fine Wine & Spirits,8659 Lake Ct,Boston,MA,02169
CUST008373,Red Lobster,3743 Union Blvd,Raleigh,NC,27644
CUST008374,Patel's BBQ,"1692 Garden Rd, Ste A",Cleveland,OH,44128
CUST008375,The Bull & Spur,8785 Lake Pkwy,Omaha,NE,68173
CUST008376,Albertsons,"6711 Park Blvd, Suite 200",Cincinnati,OH,45209
CUST008377,Whataburger,"4636 Meadow Blvd, Suite 200",Tampa,FL,33626
CUST008378,Queens Diner,"3610 Market Pkwy, Ste A",Queens,NY,11332
CUST008379,The Old Stag,"6087 Sunset Dr, Suite 100",Charlotte,NC,28294
CUST008380,Bar Louie,"2333 Main Pl, Ste A",Buffalo,NY,14257
CUST008381,Jones's Liquor Store,4607 Walnut Ln,Orlando,FL,32891
CUST008382,Shake Shack,"2001 Willow Pl, #101",Indianapolis,IN,46290
CUST008383,Steak 'n Shake,481 Market Ct,Detroit,MI,48222
CUST008384,Charlotte Taproom,"4107 Union Way, #101",Charlotte,NC,28252
CUST008385,Johnson's Liquor Store,"7481 Magnolia Rd, Suite 200",San Francisco,CA,94101
CUST008386,Loews Hotel Philadelphia,668 Industrial Way,Louisville,KY,40203
CUST008387,Neighborhood Bar & Grill,"1830 Green Way, Unit B",Reno,NV,89560
CUST008388,The Jones House,"4284 Walnut Pkwy, Suite 200",New York,NY,10069
CUST008389,Down the Hatch,"7864 Main Blvd, Suite 200",San Antonio,TX,78215
CUST008390,Columbia Kitchen,"6483 Sunset Rd, Suite 200",Columbia,SC,29251
CUST008391,Twin Peaks,"171 Park Pkwy, Unit B",Birmingham,AL,35201
CUST008392,Premier Wine & Spirits,"5671 Highland Blvd, #101",Madison,WI,53744
CUST008393,Mama Chen's,"762 Commerce St, Ste A",Colorado Springs,CO,80901
CUST008394,Bob Evans,3284 Cedar Pl,Atlanta,GA,30376
CUST008395,Choice Hotels Econo Lodge Miami,"7087 Forest Pkwy, Unit B",Miami,FL,33150
CUST008396,The Springfield Grille,"1571 Magnolia Ln, Suite 200",Springfield,IL,62797
CUST008397,Buffalo Wild Wings,"666 Willow Blvd, Unit B",Springfield,IL,62766
CUST008398,Sports Page Bar,6689 Harbor Ct,Nashville,TN,37207
CUST008399,Publix,9274 Bay Ave,Denver,CO,80269
CUST008400,Best Western Premier Pittsburgh,2619 Main Pl,Pittsburgh,PA,15242
CUST008401,Jack's Bar & Grill,7648 Cherry Ct,San Francisco,CA,94124
CUST008402,Miller's Tavern,"7880 Bay Way, Unit B",San Francisco,CA,94153
CUST008403,Radisson Jacksonville,"5673 Park Ct, Suite 100",Jacksonville,FL,32225
CUST008404,Sunset Lounge,"3635 Elm Way, Suite 100",Queens,NY,11342
CUST008405,Buffalo Wild Wings,"2714 Bay Pkwy, Unit B",Indianapolis,IN,46248
CUST008406,The Draft House,"6285 Church Pkwy, Unit B",Eugene,OR,97496
CUST008407,Four Seasons Miami,1186 Pine Blvd,Tulsa,OK,74172
CUST008408,Sunset Lounge,8698 Willow Way,Honolulu,HI,96846
CUST008409,Meijer,"2059 Maple Way, Suite 100",Little Rock,AR,72259
CUST008410,P.F. Chang's,"4657 Chestnut Dr, #101",Richmond,VA,23299
CUST008411,San Antonio Taproom,"8693 Lake Pl, Suite 100",San Antonio,TX,78206
CUST008412,Binny's Beverage Depot,"6282 Forest Way, Unit B",Charleston,SC,29457
CUST008413,Cheers Bar & Grill,8757 Harbor Blvd,Omaha,NE,68147
CUST008414,CVS Pharmacy,242 Green Way,Burlington,VT,05430
CUST008415,Chili's,8029 River Way,Louisville,KY,40275
CUST008416,Food Lion,3976 Valley Rd,Honolulu,HI,96843
CUST008417,ampm #530,"4751 Elm Ct, #101",Baton Rouge,LA,70871
CUST008418,Philadelphia Grill,"9306 Harbor Dr, Suite 100",Philadelphia,PA,19172
CUST008419,Texas Roadhouse,3931 Cedar Rd,Eugene,OR,97404
CUST008420,Chili's,1039 Walnut Pkwy,Tulsa,OK,74132
CUST008421,Albuquerque Tap Room,"8729 Maple Dr, Unit B",Albuquerque,NM,87164
CUST008422,Walgreens,"7736 Chestnut Rd, #101",Los Angeles,CA,90016
CUST008423,Best Western Plus San Antonio,"7991 Meadow Pl, Suite 100",San Antonio,TX,78251
CUST008424,Bar Louie,"9279 Valley Pkwy, Suite 100",Queens,NY,11338
CUST008425,Raising Cane's,4063 Spring Ln,Charleston,SC,29413
CUST008426,In-N-Out Burger,8684 Union Rd,Louisville,KY,40252
CUST008427,Chen's BBQ,4142 Cedar Ct,Reno,NV,89531
CUST008428,Piggly Wiggly,"2454 Peach Dr, Ste A",Denver,CO,80218
CUST008429,Carlos & Jack's Steakhouse,"8161 Main Ave, Suite 100",Worcester,MA,01652
CUST008430,Chen's Liquor Store,7440 Union Blvd,Richmond,VA,23218
CUST008431,Casa Martinez,"3331 Broad Ave, Ste A",Charleston,SC,29438
CUST008432,Yard House,8419 Market Way,Jacksonville,FL,32201
CUST008433,Lidl,7744 Cherry Dr,Orlando,FL,32843
CUST008434,Punch Bowl Social,"5302 Cedar St, Ste A",Colorado Springs,CO,80957
CUST008435,Sheetz #8154,"8455 Hill St, Ste A",Dallas,TX,75265
CUST008436,The Colorado Springs Grille,5872 Harbor Rd,Colorado Springs,CO,80922
CUST008437,Rite Aid,"8397 Spring Pkwy, Unit B",San Antonio,TX,78298
CUST008438,Ritz-Carlton New Orleans,"8214 Elm Ave, Ste A",Savannah,GA,31406
CUST008439,Courtyard by Marriott Chicago,"5574 Oak St, Ste A",Providence,RI,02963
CUST008440,Applebee's,"5397 Maple Rd, Suite 100",Virginia Beach,VA,23408
CUST008441,The Copper Keg,"6807 Broad Ave, #101",Pittsburgh,PA,15246
CUST008442,Ritz-Carlton New Orleans,6313 Commerce Rd,Reno,NV,89569
CUST008443,Choice Hotels Clarion Spokane,1721 Bay Dr,Spokane,WA,99281
CUST008444,Discount Liquor Mart,"5889 Valley Ct, Unit B",Memphis,TN,38161
CUST008445,Annapolis Kitchen,"6140 Center Way, #101",Annapolis,MD,21405
CUST008446,Hooters,"3483 Harbor Ave, Ste A",St. Louis,MO,63119
CUST008447,Old San Antonio Tavern,"3431 Washington Blvd, #101",San Antonio,TX,78270
CUST008448,Golden Corral,4184 Cedar Blvd,Baltimore,MD,21215
CUST008449,Choice Hotels Econo Lodge Jackson,"4440 Walnut Rd, #101",Jackson,MS,39266
CUST008450,The Rossi House,"5508 Oak Pl, Suite 100",Albuquerque,NM,87179
CUST008451,Baltimore Bottle Shop,"3606 Park Dr, Suite 100",Baltimore,MD,21225
CUST008452,Westin Atlanta Peachtree,879 Maple Ave,Phoenix,AZ,85035
CUST008453,Martinez's Pub,"5871 Green Ln, Unit B",Houston,TX,77003
CUST008454,Old Newark Tavern,"9444 Forest Ln, Unit B",Newark,NJ,07129
CUST008455,Anchorage Wine & Spirits,"214 Bay St, Ste A",Anchorage,AK,99535
CUST008456,Walgreens,"1556 Chestnut St, Suite 100",Reno,NV,89536
CUST008457,Buffalo Wild Wings,"3176 Willow Ct, #101",Portland,OR,97202
CUST008458,Rite Aid,"4047 Green Pl, Unit B",Dallas,TX,75288
CUST008459,Sam's Club,"5425 Green Pkwy, #101",Wilmington,DE,19847
CUST008460,Minneapolis Taproom,"5709 Green Ct, Suite 100",Minneapolis,MN,55419
CUST008461,P.F. Chang's,2770 Hill Blvd,Richmond,VA,23258
CUST008462,Kona Grill,"9677 Green Ln, Suite 100",Grand Rapids,MI,49555
CUST008463,Choice Hotels Comfort Inn Newark,"7071 Harbor Blvd, #101",Newark,NJ,07107
CUST008464,Waffle House,"708 Elm Blvd, Suite 100",St. Paul,MN,55113
CUST008465,BJ's Wholesale Club,"2524 Spring Ave, Suite 200",Burlington,VT,05424
CUST008466,Holiday Inn by IHG Eugene,3071 Spring Ct,Eugene,OR,97485
CUST008467,Ramada by Wyndham Denver,"8732 Elm Pl, Unit B",Denver,CO,80217
CUST008468,Marriott Houston Downtown,"4298 Willow Pkwy, Unit B",Little Rock,AR,72260
CUST008469,Five Guys,"5479 Elm Ln, Suite 100",Tampa,FL,33670
CUST008470,Sunset Lounge,"4603 Forest Ct, Unit B",Eugene,OR,97429
CUST008471,Cracker Barrel,3342 Market Dr,Springfield,IL,62797
CUST008472,ABC Fine Wine & Spirits,9035 Garden St,Colorado Springs,CO,80957
CUST008473,Sheraton New York Times Square,597 Park Pkwy,Eugene,OR,97432
CUST008474,Maria's Seafood,"5573 Forest Ct, Ste A",Columbia,SC,29255
CUST008475,The Miller House,933 Park Rd,Atlanta,GA,30394
CUST008476,The Cheesecake Factory,6636 Hill Dr,Memphis,TN,38185
CUST008477,House by Hyatt Charlotte,"8604 Valley Ave, Ste A",Charlotte,NC,28266
CUST008478,Publix,"804 Magnolia Pl, Unit B",Portland,OR,97216
CUST008479,CVS Pharmacy,4124 Elm Pkwy,Charleston,SC,29413
CUST008480,Days Inn by Wyndham Burlington,1720 Commerce Ave,Burlington,VT,05407
CUST008481,Olive Garden,9694 Willow Ln,Reno,NV,89588
CUST008482,Crowne Plaza by IHG Los Angeles,"4546 Park Way, Ste A",Los Angeles,CA,90003
CUST008483,Whataburger,8557 Sunset Ave,Louisville,KY,40245
CUST008484,Mama Miller's,5291 Chestnut Blvd,Wilmington,DE,19867
CUST008485,Denver Kitchen,"1483 Peach Pkwy, #101",Denver,CO,80235
CUST008486,Wilmington Ale House,6516 Green Rd,Wilmington,DE,19853
CUST008487,Holiday Inn Express by IHG Dallas,"1711 Market Dr, Suite 100",Dallas,TX,75210
CUST008488,Patel's Liquor Store,"8909 Valley Dr, Suite 100",Dallas,TX,75244
CUST008489,ABC Fine Wine & Spirits,1717 Center Pl,Denver,CO,80221
CUST008490,Ferreira's BBQ,"2385 Chestnut Dr, Suite 200",Oklahoma City,OK,73140
CUST008491,Olive Garden,2389 Hill Pkwy,Las Vegas,NV,89140
CUST008492,Casa Martinez,"8500 Park Blvd, #101",Fargo,ND,58117
CUST008493,Johnson's Pub,9820 Broad Ave,Jackson,MS,39209
CUST008494,Hy-Vee,5042 Bay Blvd,Charleston,SC,29496
CUST008495,Total Spirits Raleigh,3291 Commerce Blvd,Raleigh,NC,27607
CUST008496,Dave & Buster's,"4443 River Ln, #101",Jersey City,NJ,07366
CUST008497,Mama Smith's Kitchen,5718 Division Rd,Kansas City,MO,64122
CUST008498,Davis's Pub,380 Meadow Rd,Phoenix,AZ,85041
CUST008499,Smith's Liquor Store,867 Division St,Birmingham,AL,35248
CUST008500,Jim's Bar & Grill,9518 Washington Dr,Detroit,MI,48219
CUST008501,Tulsa Tap Room,"9254 Garden St, Ste A",Tulsa,OK,74122
CUST008502,Neighborhood Bar & Grill,"7330 Green Way, Ste A",Memphis,TN,38147
CUST008503,Perkins Restaurant,8132 Oak Blvd,Virginia Beach,VA,23486
CUST008504,The Tap Room,"7874 River Pl, Ste A",Jersey City,NJ,07328
CUST008505,Kona Grill,370 Cherry Pkwy,St. Louis,MO,63120
CUST008506,Wawa #7650,2931 Lake Dr,Tampa,FL,33607
CUST008507,Stater Bros.,"2556 Park St, Ste A",Charleston,SC,29483
CUST008508,Caruso's Pub,7058 River Pkwy,Annapolis,MD,21473
CUST008509,Casey's General Store #4309,"2380 Willow Dr, Suite 100",Reno,NV,89512
CUST008510,Best Western Plus Colorado Springs,6359 Chestnut Way,Colorado Springs,CO,80971
CUST008511,Discount Liquor Mart,"8185 Pine Dr, Unit B",Salt Lake City,UT,84106
CUST008512,Best Western Premier Phoenix,2665 Bay Ave,Phoenix,AZ,85045
CUST008513,Costco Wholesale,8165 Main Pkwy,Salt Lake City,UT,84197
CUST008514,Punch Bowl Social,"137 Broad St, #101",Birmingham,AL,35248
CUST008515,P.F. Chang's,"8383 Oak Pl, Suite 100",Salt Lake City,UT,84182
CUST008516,BevMo,5320 Bay Dr,New York,NY,10063
CUST008517,Down the Hatch,2830 Cedar Dr,Tucson,AZ,85725
CUST008518,Sonic Drive-In,"9409 Green Pl, #101",Detroit,MI,48232
CUST008519,Ingles Markets,"3770 Harbor Blvd, Suite 100",Atlanta,GA,30303
CUST008520,Premier Wine & Spirits,390 Park Ct,Annapolis,MD,21409
CUST008521,Casa Esposito,"4428 Valley Blvd, Ste A",Anchorage,AK,99559
CUST008522,Punch Bowl Social,2569 Highland Rd,Baltimore,MD,21244
CUST008523,Courtyard by Marriott Hartford,5736 Cedar Blvd,Hartford,CT,06152
CUST008524,IHOP,"9189 Division Ct, Ste A",Virginia Beach,VA,23474
CUST008525,Hilton Garden Inn Dallas,3662 Elm St,Omaha,NE,68193
CUST008526,Nick's Seafood,2171 Maple Pkwy,Buffalo,NY,14203
CUST008527,The Broken Spoke,"3886 Valley Dr, Suite 100",Wilmington,DE,19899
CUST008528,Publix,"5501 Magnolia Blvd, Ste A",Providence,RI,02953
CUST008529,Portland Tap Room,8959 Highland Rd,Portland,OR,97218
CUST008530,The Bear & Fox,"7687 Pine Ct, #101",Eugene,OR,97421
CUST008531,Sheetz #9512,5547 Elm Pl,Tulsa,OK,74174
CUST008532,The Bottle Shop,4125 Market Pl,Philadelphia,PA,19194
CUST008533,Premier Wine & Spirits,1085 Broad Pl,Richmond,VA,23292
CUST008534,Binny's Beverage Depot,"7518 Cedar Ct, Suite 200",Albuquerque,NM,87159
CUST008535,Mama Davis's Kitchen,"6514 Industrial Pkwy, Suite 100",Chicago,IL,60681
CUST008536,Annapolis Wine & Spirits,5122 Chestnut Blvd,Annapolis,MD,21414
CUST008537,Park Family Restaurant,"784 Maple St, Unit B",Hartford,CT,06113
CUST008538,Tom & Sal's Steakhouse,4173 Union Rd,Denver,CO,80278
CUST008539,Marketview Liquor,4921 Main Pkwy,Brooklyn,NY,11250
CUST008540,Lidl,7602 Oak Rd,Philadelphia,PA,19131
CUST008541,Costco Wholesale,"417 Market Way, Ste A",Phoenix,AZ,85061
CUST008542,The Buffalo Grille,"3465 Cherry Rd, Ste A",Buffalo,NY,14240
CUST008543,The Broken Spoke,"3248 Green Rd, #101",Salt Lake City,UT,84132
CUST008544,Annapolis Kitchen,"8390 Main Blvd, Suite 200",Annapolis,MD,21485
CUST008545,Mama DeLuca's,"9494 Forest Ave, Suite 200",Charleston,SC,29477
CUST008546,Choice Hotels Clarion Raleigh,9175 Harbor Ct,Raleigh,NC,27629
CUST008547,Phoenix Grill,1154 Main Rd,Phoenix,AZ,85043
CUST008548,Esposito Family Restaurant,7389 Peach Way,Charleston,SC,29416
CUST008549,Marketview Liquor,4728 Maple Rd,Phoenix,AZ,85013
CUST008550,Outback Steakhouse,1108 Union St,Memphis,TN,38175
CUST008551,Cincinnati Tap Room,333 Garden Way,Cincinnati,OH,45212
CUST008552,Five Guys,"6440 Cedar Ave, Unit B",Colorado Springs,CO,80955
CUST008553,TGI Fridays,3670 Broad Pl,Cleveland,OH,44114
CUST008554,The Rusty Nail,"9664 Oak Dr, Suite 200",Baltimore,MD,21286
CUST008555,Sam's Club,841 Garden Pkwy,Burlington,VT,05439
CUST008556,Publix,"4576 Harbor Ave, Unit B",Portland,OR,97281
CUST008557,Baltimore Bistro,2916 Harbor Ave,Baltimore,MD,21205
CUST008558,Cracker Barrel,"8743 Main Pl, #101",Queens,NY,11306
CUST008559,Raising Cane's,"6764 Center St, Unit B",Eugene,OR,97434
CUST008560,Total Spirits Tulsa,4636 Cedar Pl,Tulsa,OK,74163
CUST008561,Costco Wholesale,"9488 Market St, Suite 200",Cleveland,OH,44122
CUST008562,Courtyard by Marriott Chicago,8608 Industrial Rd,Tulsa,OK,74119
CUST008563,Casa DeLuca,2903 Meadow Rd,St. Louis,MO,63141
CUST008564,Outback Steakhouse,"7672 Center Dr, Suite 100",Albuquerque,NM,87194
CUST008565,Rite Aid,2948 Market Dr,San Francisco,CA,94142
CUST008566,Aldi,494 Willow Pkwy,Brooklyn,NY,11258
CUST008567,Wegmans,4526 Union Ct,Grand Rapids,MI,49519
CUST008568,Denny's,"3400 Cedar Blvd, Suite 200",New Orleans,LA,70196
CUST008569,Bill & Jimmy's Steakhouse,"3688 Lake Blvd, Suite 200",Providence,RI,02908
CUST008570,Fine Wine & Spirits,"398 Lake Blvd, Suite 100",Philadelphia,PA,19104
CUST008571,Ferreira's Diner,"9992 Industrial Ave, Ste A",Grand Rapids,MI,49531
CUST008572,Mama Martinez's Kitchen,"1616 Forest Ave, Suite 200",New York,NY,10065
CUST008573,Chipotle Mexican Grill,"3058 Peach Rd, Ste A",Tucson,AZ,85750
CUST008574,Maria's Seafood,8505 Oak Pl,Charleston,SC,29491
CUST008575,Panera Bread,"1031 Park Blvd, Suite 200",Omaha,NE,68173
CUST008576,ABC Fine Wine & Spirits,"6968 Pine Ln, Unit B",Newark,NJ,07196
CUST008577,Red Robin,"2879 Lake Ln, #101",Milwaukee,WI,53201
CUST008578,HEB,5673 Cherry Ln,Kansas City,MO,64111
CUST008579,The Rusty Nail,"2589 Washington Pkwy, #101",Louisville,KY,40246
CUST008580,Perkins Restaurant,6740 Garden Dr,Honolulu,HI,96805
CUST008581,Kim's Pub,4470 Center Way,Worcester,MA,01681
CUST008582,Staybridge Suites by IHG Oklahoma City,"1072 Cedar St, Suite 100",Oklahoma City,OK,73191
CUST008583,GetGo #4814,1091 Union Dr,St. Paul,MN,55130
CUST008584,Texas Roadhouse,3980 Harbor Blvd,Annapolis,MD,21432
CUST008585,Panera Bread,6842 Market Ln,Colorado Springs,CO,80925
CUST008586,Marketview Liquor,8161 Spring Ct,Little Rock,AR,72229
CUST008587,Marriott Houston Downtown,1940 Spring Ln,Nashville,TN,37208
CUST008588,Walgreens,"707 Hill Way, Ste A",Hartford,CT,06121
CUST008589,Casa Jones,"282 Chestnut Ct, Ste A",Orlando,FL,32898
CUST008590,Neighborhood Bar & Grill,"2163 Walnut Ave, #101",Phoenix,AZ,85073
CUST008591,The Caruso House,"2366 Center Blvd, Suite 100",Charlotte,NC,28235
CUST008592,Waffle House,6105 Pine Ct,Baton Rouge,LA,70864
CUST008593,Garcia's Diner,4422 Green Ct,Eugene,OR,97416
CUST008594,Texas Roadhouse,697 Lake Rd,Raleigh,NC,27662
CUST008595,St. Louis Diner,"7778 Oak Rd, Unit B",St. Louis,MO,63188
CUST008596,Shake Shack,4498 Pine Pkwy,Tampa,FL,33681
CUST008597,Courtyard by Marriott Chicago,"3527 Walnut Ct, Ste A",Burlington,VT,05415
CUST008598,Fine Wine & Spirits,"9776 Walnut Blvd, Ste A",Brooklyn,NY,11285
CUST008599,Main Street Liquors,"8479 Sunset Ave, Suite 200",Houston,TX,77044
CUST008600,Red Robin,"6198 Magnolia Pkwy, #101",Salt Lake City,UT,84142
CUST008601,Perkins Restaurant,"563 Magnolia Pl, Ste A",Queens,NY,11314
CUST008602,Aldi,"3447 River Pl, Suite 100",Baton Rouge,LA,70874
CUST008603,Sam's Club,"7427 Cherry Ave, Ste A",Los Angeles,CA,90023
CUST008604,Neighborhood Bar & Grill,"2795 Oak Ave, Suite 100",St. Paul,MN,55127
CUST008605,The Sioux Falls Grille,"2240 Garden Blvd, #101",Sioux Falls,SD,57177
CUST008606,Cheers Bar & Grill,"7908 Green Rd, Suite 200",San Diego,CA,92194
CUST008607,Los Angeles Bottle Shop,"2887 Cherry Ln, Unit B",Los Angeles,CA,90096
CUST008608,ABC Fine Wine & Spirits,1627 Garden Way,Richmond,VA,23217
CUST008609,Whole Foods Market,9541 Highland Ln,St. Paul,MN,55137
CUST008610,Doubletree by Hilton Seattle,4853 Green Ave,St. Paul,MN,55187
CUST008611,Bob's Grill,1650 Broad Ct,Denver,CO,80238
CUST008612,Costco Wholesale,"8719 Maple Ct, Unit B",Anchorage,AK,99549
CUST008613,Virginia Beach Taproom,9871 Industrial Ave,Virginia Beach,VA,23445
CUST008614,Regency by Hyatt Annapolis,7753 Magnolia Dr,Annapolis,MD,21413
CUST008615,Dave & Buster's,"3968 Market Dr, Unit B",Virginia Beach,VA,23426
CUST008616,Best Western Premier Providence,8499 River Ln,Providence,RI,02946
CUST008617,The Draft House,"3763 Union Dr, Suite 100",Los Angeles,CA,90065
CUST008618,HEB,8866 Highland Ave,Cleveland,OH,44177
CUST008619,Cracker Barrel,4155 Sunset Ct,Providence,RI,02987
CUST008620,Sonic Drive-In,6776 Hill Ave,Nashville,TN,37212
CUST008621,Steak 'n Shake,2840 Magnolia Way,Minneapolis,MN,55487
CUST008622,Wingstop,4684 Hill Blvd,Lexington,KY,40557
CUST008623,Chipotle Mexican Grill,"911 Washington Ave, Suite 100",Seattle,WA,98154
CUST008624,Marriott Houston Downtown,"7636 Washington Pkwy, Suite 200",Milwaukee,WI,53295
CUST008625,Cheers Bar & Grill,9821 Pine Blvd,Wilmington,DE,19889
CUST008626,Golden Corral,352 Maple Pkwy,Lexington,KY,40527
CUST008627,The Tap & Barrel,"5036 Bay St, Ste A",Louisville,KY,40211
CUST008628,Best Western Premier Baton Rouge,"7105 Oak Dr, #101",Baton Rouge,LA,70851
CUST008629,Red Lobster,1704 Elm Rd,Los Angeles,CA,90016
CUST008630,Perkins Restaurant,"7217 Cedar Ct, Unit B",Newark,NJ,07173
CUST008631,The Bottle Shop,"1944 Green Blvd, #101",Philadelphia,PA,19131
CUST008632,Fine Wine & Spirits,"8250 Main Way, Suite 200",Hartford,CT,06132
CUST008633,The Bottle Shop,9297 Cedar Blvd,Salt Lake City,UT,84103
CUST008634,Marketview Liquor,"420 Washington St, Suite 200",Reno,NV,89535
CUST008635,Chipotle Mexican Grill,"3238 Washington St, Ste A",Omaha,NE,68127
CUST008636,Hooters,8158 Bay Rd,Baton Rouge,LA,70815
CUST008637,Days Inn by Wyndham Little Rock,"4998 Church Ave, Suite 200",Little Rock,AR,72243
CUST008638,Casa Martinez,5566 Cherry Pkwy,Louisville,KY,40287
CUST008639,Patel's Liquor Store,6304 Walnut Dr,Columbus,OH,43211
CUST008640,GetGo #4488,"159 Cedar Ln, #101",Boston,MA,02189
CUST008641,BevMo,3883 Spring St,Queens,NY,11352
CUST008642,Austin Diner,"8593 Highland St, Suite 200",Austin,TX,78784
CUST008643,Minneapolis Liquors,6984 Industrial Rd,Minneapolis,MN,55478
CUST008644,Perkins Restaurant,"4941 River Ct, Ste A",Raleigh,NC,27609
CUST008645,Brooklyn Diner,"6973 Hill Ave, #101",Brooklyn,NY,11287
CUST008646,CVS Pharmacy,3901 Willow Ave,New Orleans,LA,70161
CUST008647,Worcester Tap Room,2879 Church Pl,Worcester,MA,01664
CUST008648,Jackson Bistro,2890 Industrial St,Jackson,MS,39247
CUST008649,Savannah Brewing Co.,"7309 Valley Way, Unit B",Savannah,GA,31462
CUST008650,Super 8 by Wyndham Grand Rapids,"9569 Lake Dr, Suite 100",Grand Rapids,MI,49572
CUST008651,CVS Pharmacy,"3070 Garden Blvd, #101",Burlington,VT,05458
CUST008652,Old Honolulu Tavern,"9214 Division St, Suite 100",Honolulu,HI,96800
CUST008653,Smart & Final,8474 Center Ln,Las Vegas,NV,89105
CUST008654,Maria's Bar & Grill,"9448 Spring St, #101",Hartford,CT,06198
CUST008655,Mama Ferreira's,"8549 Maple Blvd, Suite 200",Chicago,IL,60663
CUST008656,Eddie's Seafood,"3693 Green Pl, Ste A",Detroit,MI,48250
CUST008657,Discount Liquor Mart,"8718 Meadow Rd, #101",Indianapolis,IN,46252
CUST008658,Marketview Liquor,"4997 Division Ln, Suite 100",Kansas City,MO,64158
CUST008659,BevMo,5069 Union Way,Hartford,CT,06178
CUST008660,Mama Garcia's Kitchen,"4043 Green Ct, Unit B",San Francisco,CA,94103
CUST008661,Choice Hotels Econo Lodge Honolulu,"3241 Market Ct, Suite 200",Honolulu,HI,96849
CUST008662,The Tap Room,"2668 Forest Ct, Unit B",Birmingham,AL,35252
CUST008663,Applebee's,"4839 Lake Ave, #101",Austin,TX,78751
CUST008664,Burlington Tap Room,"6427 Elm Blvd, Suite 200",Burlington,VT,05400
CUST008665,Love's Travel Stop #1893,"5566 Green Pkwy, #101",Wilmington,DE,19825
CUST008666,Garcia Family Restaurant,"7401 Union St, Suite 100",Charlotte,NC,28234
CUST008667,Perkins Restaurant,"9675 Industrial Rd, Suite 200",Providence,RI,02960
CUST008668,Tucson Kitchen,"7329 Market Pl, Ste A",Tucson,AZ,85732
CUST008669,Best Western Premier Burlington,"8427 Commerce Blvd, #101",Burlington,VT,05456
CUST008670,Casa Ferreira,1500 Industrial Pl,New Orleans,LA,70120
CUST008671,Twin Peaks,366 Park St,Chicago,IL,60612
CUST008672,Premier Wine & Spirits,"8736 Highland Ave, Suite 100",Eugene,OR,97447
CUST008673,Neighborhood Bar & Grill,"3634 Union St, Ste A",Tampa,FL,33688
CUST008674,Casa Nguyen,5996 Bay Ct,Wilmington,DE,19856
CUST008675,TGI Fridays,"5786 Oak Pl, #101",Nashville,TN,37219
CUST008676,The Bottle Shop,"6410 Hill Way, Suite 200",Lexington,KY,40523
CUST008677,Williams's Liquor Store,6666 Spring Blvd,Tulsa,OK,74111
CUST008678,Keg Liquors,"8964 River Rd, Unit B",Baltimore,MD,21245
CUST008679,Chipotle Mexican Grill,1374 Market Pl,Baton Rouge,LA,70831
CUST008680,Walgreens,9693 Commerce Rd,Pittsburgh,PA,15222
CUST008681,Johnson's Diner,"7283 Willow Pl, #101",Seattle,WA,98198
CUST008682,Springhill Suites by Marriott Orlando,4575 Valley Ave,Orlando,FL,32804
CUST008683,Outback Steakhouse,3256 Broad Dr,San Francisco,CA,94163
CUST008684,Nashville Kitchen,"4952 Church Way, Ste A",Nashville,TN,37267
CUST008685,The Tap Room,"5418 Spring Blvd, Ste A",Charlotte,NC,28213
CUST008686,Best Western Premier Buffalo,"8204 Peach Ave, Suite 100",Buffalo,NY,14287
CUST008687,The Albuquerque Grille,"7435 Maple Ave, Unit B",Albuquerque,NM,87168
CUST008688,Winn-Dixie,6246 Sunset Pl,Burlington,VT,05471
CUST008689,Ramada by Wyndham Memphis,7254 Peach Blvd,Memphis,TN,38164
CUST008690,Cracker Barrel,4625 Pine Ave,Phoenix,AZ,85039
CUST008691,Raising Cane's,1887 Walnut Pkwy,Little Rock,AR,72292
CUST008692,Days Inn by Wyndham Denver,"1826 Hill Way, Suite 100",Denver,CO,80204
CUST008693,Binny's Beverage Depot,"2415 Union Ct, Suite 200",Pittsburgh,PA,15205
CUST008694,Hartford Diner,8575 Walnut Dr,Hartford,CT,06101
CUST008695,Chili's,3728 Church St,Baton Rouge,LA,70849
CUST008696,Neighborhood Bar & Grill,2140 Church Pkwy,Louisville,KY,40221
CUST008697,Circle K #8345,"4935 Willow Ave, Suite 200",Denver,CO,80270
CUST008698,Kona Grill,"1455 Hill Dr, Ste A",St. Paul,MN,55186
CUST008699,Jacksonville Tap Room,"1805 Hill Way, Ste A",Jacksonville,FL,32250
CUST008700,Dave & Buster's,"5463 Washington Ln, Ste A",Charleston,SC,29471
CUST008701,IHOP,"1241 Meadow Pkwy, Ste A",Albuquerque,NM,87152
CUST008702,In-N-Out Burger,5659 Cherry Pkwy,Minneapolis,MN,55426
CUST008703,The Queens Grille,"4067 Meadow Ln, Unit B",Queens,NY,11366
CUST008704,The Philadelphia Grille,"4299 Harbor Ave, Suite 200",Philadelphia,PA,19113
CUST008705,Marriott Houston Downtown,4098 Center Blvd,Baltimore,MD,21281
CUST008706,Bob Evans,8489 Park Way,Baltimore,MD,21259
CUST008707,Dave & Buster's,"6373 Maple Ave, #101",Pittsburgh,PA,15271
CUST008708,Best Western Dallas,"2003 Cherry Ave, Ste A",Dallas,TX,75281
CUST008709,Casa Romano,"9497 Chestnut Ave, Suite 200",Little Rock,AR,72286
CUST008710,Brown Family Restaurant,"6392 Main Ct, Ste A",Kansas City,MO,64107
CUST008711,The Phoenix Grille,"7805 Lake St, Ste A",Phoenix,AZ,85093
CUST008712,World of Beer,"8823 Church St, Unit B",Anchorage,AK,99502
CUST008713,The Savannah Grille,4665 Maple Ave,Savannah,GA,31458
CUST008714,Discount Liquor Mart,7814 Broad Blvd,Baton Rouge,LA,70843
CUST008715,Costco Wholesale,1150 Industrial Blvd,Eugene,OR,97475
CUST008716,Old Newark Tavern,1859 Park Pl,Newark,NJ,07152
CUST008717,ampm #1732,5317 Industrial Blvd,Virginia Beach,VA,23455
CUST008718,Central Liquors,3227 Oak Ct,Atlanta,GA,30344
CUST008719,Mama Jones's,445 Industrial Pkwy,Eugene,OR,97496
CUST008720,Homewood Suites by Hilton Sacramento,"7687 Industrial Ave, Suite 200",Sacramento,CA,95890
CUST008721,LongHorn Steakhouse,5140 Cherry Blvd,Providence,RI,02960
CUST008722,P.F. Chang's,6955 Bay Dr,Little Rock,AR,72288
CUST008723,Five Guys,6556 Division Ct,Jackson,MS,39237
CUST008724,Walgreens,"1922 Highland Dr, Unit B",Austin,TX,78726
CUST008725,Steak 'n Shake,"4671 Commerce Pkwy, Suite 100",Phoenix,AZ,85076
CUST008726,Corner Pocket Billiards & Bar,"9357 Cedar Pl, Suite 200",Newark,NJ,07154
CUST008727,Park Kitchen,"2457 Sunset Way, Unit B",Detroit,MI,48219
CUST008728,Pilot Flying J #5328,"1486 Green Ct, Suite 200",Charleston,SC,29494
CUST008729,Red Robin,"2689 Harbor Ln, Suite 200",Little Rock,AR,72208
CUST008730,Perkins Restaurant,4047 Industrial Pl,Memphis,TN,38176
CUST008731,Denny's,325 Park Ln,Colorado Springs,CO,80965
CUST008732,Stop & Shop,1938 Bay Way,Burlington,VT,05484
CUST008733,Brooklyn Diner,3004 Center Ave,Brooklyn,NY,11240
CUST008734,IHOP,"3544 Green Ct, Suite 100",Lexington,KY,40553
CUST008735,Ramada by Wyndham Fort Worth,"9532 Park Dr, Suite 100",Fort Worth,TX,76156
CUST008736,Texas Roadhouse,8333 Maple Pkwy,Richmond,VA,23295
CUST008737,Hampton Inn by Hilton Pittsburgh,"5790 Center Ct, Suite 200",Pittsburgh,PA,15280
CUST008738,Rite Aid,9317 Sunset St,Albuquerque,NM,87150
CUST008739,Dave & Dave's Steakhouse,8936 Washington Way,Worcester,MA,01671
CUST008740,Speedway #4693,6932 Bay Pl,Annapolis,MD,21465
CUST008741,Kona Grill,"4626 Industrial Pkwy, Unit B",Boston,MA,02112
CUST008742,Wawa #4227,9581 Commerce Ln,Miami,FL,33131
CUST008743,Patel's Diner,"3450 Magnolia Pl, Suite 100",Anchorage,AK,99513
CUST008744,Birmingham Kitchen,"5452 Harbor Ln, #101",Birmingham,AL,35277
CUST008745,Casey's General Store #576,7160 Church St,Las Vegas,NV,89143
CUST008746,Mama Park's Kitchen,4047 Willow Pkwy,Birmingham,AL,35257
CUST008747,Kwik Trip #4608,"1812 Cedar Blvd, Unit B",Fargo,ND,58178
CUST008748,Los Angeles Diner,"373 Willow Ave, Ste A",Los Angeles,CA,90034
CUST008749,Kroger,7254 Forest St,Brooklyn,NY,11256
CUST008750,Stop & Shop,6463 Walnut St,Seattle,WA,98101
CUST008751,Old Salt Lake City Tavern,"3332 Green Rd, Unit B",Salt Lake City,UT,84188
CUST008752,Speedway #4485,4322 Magnolia Way,Louisville,KY,40264
CUST008753,Yard House,4868 Magnolia St,Honolulu,HI,96886
CUST008754,Stop & Shop,5846 Spring Blvd,Nashville,TN,37247
CUST008755,Bob Evans,"8633 Union Blvd, Unit B",Little Rock,AR,72272
CUST008756,Grand by Hyatt Seattle,"9988 Willow Blvd, Unit B",Seattle,WA,98194
CUST008757,Charlotte Tap Room,4073 Washington Pl,Charlotte,NC,28285
CUST008758,Mama Kim's Kitchen,9191 Chestnut Pkwy,Cincinnati,OH,45290
CUST008759,Buffalo Wild Wings,8709 Meadow Ct,Denver,CO,80259
CUST008760,Westin Atlanta Peachtree,4068 Valley Dr,Little Rock,AR,72204
CUST008761,Olive Garden,"9761 Oak Dr, #101",Queens,NY,11337
CUST008762,Walgreens,6896 Highland Blvd,Columbia,SC,29210
CUST008763,Sunset Lounge,"9834 Maple Pkwy, Unit B",St. Louis,MO,63190
CUST008764,Red Robin,"5349 Washington Pl, Unit B",Houston,TX,77043
CUST008765,Fine Wine & Spirits,"3159 Washington Dr, Ste A",Jersey City,NJ,07318
CUST008766,Best Western Providence,8324 Park Ct,Providence,RI,02921
CUST008767,Savannah Brewing Co.,5196 Meadow Ln,Savannah,GA,31428
CUST008768,Steak 'n Shake,"6811 Washington Dr, #101",Raleigh,NC,27671
CUST008769,Queens Bottle Shop,3164 Forest Pl,Queens,NY,11393
CUST008770,The Charleston Grille,"8025 Forest Ln, Suite 100",Charleston,SC,29480
CUST008771,Red Lobster,"2293 Commerce Blvd, Ste A",Raleigh,NC,27649
CUST008772,Costco Wholesale,"2550 Green Pkwy, Unit B",Nashville,TN,37230
CUST008773,Buffalo Wild Wings,"9757 River Dr, Suite 200",Tampa,FL,33630
CUST008774,Kona Grill,"688 Maple Ct, Ste A",Fort Worth,TX,76120
CUST008775,Rite Aid,"9627 Broad Dr, Suite 200",Jackson,MS,39269
CUST008776,Denny's,4035 Industrial Ct,Buffalo,NY,14288
CUST008777,Mama Jones's Kitchen,3459 Union Pkwy,Buffalo,NY,14216
CUST008778,Regency by Hyatt Providence,"1782 Market Dr, Suite 100",Providence,RI,02945
CUST008779,Springhill Suites by Marriott Sacramento,5249 Chestnut Ln,Sacramento,CA,95874
CUST008780,Central Liquors,"4284 Park Pkwy, Suite 200",Jersey City,NJ,07340
CUST008781,Hilton Garden Inn Dallas,"3238 Industrial Pkwy, #101",Baltimore,MD,21293
CUST008782,Blu by Radisson Jackson,6836 Park Rd,Jackson,MS,39250
CUST008783,Louisville Wine & Spirits,2991 Market Pkwy,Louisville,KY,40241
CUST008784,Central Liquors,3076 Church Rd,Little Rock,AR,72201
CUST008785,Phil's Seafood,4382 Valley Pl,Fort Worth,TX,76156
CUST008786,CVS Pharmacy,"5583 Industrial Ct, Unit B",Colorado Springs,CO,80921
CUST008787,Danny & Tony's Steakhouse,2086 Church Pl,Baltimore,MD,21286
CUST008788,Whataburger,"6679 Valley Ln, Suite 200",Providence,RI,02926
CUST008789,Mama Rizzo's Kitchen,4566 Division Blvd,San Antonio,TX,78206
CUST008790,Kroger,7436 Spring Way,Reno,NV,89572
CUST008791,CVS Pharmacy,"8813 Harbor St, #101",Spokane,WA,99223
CUST008792,Residence Inn by Marriott Charleston,871 River Blvd,Charleston,SC,29436
CUST008793,Brown Kitchen,"1349 Highland Way, Suite 100",Worcester,MA,01613
CUST008794,The St. Paul Grille,5453 Spring Dr,St. Paul,MN,55102
CUST008795,Williams's Diner,"9064 Valley Pkwy, Suite 200",Baltimore,MD,21254
CUST008796,Five Guys,1858 Commerce Pkwy,Buffalo,NY,14280
CUST008797,San Antonio Bistro,6000 Chestnut Ln,San Antonio,TX,78250
CUST008798,CVS Pharmacy,"3035 Church Rd, Ste A",St. Louis,MO,63120
CUST008799,The Broken Spoke,"8349 Market Way, Unit B",Queens,NY,11381
CUST008800,Mama Esposito's,"8845 Magnolia Ct, Unit B",Portland,OR,97232
CUST008801,Hyatt Place Denver,"9748 Peach Rd, #101",Kansas City,MO,64145
CUST008802,Whataburger,3445 Church Rd,Louisville,KY,40254
CUST008803,The Esposito House,3750 Walnut Pl,Charlotte,NC,28212
CUST008804,Kim's BBQ,"4988 Elm Way, Suite 100",Oklahoma City,OK,73163
CUST008805,Waffle House,"8132 Church St, Ste A",Colorado Springs,CO,80962
CUST008806,Choice Hotels Quality Inn Jackson,"3246 Elm Pl, Unit B",Jackson,MS,39288
CUST008807,Marketview Liquor,4454 Spring St,Albuquerque,NM,87195
CUST008808,Twin Peaks,4722 Oak Pkwy,Philadelphia,PA,19185
CUST008809,CVS Pharmacy,"7648 Valley Way, Unit B",Chicago,IL,60645
CUST008810,Premier Wine & Spirits,"8638 Highland Ct, Suite 200",Milwaukee,WI,53207
CUST008811,GetGo #3858,8123 Chestnut Pl,Houston,TX,77077
CUST008812,The Rusty Nail,2756 Elm Pkwy,Kansas City,MO,64108
CUST008813,LongHorn Steakhouse,6279 Market Blvd,Anchorage,AK,99583
CUST008814,Patel Kitchen,1773 Division Pkwy,Anchorage,AK,99528
CUST008815,Spec's Liquor,8487 Forest Pkwy,Memphis,TN,38169
CUST008816,Jimmy's Grill,"9812 Garden Dr, Ste A",Raleigh,NC,27603
CUST008817,TGI Fridays,"1031 Division Ct, #101",Queens,NY,11365
CUST008818,The Rusty Nail,"135 Washington Dr, Unit B",Seattle,WA,98116
CUST008819,Red Lobster,8370 Valley Rd,Tampa,FL,33640
CUST008820,Red by Radisson Charlotte,5403 Elm Dr,Charlotte,NC,28220
CUST008821,Wingstop,"4083 Main Rd, Unit B",Albuquerque,NM,87124
CUST008822,Annapolis Bistro,"1555 Chestnut Ave, Suite 100",Annapolis,MD,21447
CUST008823,Five Guys,"6994 Walnut Dr, Suite 200",Buffalo,NY,14209
CUST008824,Marco & Frank's Steakhouse,"9283 Washington Ave, Ste A",Birmingham,AL,35229
CUST008825,Twin Peaks,"3941 Broad Dr, Suite 200",San Antonio,TX,78213
CUST008826,Casa Park,6803 Pine Pkwy,Madison,WI,53739
CUST008827,IHOP,"668 Market Ln, Ste A",Oklahoma City,OK,73194
CUST008828,The Amber Tap,4740 Market Blvd,New York,NY,10059
CUST008829,Garcia Family Restaurant,9260 Broad Dr,Phoenix,AZ,85034
CUST008830,Dave's Grill,9064 Maple St,Springfield,IL,62730
CUST008831,Sonic Drive-In,"253 Cherry Pl, Suite 100",Tucson,AZ,85771
CUST008832,Whataburger,"6574 Bay Ct, #101",Miami,FL,33106
CUST008833,Punch Bowl Social,"1959 Park Ave, Suite 200",Boston,MA,02134
CUST008834,Cheers Bar & Grill,3895 Chestnut Ct,Honolulu,HI,96879
CUST008835,Holiday Inn by IHG Fort Worth,"3933 Spring Rd, Suite 200",Fort Worth,TX,76153
CUST008836,The Johnson House,"887 Valley Pkwy, Unit B",Charlotte,NC,28288
CUST008837,Springhill Suites by Marriott Oklahoma City,"7690 Church Pkwy, Ste A",Oklahoma City,OK,73158
CUST008838,Old Little Rock Tavern,"9370 Willow Blvd, Ste A",Little Rock,AR,72257
CUST008839,BJ's Wholesale Club,1566 Highland Pl,Jacksonville,FL,32211
CUST008840,Richie's Bar & Grill,3657 Walnut St,Memphis,TN,38121
CUST008841,Papa DeLuca's,"7643 Peach Ave, Suite 200",Grand Rapids,MI,49571
CUST008842,Walgreens,9552 Main St,Miami,FL,33197
CUST008843,Detroit Ale House,"8956 Peach Rd, #101",Detroit,MI,48255
CUST008844,Garcia Family Restaurant,"4423 Lake Way, Suite 200",Milwaukee,WI,53253
CUST008845,The Dallas Grille,7501 Forest Dr,Dallas,TX,75201
CUST008846,Park's BBQ,"7230 Division Ave, Suite 200",Columbia,SC,29221
CUST008847,Holiday Inn by IHG Baton Rouge,2175 Union Way,Baton Rouge,LA,70822
CUST008848,Red Lobster,"4168 River Ave, #101",Hartford,CT,06103
CUST008849,Holiday Inn by IHG Philadelphia,2656 Commerce Ln,Philadelphia,PA,19199
CUST008850,GetGo #3613,1205 Willow Ln,Phoenix,AZ,85058
CUST008851,Smart & Final,1409 Green Rd,Lexington,KY,40561
CUST008852,Denny's,1271 Industrial Ct,Charleston,SC,29439
CUST008853,Grand by Hyatt Tampa,"9178 Church Rd, Suite 200",Tampa,FL,33603
CUST008854,The Bottle Shop,"6071 Center Pkwy, #101",San Diego,CA,92160
CUST008855,Pilot Flying J #8102,"6216 Park Ct, Suite 200",Portland,OR,97297
CUST008856,Marketview Liquor,"8225 Bay Blvd, Suite 200",Orlando,FL,32857
CUST008857,Loews Hotel Philadelphia,"1114 Washington Ct, Ste A",Eugene,OR,97460
CUST008858,Sam's Club,1949 Broad St,Sioux Falls,SD,57199
CUST008859,Discount Liquor Mart,"4681 Market Ln, Ste A",Los Angeles,CA,90020
CUST008860,The Fox & Stool,"3065 River Dr, Suite 100",Indianapolis,IN,46265
CUST008861,Stop & Shop,"663 Main Blvd, Unit B",Memphis,TN,38186
CUST008862,Whole Foods Market,"2700 Walnut Pl, Unit B",Omaha,NE,68107
CUST008863,Shake Shack,"1355 Oak Rd, Ste A",New York,NY,10021
CUST008864,Liquor Barn,"7455 Highland Ave, #101",Tucson,AZ,85735
CUST008865,Pilot Flying J #3162,8161 Spring Pl,Phoenix,AZ,85061
CUST008866,Holiday Inn Express by IHG Omaha,"9077 Market Pl, Unit B",Omaha,NE,68191
CUST008867,Cracker Barrel,2123 Green Rd,Cincinnati,OH,45239
CUST008868,Jack & Frank's Steakhouse,5174 Industrial Ct,Memphis,TN,38183
CUST008869,Fine Wine & Spirits,6205 Commerce Ave,Cincinnati,OH,45254
CUST008870,Buffalo Wild Wings,5822 Bay Way,New Orleans,LA,70117
CUST008871,Casa Smith,"5236 Washington Pkwy, Suite 100",Burlington,VT,05443
CUST008872,Indianapolis Grill,"117 Main Way, #101",Indianapolis,IN,46287
CUST008873,Stop & Shop,"1729 Willow Pl, Suite 100",Austin,TX,78748
CUST008874,Hy-Vee,"5904 Pine Ln, Suite 100",Annapolis,MD,21448
CUST008875,Mama Park's,4171 Green Rd,Eugene,OR,97447
CUST008876,Golden Corral,"4102 Union Ln, Unit B",Jacksonville,FL,32250
CUST008877,P.F. Chang's,7894 Oak Dr,Memphis,TN,38119
CUST008878,Choice Hotels Comfort Inn Milwaukee,"3883 Garden Blvd, #101",Milwaukee,WI,53216
CUST008879,Papa Patel's,"887 Spring Rd, Ste A",Jacksonville,FL,32274
CUST008880,Davis Family Restaurant,"3707 Broad Ave, #101",Los Angeles,CA,90083
CUST008881,Binny's Beverage Depot,9534 Market Pl,Providence,RI,02937
CUST008882,BJ's Wholesale Club,2700 Green Dr,Queens,NY,11397
CUST008883,Casa Rossi,"8601 Cedar Dr, Suite 200",Albuquerque,NM,87110
CUST008884,Fort Worth Taproom,2770 Union Rd,Fort Worth,TX,76113
CUST008885,Choice Hotels Econo Lodge Providence,6852 Forest Ln,Providence,RI,02996
CUST008886,Cracker Barrel,"3503 Willow Dr, Suite 100",Atlanta,GA,30379
CUST008887,Raley's,7616 Garden St,Philadelphia,PA,19179
CUST008888,Nick's Bar & Grill,"2286 Spring Way, Ste A",Indianapolis,IN,46255
CUST008889,Discount Liquor Mart,5102 Meadow St,Tucson,AZ,85735
CUST008890,Panera Bread,"3771 Chestnut Dr, Suite 100",Baltimore,MD,21219
CUST008891,Jackson Wine & Spirits,7377 Pine St,Jackson,MS,39258
CUST008892,Courtyard by Marriott St. Louis,"6290 Valley Rd, Suite 200",St. Louis,MO,63177
CUST008893,Doubletree by Hilton Seattle,"9475 Center Pl, Suite 200",Chicago,IL,60683
CUST008894,Keg Liquors,"3560 River Ave, #101",Charlotte,NC,28248
CUST008895,Perkins Restaurant,1231 Valley Ln,Las Vegas,NV,89133
CUST008896,Joe's Bar & Grill,"6843 Walnut Ln, Ste A",Nashville,TN,37219
CUST008897,Publix,7272 Bay Pkwy,Jersey City,NJ,07324
CUST008898,Giant Eagle,7168 Magnolia Dr,St. Louis,MO,63170
CUST008899,World of Beer,"4545 Center Pkwy, Ste A",Madison,WI,53773
CUST008900,Steak 'n Shake,"5647 Chestnut Ct, Unit B",Fort Worth,TX,76150
CUST008901,Choice Hotels Comfort Inn Memphis,"5825 Commerce Way, Suite 100",Memphis,TN,38151
CUST008902,Cracker Barrel,"2105 Pine Dr, Unit B",Orlando,FL,32894
CUST008903,Speedway #2112,"8063 Cherry Ln, Unit B",Dallas,TX,75233
CUST008904,Spec's Liquor,"531 Peach Pkwy, Suite 100",New Orleans,LA,70186
CUST008905,Miller Family Restaurant,4959 Bay St,Colorado Springs,CO,80921
CUST008906,Mama Davis's Kitchen,"8638 Oak Blvd, #101",St. Louis,MO,63160
CUST008907,Miller's BBQ,"6831 Division Ct, #101",San Antonio,TX,78238
CUST008908,Cheers Bar & Grill,"8347 Chestnut Pkwy, Unit B",Sioux Falls,SD,57101
CUST008909,Regency by Hyatt Colorado Springs,"5640 Spring Ct, Ste A",Colorado Springs,CO,80939
CUST008910,Liquor Barn,"5971 Industrial Pkwy, Suite 200",Savannah,GA,31470
CUST008911,Choice Hotels Clarion Jackson,"6453 Elm Ave, Ste A",Jackson,MS,39296
CUST008912,Martinez's Tavern,"7763 Hill Pkwy, Unit B",Raleigh,NC,27625
CUST008913,Red Lobster,"5039 Elm Ln, Ste A",Madison,WI,53763
CUST008914,Liquor Barn,"9553 Chestnut Blvd, #101",Minneapolis,MN,55479
CUST008915,ABC Fine Wine & Spirits,"9979 Walnut Pl, Unit B",Portland,OR,97299
CUST008916,The Charlotte Grille,"4778 Park Ln, Ste A",Charlotte,NC,28245
CUST008917,Walgreens,"6680 Broad St, Unit B",Nashville,TN,37244
CUST008918,Cheers Bar & Grill,"1965 Washington Ave, Unit B",Phoenix,AZ,85035
CUST008919,Applebee's,"782 Division Ln, Suite 200",Eugene,OR,97412
CUST008920,Portland Bistro,4249 Valley Rd,Portland,OR,97259
CUST008921,Wilmington Liquors,"1331 Lake Way, Unit B",Wilmington,DE,19827
CUST008922,Holiday Inn by IHG Seattle,"289 Willow Rd, Suite 200",Seattle,WA,98133
CUST008923,Love's Travel Stop #8525,"545 Chestnut Ave, Ste A",Los Angeles,CA,90097
CUST008924,Rizzo Kitchen,"6761 Industrial Ln, #101",Wilmington,DE,19806
CUST008925,The Eagle & Saddle,"3978 Broad Ln, Suite 200",Madison,WI,53773
CUST008926,Marketview Liquor,"4077 Green Way, Unit B",Queens,NY,11332
CUST008927,Applebee's,"7192 Oak Pl, #101",Atlanta,GA,30376
CUST008928,Ramada by Wyndham Tucson,"2088 Center Ave, Ste A",Tucson,AZ,85795
CUST008929,JW Marriott Los Angeles,9684 Maple Blvd,Atlanta,GA,30372
CUST008930,Casa Ferreira,5195 Broad Ct,Springfield,IL,62757
CUST008931,Spec's Liquor,"3966 River Way, Suite 200",Honolulu,HI,96810
CUST008932,7-Eleven Store #1622,2501 Broad Pl,Memphis,TN,38149
CUST008933,La Quinta by Wyndham Austin,3778 Peach Dr,Austin,TX,78776
CUST008934,Austin Wine & Spirits,7353 Peach St,Austin,TX,78767
CUST008935,Wingstop,"5735 Cherry Dr, Unit B",New York,NY,10078
CUST008936,Piggly Wiggly,7047 Highland Way,Jackson,MS,39229
CUST008937,Chili's,780 Commerce Way,Raleigh,NC,27619
CUST008938,Gino's Seafood,"7467 Sunset Ln, Ste A",Virginia Beach,VA,23472
CUST008939,Costco Wholesale,1398 Cherry Ave,Little Rock,AR,72239
CUST008940,Central Liquors,"6342 Meadow Dr, Suite 200",Providence,RI,02945
CUST008941,Ritz-Carlton New Orleans,"9013 Cherry Ln, Ste A",Raleigh,NC,27643
CUST008942,Mama Brown's,"7038 Market Ct, Suite 200",Spokane,WA,99284
CUST008943,Bar Louie,"1618 Maple Pkwy, Ste A",St. Louis,MO,63167
CUST008944,Rite Aid,6942 Green Dr,Seattle,WA,98103
CUST008945,Baltimore Taproom,"1679 Harbor Rd, Suite 100",Baltimore,MD,21201
CUST008946,Best Western Premier Pittsburgh,"1633 Broad Pl, Suite 100",Pittsburgh,PA,15211
CUST008947,Binny's Beverage Depot,"1708 Sunset Way, Unit B",New Orleans,LA,70129
CUST008948,Wawa #1703,7759 Washington Ave,Birmingham,AL,35210
CUST008949,Ritz-Carlton New Orleans,1278 Broad Rd,Orlando,FL,32863
CUST008950,Casa DeLuca,1099 Park Way,Las Vegas,NV,89139
CUST008951,Chili's,"2958 Division Blvd, Suite 200",Portland,OR,97281
CUST008952,Grand by Hyatt Baltimore,"2060 Lake Way, Suite 200",Baltimore,MD,21271
CUST008953,Sioux Falls Liquors,"6982 Magnolia Pl, #101",Sioux Falls,SD,57105
CUST008954,Tulsa Bottle Shop,"9811 Meadow Ave, Suite 100",Tulsa,OK,74129
CUST008955,Love's Travel Stop #8419,"4863 Spring Rd, Suite 200",St. Paul,MN,55111
CUST008956,ABC Fine Wine & Spirits,"9830 Union Ln, Suite 200",Worcester,MA,01659
CUST008957,Oklahoma City Liquors,903 Chestnut St,Oklahoma City,OK,73150
CUST008958,Golden Corral,3857 Center Ln,Springfield,IL,62701
CUST008959,Steak 'n Shake,"8996 Garden Pkwy, #101",Virginia Beach,VA,23431
CUST008960,Springhill Suites by Marriott Cleveland,9339 Bay Dr,Cleveland,OH,44198
CUST008961,Down the Hatch,"1982 Peach Rd, Suite 100",Salt Lake City,UT,84197
CUST008962,Main Street Liquors,"3603 Harbor Pkwy, #101",Raleigh,NC,27639
CUST008963,Mama Jones's,5524 River Pkwy,Honolulu,HI,96876
CUST008964,Sunset Lounge,8723 Elm St,Seattle,WA,98176
CUST008965,Whataburger,"2920 Broad Ave, #101",Portland,OR,97286
CUST008966,Liquor Barn,161 Peach St,Jersey City,NJ,07365
CUST008967,Liquor Barn,9456 Commerce Pl,Sioux Falls,SD,57142
CUST008968,Leo's Bar & Grill,"2463 Cherry Ln, Suite 100",Cincinnati,OH,45296
CUST008969,House by Hyatt Little Rock,6038 Elm Ave,Little Rock,AR,72269
CUST008970,Kroger,5614 Bay Pl,Baltimore,MD,21242
CUST008971,Loews Hotel Philadelphia,9930 Garden Pkwy,Minneapolis,MN,55484
CUST008972,Garcia's Tavern,5109 Washington Ln,Fort Worth,TX,76135
CUST008973,Premier Wine & Spirits,9047 Pine Pl,Dallas,TX,75209
CUST008974,Texas Roadhouse,3869 Maple Blvd,San Antonio,TX,78296
CUST008975,Memphis Bistro,"1400 Harbor St, Suite 100",Memphis,TN,38141
CUST008976,Buffalo Wild Wings,"4410 Valley Ct, Suite 200",Los Angeles,CA,90064
CUST008977,Circle K #9502,"692 Industrial Dr, Suite 100",Tulsa,OK,74148
CUST008978,Food Lion,"9609 Pine Pl, #101",Madison,WI,53720
CUST008979,Red Robin,"1000 Willow Way, #101",Honolulu,HI,96806
CUST008980,Columbia Tap Room,9260 Meadow Pl,Columbia,SC,29248
CUST008981,TGI Fridays,"8296 Washington Way, Unit B",Salt Lake City,UT,84150
CUST008982,Hartford Bistro,"2782 Union Pl, Suite 200",Hartford,CT,06157
CUST008983,Residence Inn by Marriott Nashville,2972 Market Way,Nashville,TN,37229
CUST008984,Punch Bowl Social,"7208 Washington St, Suite 100",Pittsburgh,PA,15219
CUST008985,Aldi,"8698 Walnut Ave, #101",Sioux Falls,SD,57129
CUST008986,Tony's Seafood,"5368 Pine St, Suite 200",Miami,FL,33141
CUST008987,Bill's Grill,5266 Market Pkwy,Seattle,WA,98113
CUST008988,Fairfield Inn by Marriott Brooklyn,7768 Center Ct,Brooklyn,NY,11241
CUST008989,Best Western Premier Buffalo,3920 Union St,Buffalo,NY,14265
CUST008990,In-N-Out Burger,"8369 Meadow Pl, Suite 200",Virginia Beach,VA,23412
CUST008991,Total Wine & More,"9831 Park Pl, Suite 200",Albuquerque,NM,87191
CUST008992,Meijer,"5246 Willow Pkwy, Ste A",Louisville,KY,40258
CUST008993,Four Seasons Miami,5791 Commerce Dr,Colorado Springs,CO,80957
CUST008994,Pete's Grill,1980 Highland Pl,Indianapolis,IN,46203
CUST008995,Leo's Seafood,6420 Garden Pkwy,New York,NY,10065
CUST008996,Nashville Kitchen,4438 Park Pkwy,Nashville,TN,37235
CUST008997,The Park House,"9964 Market Pkwy, Unit B",Los Angeles,CA,90033
CUST008998,Place by Hyatt Tucson,"2685 Chestnut Ave, Ste A",Tucson,AZ,85731
CUST008999,Omni Dallas Hotel,"9723 Chestnut Pl, Ste A",Austin,TX,78700
CUST009000,Walgreens,"4602 Park Dr, Suite 200",Omaha,NE,68186
CUST009001,Walgreens,"5021 Commerce Pkwy, Ste A",New Orleans,LA,70186
CUST009002,Mama Caruso's Kitchen,"1923 Bay Rd, Unit B",Dallas,TX,75204
CUST009003,The Martinez House,"5251 Cedar Dr, #101",Chicago,IL,60628
CUST009004,Yard House,"1200 Division Way, Suite 200",Miami,FL,33161
CUST009005,Casey's General Store #5495,"4503 Peach St, #101",Atlanta,GA,30301
CUST009006,Wegmans,7733 Green Ave,Atlanta,GA,30331
CUST009007,Sheetz #9169,7540 Peach Pkwy,Portland,OR,97283
CUST009008,Central Liquors,236 Union St,Los Angeles,CA,90000
CUST009009,The Rail & Crow,"7253 Pine Rd, Unit B",Albuquerque,NM,87150
CUST009010,CVS Pharmacy,4316 Bay Dr,Virginia Beach,VA,23419
CUST009011,Best Western Plus Seattle,"638 Washington Ct, Unit B",Seattle,WA,98179
CUST009012,Courtyard by Marriott Phoenix,"8614 Highland Rd, Ste A",Phoenix,AZ,85033
CUST009013,House by Hyatt Milwaukee,7995 River Rd,Milwaukee,WI,53210
CUST009014,Albuquerque Tap Room,"7759 Oak Ct, Suite 100",Albuquerque,NM,87178
CUST009015,Mama Smith's,"2789 Bay Ln, Ste A",Omaha,NE,68126
CUST009016,Hampton Inn Nashville,6512 Green Ct,Dallas,TX,75202
CUST009017,Super 8 by Wyndham Memphis,5265 Highland Blvd,Memphis,TN,38149
CUST009018,Denny's,"7466 Maple Way, Suite 100",Providence,RI,02984
CUST009019,The Tap Room,3443 Elm St,Oklahoma City,OK,73105
CUST009020,Danny & Richie's Steakhouse,8778 Park Ct,Cleveland,OH,44196
CUST009021,Philadelphia Tap Room,"9759 Sunset St, Suite 200",Philadelphia,PA,19165
CUST009022,CVS Pharmacy,8129 Division Ave,Sacramento,CA,95846
CUST009023,Mama Brown's Kitchen,3506 Peach Rd,Cincinnati,OH,45282
CUST009024,Chen's Pub,9941 Park Ave,Omaha,NE,68155
CUST009025,Mike's Seafood,4457 Cedar Way,Nashville,TN,37246
CUST009026,Central Liquors,9018 Magnolia Blvd,Raleigh,NC,27675
CUST009027,Mama Johnson's Kitchen,6943 Commerce Ave,Sioux Falls,SD,57106
CUST009028,Kona Grill,"9162 Peach Rd, Ste A",Birmingham,AL,35218
CUST009029,Anchorage Bottle Shop,"9219 Highland Dr, Suite 100",Anchorage,AK,99576
CUST009030,Golden Corral,470 Commerce Way,Boston,MA,02107
CUST009031,Spec's Liquor,"3340 Harbor St, Unit B",Annapolis,MD,21408
CUST009032,ampm #528,"9221 Division Ct, Suite 200",Columbia,SC,29290
CUST009033,Mama Martinez's Kitchen,953 Lake Rd,Newark,NJ,07141
CUST009034,Residence Inn by Marriott Salt Lake City,"5847 Sunset Blvd, Suite 200",Salt Lake City,UT,84169
CUST009035,Esposito's Liquor Store,8256 Washington Ln,Indianapolis,IN,46200
CUST009036,Wegmans,"3004 Cedar Pkwy, Suite 200",Cleveland,OH,44148
CUST009037,Publix,7120 Park Pl,Virginia Beach,VA,23461
CUST009038,Pilot Flying J #7853,"3107 Division Rd, #101",Kansas City,MO,64162
CUST009039,Bob's Grill,"463 Cedar Ct, Suite 100",Tulsa,OK,74175
CUST009040,Trader Joe's,758 River Pl,Las Vegas,NV,89159
CUST009041,Cheers Bar & Grill,"8170 Elm Ln, Suite 200",Jersey City,NJ,07381
CUST009042,Five Guys,"8566 Elm St, Ste A",Phoenix,AZ,85039
CUST009043,Providence Bottle Shop,1576 Church Blvd,Providence,RI,02914
CUST009044,Panera Bread,"1708 Walnut Way, Ste A",Anchorage,AK,99586
CUST009045,Giant Eagle,230 River Pl,Newark,NJ,07141
CUST009046,Red by Radisson San Diego,"1227 Center Pkwy, Ste A",San Diego,CA,92103
CUST009047,Lidl,"7007 Cherry Dr, Ste A",Omaha,NE,68101
CUST009048,Mama Williams's,"1955 Green Pkwy, Suite 200",Omaha,NE,68110
CUST009049,CVS Pharmacy,9778 Garden Ln,Lexington,KY,40544
CUST009050,Total Wine & More,"6029 Division Pl, Unit B",Eugene,OR,97402
CUST009051,Nick's Bar & Grill,"6025 Washington Way, Suite 200",Minneapolis,MN,55467
CUST009052,Down the Hatch,"3555 Highland Way, Suite 100",Spokane,WA,99238
CUST009053,Panera Bread,"8674 Elm Ct, Suite 100",Miami,FL,33112
CUST009054,Worcester Diner,"9645 Valley Rd, Suite 100",Worcester,MA,01644
CUST009055,Richie's Bar & Grill,1152 Spring Ln,Birmingham,AL,35205
CUST009056,Hyatt Place Denver,4697 Green Pkwy,Tampa,FL,33605
CUST009057,Radisson Charleston,"6712 Hill Pkwy, Ste A",Charleston,SC,29421
CUST009058,Milwaukee Bistro,"7510 Pine Ct, Suite 100",Milwaukee,WI,53258
CUST009059,Chen's BBQ,"365 Maple Blvd, Ste A",San Francisco,CA,94179
CUST009060,ABC Fine Wine & Spirits,9037 Cedar Blvd,Atlanta,GA,30353
CUST009061,Food Lion,"3848 Commerce Way, Suite 200",Atlanta,GA,30390
CUST009062,Neighborhood Bar & Grill,"8530 Sunset Rd, Suite 200",Tampa,FL,33656
CUST009063,Keg Liquors,"7091 Bay Ct, Ste A",New Orleans,LA,70168
CUST009064,P.F. Chang's,4631 Sunset Ct,Tucson,AZ,85701
CUST009065,Mama Williams's Kitchen,3897 Cherry Ln,Wilmington,DE,19838
CUST009066,Doubletree by Hilton Seattle,"7484 Division Pkwy, Ste A",Brooklyn,NY,11237
CUST009067,Denny's,8202 Park Ave,Houston,TX,77013
CUST009068,Circle K #4334,"894 Forest Ave, Unit B",Milwaukee,WI,53246
CUST009069,BevMo,"609 Center Way, Ste A",Burlington,VT,05497
CUST009070,GetGo #8299,"3524 Market Blvd, Unit B",Austin,TX,78783
CUST009071,Johnson's Pub,"1570 Cherry Pkwy, Ste A",Tucson,AZ,85749
CUST009072,The Stag & Wolf,"5929 Willow St, Ste A",Salt Lake City,UT,84126
CUST009073,Vic & Anna's Steakhouse,105 Garden St,Brooklyn,NY,11287
CUST009074,In-N-Out Burger,"7835 Valley Ln, Ste A",Philadelphia,PA,19104
CUST009075,ABC Fine Wine & Spirits,"737 Garden St, Suite 100",Dallas,TX,75228
CUST009076,The Rusty Nail,"2308 Cedar Blvd, Suite 100",Atlanta,GA,30307
CUST009077,Neighborhood Bar & Grill,"7149 Pine Dr, Suite 100",Boston,MA,02120
CUST009078,Sioux Falls Brewing Co.,"7975 Walnut Way, #101",Sioux Falls,SD,57121
CUST009079,Red Lobster,6668 Cedar Ave,Birmingham,AL,35261
CUST009080,Four Seasons Miami,"4886 Willow Way, Unit B",Birmingham,AL,35261
CUST009081,Rite Aid,6588 Spring Ct,Columbus,OH,43289
CUST009082,Worcester Grill,"2923 Commerce Blvd, Ste A",Worcester,MA,01649
CUST009083,Hilton Garden Inn Dallas,"9869 River Rd, Suite 200",Burlington,VT,05437
CUST009084,Days Inn by Wyndham Albuquerque,"1316 Willow Pl, Unit B",Albuquerque,NM,87125
CUST009085,Blu by Radisson Colorado Springs,3242 Lake Pl,Colorado Springs,CO,80973
CUST009086,The Draft House,3702 Church Blvd,Columbia,SC,29238
CUST009087,Sports Page Bar,"4184 Maple Pkwy, Unit B",Seattle,WA,98198
CUST009088,Neighborhood Bar & Grill,"5168 Cherry Way, Suite 100",Jersey City,NJ,07372
CUST009089,Sunset Lounge,4582 Oak St,Columbus,OH,43285
CUST009090,The Bear & Saddle,7708 Center Blvd,Charlotte,NC,28220
CUST009091,ABC Fine Wine & Spirits,"6423 Park Ln, Unit B",Houston,TX,77054
CUST009092,Giant Eagle,"7730 Oak Ave, #101",Dallas,TX,75218
CUST009093,Sam's Club,1916 Magnolia Way,Tulsa,OK,74149
CUST009094,Waffle House,9172 Washington Ln,St. Paul,MN,55189
CUST009095,Maria's Bar & Grill,"2564 Forest Way, Suite 200",Chicago,IL,60643
CUST009096,Birmingham Liquors,"9264 Cedar Blvd, #101",Birmingham,AL,35264
CUST009097,The Bottle Shop,3861 Meadow St,Reno,NV,89532
CUST009098,Papa Davis's,"3744 Cherry Ave, Suite 200",Virginia Beach,VA,23438
CUST009099,Dave & Buster's,1666 Hill Pkwy,Atlanta,GA,30338
CUST009100,Ingles Markets,"4782 Broad Pl, Suite 100",Houston,TX,77028
CUST009101,TGI Fridays,"9384 Market St, Suite 200",Sioux Falls,SD,57109
CUST009102,Papa Smith's,"1173 Commerce Ct, Suite 100",Springfield,IL,62729
CUST009103,Marketview Liquor,"9306 Garden Blvd, #101",Fargo,ND,58195
CUST009104,World of Beer,"9649 Chestnut Pl, #101",Colorado Springs,CO,80995
CUST009105,Walgreens,"3657 Lake Pkwy, Suite 200",Indianapolis,IN,46256
CUST009106,Best Western Premier Jacksonville,"4276 Industrial Rd, Suite 100",Jacksonville,FL,32285
CUST009107,Ferreira's BBQ,"498 Highland Blvd, Unit B",Los Angeles,CA,90067
CUST009108,Walgreens,5616 Willow Way,Memphis,TN,38163
CUST009109,Hyatt Place Denver,"894 Union Dr, Unit B",Detroit,MI,48298
CUST009110,Loews Hotel Philadelphia,"3217 Oak Pl, Unit B",St. Louis,MO,63142
CUST009111,Grand by Hyatt Honolulu,1852 Harbor Ave,Honolulu,HI,96802
CUST009112,Stop & Shop,"4660 Bay St, Suite 100",Cincinnati,OH,45222
CUST009113,St. Paul Grill,"436 Lake Ct, #101",St. Paul,MN,55107
CUST009114,Carlos & Danny's Steakhouse,"6141 Elm Ln, #101",Jersey City,NJ,07359
CUST009115,Kona Grill,"103 Hill Pkwy, Suite 100",Pittsburgh,PA,15213
CUST009116,Sal's Seafood,9198 Division Ct,Minneapolis,MN,55410
CUST009117,Stop & Shop,4957 Meadow Rd,Houston,TX,77043
CUST009118,The Broken Spoke,1094 Center Rd,Los Angeles,CA,90050
CUST009119,Davis's Pub,828 Meadow Ave,Richmond,VA,23209
CUST009120,Sam's Club,476 Walnut Dr,St. Louis,MO,63125
CUST009121,Cheers Bar & Grill,3315 Main Ct,Richmond,VA,23282
CUST009122,Smith's Tavern,2641 Bay Way,Dallas,TX,75220
CUST009123,Red by Radisson Louisville,"5404 Park Rd, Suite 100",Louisville,KY,40204
CUST009124,Steak 'n Shake,5218 Harbor Rd,Pittsburgh,PA,15226
CUST009125,Trader Joe's,"7144 Park Dr, Suite 200",Hartford,CT,06101
CUST009126,Bill's Bar & Grill,"4997 Washington Pl, Suite 200",Richmond,VA,23201
CUST009127,DoubleTree by Hilton New Orleans,2377 Washington Pkwy,New Orleans,LA,70183
CUST009128,Smith's BBQ,"6635 Market Blvd, Unit B",Denver,CO,80226
CUST009129,Total Spirits Columbus,2648 Cherry Pl,Columbus,OH,43209
CUST009130,Mama Romano's,5851 Main Pkwy,Sacramento,CA,95822
CUST009131,Waffle House,2250 Broad Way,Birmingham,AL,35215
CUST009132,Fairfield Inn by Marriott New Orleans,3032 Bay Dr,New Orleans,LA,70150
CUST009133,The Lucky Keg,"698 Lake Pl, Unit B",Los Angeles,CA,90022
CUST009134,Kim's Diner,2368 Peach Rd,Little Rock,AR,72203
CUST009135,Love's Travel Stop #801,3288 Chestnut Pkwy,Raleigh,NC,27612
CUST009136,CVS Pharmacy,"6558 Green Rd, Ste A",Reno,NV,89547
CUST009137,Mama Smith's Pizzeria,"9188 Highland Rd, Suite 200",Salt Lake City,UT,84162
CUST009138,Dave & Buster's,9116 Peach Ct,Providence,RI,02990
CUST009139,The Cheesecake Factory,8017 Commerce Dr,Detroit,MI,48281
CUST009140,BJ's Wholesale Club,"3806 Willow Pkwy, #101",Atlanta,GA,30398
CUST009141,Applebee's,"6990 Chestnut Way, Ste A",Jersey City,NJ,07381
CUST009142,Walgreens,"1175 Pine Blvd, Suite 200",St. Paul,MN,55181
CUST009143,The Bottle Shop,337 Chestnut St,Detroit,MI,48286
CUST009144,Springfield Kitchen,"6837 Peach Rd, Suite 200",Springfield,IL,62722
CUST009145,Walgreens,9575 Chestnut Rd,Honolulu,HI,96821
CUST009146,Las Vegas Bistro,6522 Pine Ave,Las Vegas,NV,89163
CUST009147,Regency by Hyatt Baton Rouge,2885 Market Ln,Baton Rouge,LA,70871
CUST009148,Sheetz #9207,2783 Harbor Pkwy,Milwaukee,WI,53260
CUST009149,Doubletree by Hilton Seattle,6308 Walnut Ct,Indianapolis,IN,46283
CUST009150,Frank's Grill,"6996 Division St, #101",Spokane,WA,99267
CUST009151,Cracker Barrel,"692 Magnolia St, #101",Oklahoma City,OK,73142
CUST009152,Dave & Buster's,695 Valley Pkwy,Milwaukee,WI,53218
CUST009153,Sam's Grill,"6080 Industrial St, Unit B",Richmond,VA,23231
CUST009154,Hilton Garden Inn Dallas,7744 Hill Pl,Pittsburgh,PA,15291
CUST009155,Courtyard by Marriott Chicago,"8571 Cherry Pkwy, Unit B",Springfield,IL,62728
CUST009156,Mama Smith's Pizzeria,"976 Walnut Pkwy, Unit B",Anchorage,AK,99511
CUST009157,Corner Pocket Billiards & Bar,"8771 Spring Pl, Ste A",Baltimore,MD,21218
CUST009158,Portland Tap Room,"5113 Hill Ln, Suite 100",Portland,OR,97276
CUST009159,Spec's Liquor,"8879 Garden St, Suite 200",Grand Rapids,MI,49596
CUST009160,Mama Brown's Kitchen,2253 Meadow Ave,Cincinnati,OH,45239
CUST009161,Ingles Markets,"9188 Park Blvd, Suite 200",Oklahoma City,OK,73109
CUST009162,Cheers Bar & Grill,6771 Walnut Ln,Phoenix,AZ,85027
CUST009163,Sunset Lounge,"4924 Cedar Ln, Suite 100",Denver,CO,80280
CUST009164,Stater Bros.,540 Walnut Dr,Omaha,NE,68121
CUST009165,Perkins Restaurant,"5925 Lake Pl, Suite 200",Houston,TX,77034
CUST009166,The Draft House,"9625 Walnut Pl, Suite 200",Birmingham,AL,35206
CUST009167,Seattle Kitchen,"8877 Meadow Ln, Ste A",Seattle,WA,98104
CUST009168,Love's Travel Stop #2778,415 Chestnut Dr,Nashville,TN,37259
CUST009169,Papa Caruso's,"4357 Forest Ct, Unit B",Albuquerque,NM,87152
CUST009170,Pete & Leo's Steakhouse,"5806 Market Ct, Ste A",Tucson,AZ,85741
CUST009171,ABC Fine Wine & Spirits,"8948 Market St, Suite 100",Richmond,VA,23296
CUST009172,Raising Cane's,"7593 Pine Pkwy, Ste A",Anchorage,AK,99526
CUST009173,Sheraton New York Times Square,"8337 Highland Rd, #101",Providence,RI,02973
CUST009174,Old Minneapolis Tavern,"8092 Broad Dr, #101",Minneapolis,MN,55469
CUST009175,Louisville Wine & Spirits,6394 Sunset Blvd,Louisville,KY,40293
CUST009176,The Rusty Nail,"3742 Chestnut Blvd, Suite 200",Lexington,KY,40530
CUST009177,Maria's Grill,"8697 Harbor Way, Ste A",Dallas,TX,75246
CUST009178,Kansas City Brewing Co.,3430 Spring St,Kansas City,MO,64121
CUST009179,Mama DeLuca's Kitchen,"3390 Sunset Ct, #101",Phoenix,AZ,85010
CUST009180,Sheraton New York Times Square,4428 Magnolia Ct,Eugene,OR,97446
CUST009181,Days Inn by Wyndham Cincinnati,2048 Lake Ln,Cincinnati,OH,45257
CUST009182,Mama Williams's Kitchen,"1882 River Dr, #101",Detroit,MI,48255
CUST009183,Martinez's Tavern,"2923 Chestnut Ave, Ste A",Tucson,AZ,85785
CUST009184,Albuquerque Bottle Shop,"2315 Spring Pkwy, Suite 200",Albuquerque,NM,87194
CUST009185,BevMo,"6273 Cherry Blvd, Unit B",Buffalo,NY,14228
CUST009186,Bill's Seafood,"5899 Division Ct, Suite 200",Miami,FL,33110
CUST009187,Las Vegas Ale House,6715 Lake Ln,Las Vegas,NV,89106
CUST009188,Walgreens,5189 Union Ct,Eugene,OR,97465
CUST009189,Aldi,9975 Industrial Rd,Cincinnati,OH,45218
CUST009190,Steak 'n Shake,"7060 Main Way, Suite 100",Austin,TX,78794
CUST009191,The Cincinnati Grille,6906 Harbor Pl,Cincinnati,OH,45216
CUST009192,Panera Bread,7341 Broad Ct,Birmingham,AL,35284
CUST009193,Keg Liquors,9685 Meadow Pl,Fort Worth,TX,76131
CUST009194,Papa Caruso's,"7248 Highland Dr, Suite 200",Sioux Falls,SD,57170
CUST009195,Leo & Frank's Steakhouse,6218 Green Pl,Kansas City,MO,64147
CUST009196,Detroit Diner,"3571 Oak Ave, #101",Detroit,MI,48244
CUST009197,P.F. Chang's,2354 Valley Way,Baltimore,MD,21294
CUST009198,Costco Wholesale,"6475 Chestnut St, Suite 100",Austin,TX,78702
CUST009199,Fairfield Inn by Marriott Omaha,7089 Main Pkwy,Omaha,NE,68119
CUST009200,Chili's,441 Park St,Tampa,FL,33665
CUST009201,Portland Kitchen,9887 Elm Ln,Portland,OR,97283
CUST009202,Four Seasons Miami,8568 Walnut Pkwy,New Orleans,LA,70146
CUST009203,Portland Brewing Co.,"6849 Washington Ln, Ste A",Portland,OR,97256
CUST009204,Kona Grill,"9508 Bay Pl, Suite 200",Los Angeles,CA,90038
CUST009205,P.F. Chang's,3677 Valley Dr,Worcester,MA,01631
CUST009206,Best Western Sacramento,3060 Maple Dr,Sacramento,CA,95878
CUST009207,Costco Wholesale,1405 Peach Ct,Louisville,KY,40267
CUST009208,World of Beer,"7071 Main Ct, Unit B",Portland,OR,97256
CUST009209,Bob Evans,"6185 Main Ave, Unit B",San Francisco,CA,94145
CUST009210,Sam's Club,6319 Lake Ave,Lexington,KY,40534
CUST009211,Bill's Grill,"5398 River Rd, #101",Albuquerque,NM,87196
CUST009212,The Broken Spoke,835 Pine Dr,San Diego,CA,92119
CUST009213,GetGo #6644,2228 Union St,Phoenix,AZ,85032
CUST009214,Ferreira's Tavern,"3631 Washington Rd, Ste A",Raleigh,NC,27613
CUST009215,Whataburger,"4507 Washington Way, #101",St. Paul,MN,55142
CUST009216,Stater Bros.,4033 Highland Dr,Virginia Beach,VA,23496
CUST009217,DoubleTree by Hilton Sacramento,"958 Washington Pl, Suite 200",Sacramento,CA,95878
CUST009218,Premier Wine & Spirits,"270 Forest Dr, Suite 100",Phoenix,AZ,85070
CUST009219,Fargo Taproom,8825 Market Way,Fargo,ND,58148
CUST009220,In-N-Out Burger,8421 Hill Blvd,Louisville,KY,40293
CUST009221,Blu by Radisson Minneapolis,"4320 Oak Pl, Suite 100",Minneapolis,MN,55437
CUST009222,Casey's General Store #8016,6146 Highland Dr,Annapolis,MD,21425
CUST009223,Perkins Restaurant,"1539 Cherry Way, Suite 200",Little Rock,AR,72231
CUST009224,The Draft House,8162 Walnut Pkwy,Philadelphia,PA,19140
CUST009225,Speedway #4504,1566 Hill St,San Francisco,CA,94141
CUST009226,Outback Steakhouse,8236 Park Blvd,Brooklyn,NY,11233
CUST009227,The Kim House,"8884 Elm Pkwy, Suite 100",Phoenix,AZ,85078
CUST009228,Cheers Bar & Grill,"587 Park Blvd, #101",Annapolis,MD,21496
CUST009229,Pilot Flying J #1123,"9415 Division Ln, #101",Oklahoma City,OK,73100
CUST009230,Romano's Tavern,"4511 Meadow Rd, #101",Columbus,OH,43272
CUST009231,Whataburger,"5866 Park Way, Unit B",Fort Worth,TX,76164
CUST009232,Cracker Barrel,9906 Walnut Blvd,Buffalo,NY,14278
CUST009233,Down the Hatch,4900 Main Ave,Los Angeles,CA,90039
CUST009234,BJ's Wholesale Club,"4944 Division Blvd, #101",Colorado Springs,CO,80937
CUST009235,Martinez's Diner,7860 Market St,Colorado Springs,CO,80900
CUST009236,Blu by Radisson Salt Lake City,"9508 Highland Ln, Suite 200",Salt Lake City,UT,84168
CUST009237,Hampton Inn Nashville,4522 Green Pkwy,Lexington,KY,40550
CUST009238,Casey's General Store #7031,794 Division Way,Los Angeles,CA,90092
CUST009239,World of Beer,"4507 Pine St, Ste A",San Diego,CA,92104
CUST009240,Marriott Houston Downtown,"9167 Division Rd, Unit B",Seattle,WA,98106
CUST009241,Golden Corral,9343 Broad Dr,Fort Worth,TX,76140
CUST009242,Brown Kitchen,"5277 Forest Pkwy, Ste A",Madison,WI,53798
CUST009243,Five Guys,1716 Garden Ct,New York,NY,10035
CUST009244,TGI Fridays,8934 Sunset Ct,Tucson,AZ,85735
CUST009245,Sam's Club,"3979 Peach Way, Suite 100",Cincinnati,OH,45237
CUST009246,Golden Corral,7661 Willow Ave,St. Paul,MN,55164
CUST009247,Jimmy & Bob's Steakhouse,"2863 Hill Rd, #101",Wilmington,DE,19899
CUST009248,Five Guys,443 Sunset Ave,Portland,OR,97280
CUST009249,Neighborhood Bar & Grill,"3274 Cedar Ln, Unit B",Wilmington,DE,19896
CUST009250,Kwik Trip #1965,4657 Park Rd,Brooklyn,NY,11243
CUST009251,Applebee's,7257 Garden Dr,Sacramento,CA,95898
CUST009252,TGI Fridays,"4766 Maple Rd, Suite 200",New York,NY,10073
CUST009253,Outback Steakhouse,"7216 Walnut Pkwy, #101",Colorado Springs,CO,80935
CUST009254,Nguyen Family Restaurant,"2161 Meadow Ct, Ste A",Denver,CO,80243
CUST009255,Casa Johnson,3170 Valley Blvd,Queens,NY,11397
CUST009256,Blu by Radisson New York,"5505 Commerce Dr, Unit B",New York,NY,10073
CUST009257,Waffle House,"8456 Center St, Unit B",Tampa,FL,33641
CUST009258,TGI Fridays,7278 Commerce Blvd,Anchorage,AK,99522
CUST009259,Premier Wine & Spirits,"936 Industrial Rd, Ste A",Los Angeles,CA,90045
CUST009260,Casa Romano,5576 River Ct,Austin,TX,78778
CUST009261,Smith Kitchen,"2004 Bay Ct, Suite 100",Omaha,NE,68159
CUST009262,The Miller House,"4094 Highland St, Ste A",Richmond,VA,23239
CUST009263,7-Eleven Store #5260,"2877 Hill Pl, Suite 100",Anchorage,AK,99505
CUST009264,Super 8 by Wyndham Lexington,"1430 Division St, Ste A",Lexington,KY,40519
CUST009265,Jackson Tap Room,7943 Church Ln,Jackson,MS,39252
CUST009266,Miller Kitchen,"3753 Forest Ave, Suite 200",Buffalo,NY,14292
CUST009267,Dave & Buster's,"4756 Commerce Blvd, Suite 200",Milwaukee,WI,53271
CUST009268,Nguyen Family Restaurant,"4551 Maple St, Unit B",Portland,OR,97238
CUST009269,HEB,"6499 Peach Ct, Suite 100",Atlanta,GA,30337
CUST009270,JW Marriott Los Angeles,1933 Meadow Blvd,Nashville,TN,37211
CUST009271,Waffle House,"5108 Church Dr, Suite 100",Denver,CO,80210
CUST009272,Hooters,7089 Maple St,Worcester,MA,01693
CUST009273,Mama Garcia's,"3106 Cherry St, Suite 200",Pittsburgh,PA,15239
CUST009274,Casey's General Store #1825,"5684 Division Rd, Suite 200",Baltimore,MD,21265
CUST009275,Pat's Bar & Grill,"2060 Commerce Pkwy, #101",Nashville,TN,37264
CUST009276,The Rusty Nail,"3011 Main St, Suite 100",Oklahoma City,OK,73139
CUST009277,The Rossi House,9235 Church Ct,Jacksonville,FL,32241
CUST009278,Chipotle Mexican Grill,5634 Cherry Ln,Kansas City,MO,64145
CUST009279,Sam's Club,7685 Green Ln,Madison,WI,53736
CUST009280,The Tap Room,"7781 Park Pkwy, #101",Grand Rapids,MI,49562
CUST009281,Chris & Vic's Steakhouse,"2051 Union Blvd, Unit B",Charleston,SC,29460
CUST009282,Anchorage Kitchen,6803 Sunset Blvd,Anchorage,AK,99529
CUST009283,Ferreira's BBQ,2744 Commerce St,Fort Worth,TX,76112
CUST009284,Yard House,"4704 Magnolia Dr, Suite 200",Omaha,NE,68161
CUST009285,The Bottle Shop,"1455 Willow Dr, Ste A",Worcester,MA,01639
CUST009286,Whataburger,"7969 Lake Ave, Suite 100",Little Rock,AR,72214
CUST009287,New Orleans Diner,"2489 Division Way, Ste A",New Orleans,LA,70172
CUST009288,In-N-Out Burger,"6308 Union Dr, Ste A",Dallas,TX,75217
CUST009289,Hampton Inn Nashville,"2768 Church St, Unit B",Oklahoma City,OK,73138
CUST009290,HEB,1658 Church Pkwy,Charlotte,NC,28227
CUST009291,The Draft House,5001 Main Pl,Little Rock,AR,72245
CUST009292,Eddie's Bar & Grill,"3515 Hill Ct, #101",Sacramento,CA,95837
CUST009293,Sonic Drive-In,4687 Park Ct,Charleston,SC,29464
CUST009294,Jimmy's Seafood,2281 Industrial Blvd,Jackson,MS,39206
CUST009295,Hooters,"3041 Forest Blvd, Unit B",Spokane,WA,99298
CUST009296,Hartford Grill,6765 Highland Rd,Hartford,CT,06105
CUST009297,Best Western Premier Austin,"1387 Peach Blvd, Unit B",Austin,TX,78783
CUST009298,The Bottle Shop,8186 Chestnut Ln,Seattle,WA,98136
CUST009299,Chili's,"4826 Elm Ave, Unit B",Savannah,GA,31459
CUST009300,Denny's,"5692 Cedar Dr, Suite 100",New York,NY,10054
CUST009301,The Miller House,3638 Peach Dr,Las Vegas,NV,89106
CUST009302,P.F. Chang's,"3553 River Pl, #101",Las Vegas,NV,89162
CUST009303,CVS Pharmacy,"8275 Garden St, Suite 200",Wilmington,DE,19813
CUST009304,Lou's Bar & Grill,9385 Cherry Way,Grand Rapids,MI,49551
CUST009305,Old Birmingham Tavern,"4539 Church St, Unit B",Birmingham,AL,35249
CUST009306,Costco Wholesale,"7133 Peach Ln, Ste A",Baltimore,MD,21219
CUST009307,Albertsons,"6626 Bay Ln, Suite 100",Annapolis,MD,21497
CUST009308,Lidl,9451 Center Pl,Sacramento,CA,95832
CUST009309,Papa Ferreira's,"7938 Bay Way, Ste A",New Orleans,LA,70146
CUST009310,The Tap & Rail,"2386 Industrial St, Suite 200",Queens,NY,11327
CUST009311,Mama Patel's,"3190 Spring Way, Suite 200",New Orleans,LA,70144
CUST009312,Best Western Plus Portland,6659 Division Pl,Portland,OR,97267
CUST009313,Walgreens,"4935 Industrial Way, Suite 100",Houston,TX,77006
CUST009314,Garcia's Pub,3828 Green Blvd,Albuquerque,NM,87115
CUST009315,Walgreens,"5737 Elm Ave, Suite 100",Fort Worth,TX,76172
CUST009316,Corner Pocket Billiards & Bar,8273 Spring Ave,Reno,NV,89511
CUST009317,Holiday Inn Express by IHG Austin,"2939 Church Dr, Suite 200",Austin,TX,78786
CUST009318,Shake Shack,"896 Forest Dr, #101",Oklahoma City,OK,73100
CUST009319,Romano Family Restaurant,"7353 Walnut Pl, #101",Nashville,TN,37279
CUST009320,Mike's Bar & Grill,"3339 Elm Dr, Suite 100",Boston,MA,02167
CUST009321,Lou's Grill,"8177 River Rd, #101",Cleveland,OH,44136
CUST009322,Texas Roadhouse,"6553 Washington Rd, Suite 200",Omaha,NE,68158
CUST009323,Sam's Club,1492 Chestnut Way,Dallas,TX,75265
CUST009324,Red by Radisson Sacramento,"2496 Lake Pl, #101",Sacramento,CA,95845
CUST009325,Garden Inn by Hilton New York,"6897 Industrial Ct, Ste A",New York,NY,10020
CUST009326,Maria's Grill,"1338 Pine Rd, Suite 200",Baton Rouge,LA,70895
CUST009327,Dave's Seafood,"9841 Washington Ave, #101",Reno,NV,89578
CUST009328,ABC Fine Wine & Spirits,7695 Bay Rd,Oklahoma City,OK,73136
CUST009329,Piggly Wiggly,"221 Church Dr, #101",Orlando,FL,32851
CUST009330,Spokane Diner,"2736 Park Ave, Suite 100",Spokane,WA,99260
CUST009331,Rite Aid,3040 Industrial Dr,St. Louis,MO,63131
CUST009332,Best Western Plus Minneapolis,9357 Pine Pl,Minneapolis,MN,55419
CUST009333,Applebee's,1138 Pine Ct,Philadelphia,PA,19153
CUST009334,Hyatt Place Denver,5053 Harbor Way,Boston,MA,02173
CUST009335,Choice Hotels Quality Inn Sioux Falls,3225 Hill Pkwy,Sioux Falls,SD,57158
CUST009336,Little Rock Bottle Shop,6032 Cedar Ave,Little Rock,AR,72260
CUST009337,Days Inn by Wyndham Sacramento,"5658 Washington St, Ste A",Sacramento,CA,95860
CUST009338,In-N-Out Burger,"4898 Meadow Rd, Suite 200",Salt Lake City,UT,84146
CUST009339,Love's Travel Stop #365,1828 Division Ave,Columbus,OH,43230
CUST009340,Spec's Liquor,"255 Willow Rd, Unit B",Pittsburgh,PA,15220
CUST009341,Tucson Kitchen,3956 River Dr,Tucson,AZ,85782
CUST009342,The Midnight Spur,3359 Division Way,Cincinnati,OH,45275
CUST009343,Courtyard by Marriott Phoenix,"6316 Broad Ave, Suite 100",Phoenix,AZ,85034
CUST009344,ABC Fine Wine & Spirits,9907 Pine Ave,Spokane,WA,99277
CUST009345,GetGo #384,"8800 Market Dr, Unit B",Jackson,MS,39247
CUST009346,Costco Wholesale,"7941 Chestnut Rd, Unit B",Baltimore,MD,21272
CUST009347,Red Lobster,"848 Union Ct, Suite 200",Brooklyn,NY,11212
CUST009348,Frank & Lou's Steakhouse,"9902 Walnut Pl, Suite 100",Wilmington,DE,19869
CUST009349,Whataburger,"2536 Green Rd, Suite 100",Wilmington,DE,19885
CUST009350,Nick & Joe's Steakhouse,4689 Hill Ct,Eugene,OR,97461
CUST009351,BJ's Wholesale Club,1505 Sunset Pkwy,Columbia,SC,29274
CUST009352,IHOP,8009 Harbor Ln,Philadelphia,PA,19137
CUST009353,Red Lobster,"3693 Forest Ct, #101",San Francisco,CA,94170
CUST009354,Texas Roadhouse,5525 Meadow Ct,Tampa,FL,33657
CUST009355,Texas Roadhouse,"971 Valley Way, Ste A",Philadelphia,PA,19135
CUST009356,Sioux Falls Tap Room,9896 Elm Blvd,Sioux Falls,SD,57109
CUST009357,Leo's Grill,4599 Chestnut Ln,Columbus,OH,43216
CUST009358,Mama Williams's,7813 Spring Blvd,Grand Rapids,MI,49535
CUST009359,Rite Aid,"4762 Sunset Ln, Suite 200",Kansas City,MO,64142
CUST009360,CVS Pharmacy,6905 Highland Dr,Nashville,TN,37286
CUST009361,Panera Bread,"6544 Main Blvd, Ste A",Salt Lake City,UT,84158
CUST009362,Panera Bread,6354 Maple St,Madison,WI,53702
CUST009363,Yard House,"8379 Hill St, #101",Phoenix,AZ,85031
CUST009364,Wingstop,"4009 Walnut Rd, Unit B",Oklahoma City,OK,73132
CUST009365,Staybridge Suites by IHG Tucson,"9248 Chestnut Way, Suite 100",Tucson,AZ,85761
CUST009366,Carlos's Grill,"3247 Bay Ave, #101",Richmond,VA,23267
CUST009367,Costco Wholesale,8585 Garden Way,Philadelphia,PA,19159
CUST009368,Kroger,9163 Walnut Dr,Oklahoma City,OK,73118
CUST009369,In-N-Out Burger,"6336 Magnolia Ln, #101",Dallas,TX,75227
CUST009370,Golden Corral,"2849 Bay Rd, Ste A",Hartford,CT,06179
CUST009371,BJ's Wholesale Club,"3008 Sunset Rd, Suite 100",Nashville,TN,37218
CUST009372,CVS Pharmacy,"5320 Main Rd, Suite 200",Atlanta,GA,30394
CUST009373,The Brown House,"1566 Forest Dr, Ste A",Eugene,OR,97411
CUST009374,Papa Williams's,4456 Walnut Ave,Honolulu,HI,96812
CUST009375,Perkins Restaurant,"8285 Main Dr, Unit B",Lexington,KY,40525
CUST009376,Grand by Hyatt Tampa,3340 Willow Ave,Tampa,FL,33628
CUST009377,Liquor Barn,8685 Cherry Dr,Grand Rapids,MI,49556
CUST009378,Radisson Cleveland,5640 Sunset Way,Cleveland,OH,44135
CUST009379,Premier Wine & Spirits,"5759 Cedar Blvd, Suite 200",Dallas,TX,75202
CUST009380,Raley's,"5385 Division Way, Ste A",Orlando,FL,32835
CUST009381,Meijer,233 Lake Rd,Los Angeles,CA,90040
CUST009382,Papa Brown's,2023 Elm Ct,Memphis,TN,38128
CUST009383,Sunset Lounge,"1778 Center Pkwy, #101",Baton Rouge,LA,70895
CUST009384,Chris & Vic's Steakhouse,"1412 Park Ln, #101",Indianapolis,IN,46277
CUST009385,The Rusty Nail,4563 Pine Pkwy,Fort Worth,TX,76156
CUST009386,Stop & Shop,"9840 Meadow Ave, Suite 200",Tucson,AZ,85790
CUST009387,Casa Martinez,"4165 Center St, Suite 200",Raleigh,NC,27612
CUST009388,Bill's Seafood,6653 Spring Ct,Baltimore,MD,21288
CUST009389,Waffle House,9605 Green Rd,Atlanta,GA,30363
CUST009390,Brown's BBQ,"8895 Chestnut Way, Unit B",Houston,TX,77037
CUST009391,P.F. Chang's,"2451 River Pl, #101",Atlanta,GA,30374
CUST009392,Olive Garden,5372 Meadow Pkwy,Colorado Springs,CO,80935
CUST009393,Mama Rossi's,6061 Valley Dr,Portland,OR,97201
CUST009394,Nick & Dave's Steakhouse,"2905 Forest Pkwy, Suite 200",Portland,OR,97299
CUST009395,Shake Shack,4885 Oak Blvd,Dallas,TX,75294
CUST009396,Whataburger,5141 Meadow Dr,Denver,CO,80201
CUST009397,Sports Page Bar,5470 Church Blvd,Oklahoma City,OK,73124
CUST009398,Leo's Seafood,"1540 Harbor Ave, Ste A",Buffalo,NY,14290
CUST009399,Doubletree by Hilton Seattle,"9273 Meadow Blvd, #101",Memphis,TN,38158
CUST009400,Price Chopper,"8704 Green St, Unit B",Raleigh,NC,27612
CUST009401,TGI Fridays,8440 Garden Rd,New York,NY,10076
CUST009402,La Quinta by Wyndham Anchorage,"9375 Chestnut Ln, Suite 100",Anchorage,AK,99523
CUST009403,Tom's Bar & Grill,"4597 Lake Pkwy, Suite 200",Orlando,FL,32876
CUST009404,Sheetz #2352,"8085 Broad Ave, Suite 100",Austin,TX,78735
CUST009405,Trader Joe's,7939 River Way,Los Angeles,CA,90079
CUST009406,Safeway,"3391 Highland Ln, Suite 100",Savannah,GA,31401
CUST009407,Martinez's BBQ,"312 Chestnut Way, #101",Pittsburgh,PA,15231
CUST009408,Outback Steakhouse,"896 Willow Pl, Suite 200",Fargo,ND,58136
CUST009409,Golden Corral,2098 Maple Ln,Wilmington,DE,19838
CUST009410,Neighborhood Bar & Grill,7231 Washington Rd,Indianapolis,IN,46281
CUST009411,Wingstop,"5943 Broad Ln, #101",New Orleans,LA,70126
CUST009412,BJ's Wholesale Club,"4553 Bay Dr, Suite 200",Jacksonville,FL,32204
CUST009413,Down the Hatch,"3727 Valley Ct, Unit B",Tucson,AZ,85796
CUST009414,Smart & Final,961 River Rd,Omaha,NE,68130
CUST009415,Giant Eagle,3992 Highland Dr,Austin,TX,78760
CUST009416,Cheers Bar & Grill,3060 Peach Pkwy,Burlington,VT,05474
CUST009417,Garcia's Diner,9115 Division St,Lexington,KY,40591
CUST009418,Super 8 by Wyndham Queens,2792 Cherry Ln,Queens,NY,11358
CUST009419,Sacramento Diner,"474 Church Dr, Suite 100",Sacramento,CA,95841
CUST009420,Sheraton New York Times Square,"5140 Washington Pl, Ste A",Charleston,SC,29408
CUST009421,Esposito Kitchen,"201 Division Pl, Unit B",Houston,TX,77058
CUST009422,Ferreira Kitchen,"902 Park Ln, Ste A",Spokane,WA,99229
CUST009423,Red Lobster,"4915 Hill Way, Suite 100",Cleveland,OH,44169
CUST009424,Denver Bottle Shop,"3015 Harbor Dr, #101",Denver,CO,80220
CUST009425,Lidl,8201 Walnut Pl,Tucson,AZ,85719
CUST009426,Maria's Seafood,"801 Market Ln, Suite 100",Honolulu,HI,96872
CUST009427,Buffalo Wild Wings,"4942 Hill Ct, #101",Dallas,TX,75241
CUST009428,Ramada by Wyndham Portland,"5205 Garden Pl, Suite 200",Portland,OR,97251
CUST009429,TGI Fridays,"7011 Bay Rd, Suite 100",Sacramento,CA,95875
CUST009430,Ritz-Carlton New Orleans,9526 Magnolia Ct,Lexington,KY,40582
CUST009431,The Cheesecake Factory,2685 Highland Pkwy,Fargo,ND,58149
CUST009432,Five Guys,366 Cherry Rd,Salt Lake City,UT,84168
CUST009433,GetGo #6522,5767 Garden Ave,Minneapolis,MN,55407
CUST009434,Costco Wholesale,"5174 Highland Blvd, Suite 200",Memphis,TN,38100
CUST009435,Raley's,"8973 Walnut Ave, Unit B",Birmingham,AL,35287
CUST009436,Applebee's,5363 Garden St,Pittsburgh,PA,15228
CUST009437,Pilot Flying J #8582,3208 Sunset Ct,San Antonio,TX,78283
CUST009438,Bob Evans,"8561 Elm Ln, #101",Oklahoma City,OK,73161
CUST009439,Five Guys,"9154 Pine Rd, Suite 200",Omaha,NE,68169
CUST009440,IHOP,1460 Pine Ave,Fort Worth,TX,76130
CUST009441,HEB,"7298 Center Pl, #101",Jersey City,NJ,07313
CUST009442,Discount Liquor Mart,"8530 Elm Ave, Ste A",Lexington,KY,40583
CUST009443,Liquor Barn,"7815 Union Ct, Ste A",Worcester,MA,01625
CUST009444,Tulsa Taproom,"4592 Center Way, Unit B",Tulsa,OK,74197
CUST009445,Sunset Lounge,"476 Forest St, Suite 100",Las Vegas,NV,89146
CUST009446,Price Chopper,"4531 Church Way, #101",Queens,NY,11340
CUST009447,Jack's Seafood,6617 Valley Ave,St. Louis,MO,63196
CUST009448,Outback Steakhouse,"4133 Church Ln, Suite 100",Jackson,MS,39275
CUST009449,Marketview Liquor,4010 Green Ln,Baton Rouge,LA,70873
CUST009450,Winn-Dixie,2784 Lake Blvd,Omaha,NE,68165
CUST009451,DoubleTree by Hilton Miami,"9198 Elm Ave, #101",Miami,FL,33156
CUST009452,Hampton Inn by Hilton Detroit,506 Meadow Pkwy,Detroit,MI,48251
CUST009453,Anna & Eddie's Steakhouse,"4358 Elm Dr, Suite 100",Jacksonville,FL,32259
CUST009454,Twin Peaks,"9920 Oak Blvd, Suite 100",Burlington,VT,05412
CUST009455,Love's Travel Stop #7862,4953 Harbor Ln,Phoenix,AZ,85050
CUST009456,Tucson Diner,"9403 Broad Blvd, Suite 200",Tucson,AZ,85737
CUST009457,Total Spirits Anchorage,"5398 Lake Ln, #101",Anchorage,AK,99531
CUST009458,Sam's Club,"782 Highland Way, #101",Houston,TX,77001
CUST009459,Springhill Suites by Marriott Louisville,9854 Center Way,Louisville,KY,40280
CUST009460,Olive Garden,"834 Main St, Unit B",Springfield,IL,62702
CUST009461,Keg Liquors,224 Garden Pkwy,Tucson,AZ,85757
CUST009462,Phil's Seafood,8904 Spring Rd,Nashville,TN,37289
CUST009463,Pilot Flying J #9311,"7034 Lake Dr, #101",Baton Rouge,LA,70886
CUST009464,Grand by Hyatt Seattle,6528 Spring Pkwy,Seattle,WA,98182
CUST009465,Davis's BBQ,"2918 Division Dr, Suite 100",Baton Rouge,LA,70879
CUST009466,Corner Pocket Billiards & Bar,"639 Elm Pkwy, Ste A",Honolulu,HI,96823
CUST009467,Hooters,1312 Chestnut Ln,Austin,TX,78777
CUST009468,Homewood Suites by Hilton Worcester,"3357 Peach Way, Ste A",Worcester,MA,01610
CUST009469,The Chicago Grille,"8361 Harbor Dr, Ste A",Chicago,IL,60687
CUST009470,Hartford Grill,"2558 Hill Rd, Suite 100",Hartford,CT,06120
CUST009471,Wawa #5229,2978 Green Pkwy,Denver,CO,80203
CUST009472,Milwaukee Kitchen,"763 Valley Blvd, Suite 200",Milwaukee,WI,53202
CUST009473,Olive Garden,1512 Division Way,New Orleans,LA,70141
CUST009474,Mama Nguyen's,1672 Spring Dr,Jacksonville,FL,32213
CUST009475,Choice Hotels Comfort Inn Nashville,4889 Spring Blvd,Nashville,TN,37275
CUST009476,Down the Hatch,2140 Market Ct,Reno,NV,89554
CUST009477,House by Hyatt Miami,"8613 Cedar Ct, Unit B",Miami,FL,33127
CUST009478,Stater Bros.,4255 Green Rd,Reno,NV,89590
CUST009479,Memphis Grill,541 Highland Ct,Memphis,TN,38110
CUST009480,Best Western Austin,1971 Oak Way,Austin,TX,78718
CUST009481,Meijer,3036 Elm St,Columbia,SC,29212
CUST009482,Raising Cane's,"5417 Green Pl, Ste A",Orlando,FL,32864
CUST009483,Hooters,"8786 Division Way, Suite 100",Newark,NJ,07197
CUST009484,Perkins Restaurant,"6839 River St, #101",Little Rock,AR,72293
CUST009485,Steak 'n Shake,9724 Sunset Pl,Fort Worth,TX,76111
CUST009486,Best Western Detroit,"7568 Pine Ln, Suite 100",Detroit,MI,48261
CUST009487,Circle K #2440,"8772 Lake Pl, Ste A",Denver,CO,80255
CUST009488,Costco Wholesale,"5576 Chestnut Way, Suite 200",Baltimore,MD,21259
CUST009489,In-N-Out Burger,4299 Bay Way,Los Angeles,CA,90002
CUST009490,Safeway,"2137 Sunset Rd, Suite 100",Fargo,ND,58186
CUST009491,Spec's Liquor,3378 Broad Ct,Spokane,WA,99266
CUST009492,Perkins Restaurant,"3161 Market Dr, Unit B",Atlanta,GA,30334
CUST009493,Red by Radisson Oklahoma City,"8574 Maple Pl, Suite 200",Oklahoma City,OK,73169
CUST009494,Olive Garden,7177 Cherry Pl,Salt Lake City,UT,84122
CUST009495,Piggly Wiggly,"2505 Hill Pkwy, #101",Dallas,TX,75239
CUST009496,Sam's Club,"4169 Market Way, Ste A",Boston,MA,02175
CUST009497,Discount Liquor Mart,9490 Magnolia Ln,Providence,RI,02900
CUST009498,Hampton Inn by Hilton New Orleans,"4179 Forest Pkwy, Suite 200",New Orleans,LA,70137
CUST009499,Holiday Inn by IHG Boston,9910 Center Ave,Boston,MA,02176
CUST009500,Five Guys,"5285 Market St, Suite 200",Nashville,TN,37296
CUST009501,Rossi Kitchen,1241 Cedar Ave,Charleston,SC,29495
CUST009502,Sunset Lounge,"6601 Peach Pl, Suite 200",Portland,OR,97278
CUST009503,Lou's Grill,8378 Valley Pl,Charleston,SC,29428
CUST009504,Spokane Wine & Spirits,"1774 Church Way, #101",Spokane,WA,99215
CUST009505,Crowne Plaza by IHG Charlotte,4293 Church Pl,Charlotte,NC,28219
CUST009506,Raising Cane's,"944 Chestnut Blvd, Unit B",Reno,NV,89572
CUST009507,Denver Bottle Shop,"7724 Forest Way, Unit B",Denver,CO,80225
CUST009508,Buffalo Diner,"7975 Green Pkwy, Ste A",Buffalo,NY,14293
CUST009509,Wegmans,"5612 Union Pkwy, #101",Annapolis,MD,21488
CUST009510,Chen Kitchen,"2584 Washington Ave, #101",Raleigh,NC,27656
CUST009511,The New York Grille,"1793 Walnut Dr, Ste A",New York,NY,10012
CUST009512,The Tap Room,"5218 Sunset Dr, #101",Buffalo,NY,14255
CUST009513,The Williams House,"9517 Magnolia Rd, Unit B",Dallas,TX,75221
CUST009514,BJ's Wholesale Club,"5731 Spring Blvd, #101",Lexington,KY,40524
CUST009515,Waffle House,"2860 River Ln, Suite 200",Savannah,GA,31461
CUST009516,Courtyard by Marriott Chicago,1151 Magnolia Rd,St. Paul,MN,55153
CUST009517,Luigi's Bar & Grill,2612 Broad Pkwy,Little Rock,AR,72212
CUST009518,Discount Liquor Mart,"9176 Forest St, #101",Burlington,VT,05492
CUST009519,Casa Davis,3515 Forest Ct,Houston,TX,77087
CUST009520,Choice Hotels Comfort Inn Tucson,"1636 Main Dr, Ste A",Tucson,AZ,85721
CUST009521,Reno Wine & Spirits,3182 Elm Pkwy,Reno,NV,89561
CUST009522,Spec's Liquor,"1550 Harbor Pkwy, #101",Seattle,WA,98100
CUST009523,Marketview Liquor,"2693 Market St, #101",Chicago,IL,60690
CUST009524,Rossi's Pub,4464 Oak Ln,Fort Worth,TX,76143
CUST009525,Kona Grill,"7523 Chestnut Dr, Ste A",San Diego,CA,92186
CUST009526,In-N-Out Burger,"2128 Park Ct, #101",Columbia,SC,29215
CUST009527,Honolulu Diner,7734 River Way,Honolulu,HI,96805
CUST009528,Outback Steakhouse,6751 Walnut Dr,Boston,MA,02108
CUST009529,The Burlington Grille,"1701 Peach Blvd, Ste A",Burlington,VT,05403
CUST009530,Papa Park's,"8249 Garden Rd, Unit B",Birmingham,AL,35205
CUST009531,Whataburger,"7026 Elm Pkwy, Ste A",Newark,NJ,07138
CUST009532,Denny's,5212 Cedar Dr,Spokane,WA,99266
CUST009533,Lidl,"6495 Harbor Dr, Suite 200",Birmingham,AL,35274
CUST009534,Radisson Jackson,6118 Spring Way,Jackson,MS,39201
CUST009535,Radisson Jacksonville,"425 Sunset Way, Unit B",Jacksonville,FL,32240
CUST009536,The Cheesecake Factory,1171 Industrial St,Buffalo,NY,14270
CUST009537,Hilton Garden Inn Dallas,4493 Peach Blvd,San Francisco,CA,94124
CUST009538,Buffalo Diner,9293 Valley Pl,Buffalo,NY,14207
CUST009539,Golden Corral,"5092 Harbor Pkwy, Suite 200",Phoenix,AZ,85079
CUST009540,Safeway,"4439 Sunset Ave, Suite 100",Denver,CO,80251
CUST009541,Cracker Barrel,"9750 Cherry Way, Suite 200",Worcester,MA,01682
CUST009542,Walgreens,2970 Chestnut Ln,Orlando,FL,32883
CUST009543,Papa Miller's,"9710 Cedar Pkwy, Ste A",Providence,RI,02932
CUST009544,Ingles Markets,"4452 Sunset Pl, Suite 200",Cleveland,OH,44193
CUST009545,Spec's Liquor,"2040 Meadow Dr, Suite 200",Sioux Falls,SD,57189
CUST009546,Ritz-Carlton New Orleans,"7434 Church Dr, Suite 100",Savannah,GA,31447
CUST009547,Main Street Liquors,"6939 Division Pkwy, Ste A",Tampa,FL,33638
CUST009548,Panera Bread,4311 Sunset Pl,Salt Lake City,UT,84136
CUST009549,Sports Page Bar,"902 Lake Dr, Suite 100",Baltimore,MD,21272
CUST009550,P.F. Chang's,"7596 Cherry Rd, Unit B",Reno,NV,89572
CUST009551,Marriott Houston Downtown,111 Sunset Way,Fargo,ND,58198
CUST009552,Fine Wine & Spirits,584 Main Pkwy,Baton Rouge,LA,70819
CUST009553,The Tap Room,"3141 Valley Ln, Suite 200",Portland,OR,97294
CUST009554,Price Chopper,8846 Highland Way,Jacksonville,FL,32216
CUST009555,Walgreens,"9072 Center Dr, Unit B",Salt Lake City,UT,84180
CUST009556,Main Street Liquors,"4274 Pine Ave, Unit B",Dallas,TX,75241
CUST009557,Central Liquors,"6226 Highland Ave, Suite 100",Columbus,OH,43227
CUST009558,The Jones House,7582 Main Rd,Charleston,SC,29428
CUST009559,The Broken Spoke,"5523 Division Ln, #101",Kansas City,MO,64157
CUST009560,Panera Bread,"9096 Broad Ln, Suite 200",Little Rock,AR,72242
CUST009561,P.F. Chang's,"6251 Harbor Way, #101",Tampa,FL,33651
CUST009562,Total Wine & More,"1123 Hill Ct, Suite 100",Pittsburgh,PA,15225
CUST009563,Lidl,"7362 Union Pkwy, Unit B",Boston,MA,02112
CUST009564,Binny's Beverage Depot,9225 Cherry St,Jersey City,NJ,07314
CUST009565,Total Spirits Jersey City,"6569 Cedar St, Suite 200",Jersey City,NJ,07313
CUST009566,Central Liquors,"9362 Garden Ln, Unit B",Chicago,IL,60607
CUST009567,Sal's Bar & Grill,"5399 Sunset Ave, #101",Birmingham,AL,35270
CUST009568,Casa Davis,"8979 Maple Rd, Suite 200",Springfield,IL,62758
CUST009569,Ritz-Carlton New Orleans,7405 Cedar Pkwy,San Francisco,CA,94103
CUST009570,Cheers Bar & Grill,8539 Park Dr,Newark,NJ,07136
CUST009571,Little Rock Tap Room,"2440 Industrial St, Unit B",Little Rock,AR,72201
CUST009572,JW Marriott Los Angeles,"2128 Highland Ave, Unit B",Sioux Falls,SD,57159
CUST009573,Red by Radisson Nashville,6497 Commerce St,Nashville,TN,37208
CUST009574,Atlanta Bistro,"2120 Broad Ct, Suite 200",Atlanta,GA,30312
CUST009575,Keg Liquors,9498 Meadow Pkwy,Fargo,ND,58132
CUST009576,Los Angeles Grill,9536 Cedar St,Los Angeles,CA,90006
CUST009577,The Stein & Bear,"7644 Market Pl, #101",Detroit,MI,48256
CUST009578,In-N-Out Burger,"2135 Cedar Ct, Ste A",San Diego,CA,92113
CUST009579,Binny's Beverage Depot,6632 Willow Blvd,Memphis,TN,38192
CUST009580,Ritz-Carlton New Orleans,5322 Willow Ln,Boston,MA,02118
CUST009581,Corner Pocket Billiards & Bar,"5631 Elm Ln, Suite 100",Springfield,IL,62751
CUST009582,Trader Joe's,8625 Oak St,Burlington,VT,05480
CUST009583,Yard House,"6228 Highland Dr, #101",Orlando,FL,32836
CUST009584,Jack's Seafood,8580 Broad St,Baton Rouge,LA,70825
CUST009585,Chipotle Mexican Grill,5862 Park St,Virginia Beach,VA,23406
CUST009586,Binny's Beverage Depot,"7305 Main Pkwy, Suite 100",Orlando,FL,32814
CUST009587,Casa Esposito,9726 Hill Rd,Miami,FL,33185
CUST009588,Casa Chen,6061 Chestnut Pl,Miami,FL,33174
CUST009589,Punch Bowl Social,"2433 Harbor Way, Suite 200",Louisville,KY,40268
CUST009590,The Rusty Nail,"3452 Valley Pl, #101",Cleveland,OH,44190
CUST009591,Red by Radisson Little Rock,"306 Garden Blvd, Suite 200",Little Rock,AR,72291
CUST009592,Love's Travel Stop #8512,"9307 Garden Blvd, Unit B",Nashville,TN,37211
CUST009593,Stop & Shop,"1105 Oak Dr, Ste A",New York,NY,10000
CUST009594,Mama DeLuca's Pizzeria,"8011 Maple Ave, Ste A",Providence,RI,02980
CUST009595,Waffle House,"816 Maple Ave, Suite 100",Raleigh,NC,27684
CUST009596,Regency by Hyatt Baton Rouge,9593 Park Pl,Baton Rouge,LA,70833
CUST009597,Atlanta Ale House,"1597 Hill Ln, Suite 200",Atlanta,GA,30342
CUST009598,Rite Aid,"4742 Oak Ct, Unit B",San Diego,CA,92139
CUST009599,Perkins Restaurant,"7074 Oak Blvd, Suite 200",Seattle,WA,98105
CUST009600,Publix,"9294 Oak Blvd, #101",Providence,RI,02956
CUST009601,Courtyard by Marriott Atlanta,"5668 Industrial Ct, Unit B",Atlanta,GA,30351
CUST009602,Place by Hyatt Lexington,4530 Spring Pkwy,Lexington,KY,40553
CUST009603,Winn-Dixie,605 Harbor Ct,Little Rock,AR,72288
CUST009604,Steak 'n Shake,"669 Industrial Pkwy, #101",Seattle,WA,98128
CUST009605,Walgreens,"1530 Harbor Ln, Suite 200",Indianapolis,IN,46204
CUST009606,P.F. Chang's,"9664 Main Way, Unit B",Boston,MA,02115
CUST009607,Caruso's Pub,9805 Elm Ln,Dallas,TX,75269
CUST009608,Luigi & Tom's Steakhouse,"1321 Washington Rd, Ste A",Kansas City,MO,64120
CUST009609,Holiday Inn Express Boston,211 Oak St,Worcester,MA,01603
CUST009610,Fine Wine & Spirits,"2756 Green Pl, #101",Cincinnati,OH,45239
CUST009611,Binny's Beverage Depot,"6265 Meadow St, Ste A",Colorado Springs,CO,80966
CUST009612,Days Inn by Wyndham Hartford,"4414 Cherry Rd, #101",Hartford,CT,06111
CUST009613,Red by Radisson Anchorage,2045 Union Rd,Anchorage,AK,99503
CUST009614,Patel's Tavern,"6824 Green Way, Suite 200",Boston,MA,02172
CUST009615,House by Hyatt Memphis,"4679 Division Dr, Unit B",Memphis,TN,38146
CUST009616,Carlos's Grill,3700 Center Pkwy,Virginia Beach,VA,23484
CUST009617,Choice Hotels Comfort Inn Charleston,2796 Meadow Dr,Charleston,SC,29401
CUST009618,Little Rock Liquors,"3117 Magnolia Blvd, Ste A",Little Rock,AR,72213
CUST009619,Yard House,"9772 Meadow Ave, Suite 100",New Orleans,LA,70126
CUST009620,Hy-Vee,8925 Magnolia St,Queens,NY,11360
CUST009621,Publix,2799 Meadow Ave,Houston,TX,77082
CUST009622,Outback Steakhouse,"5090 Church Ln, #101",Dallas,TX,75266
CUST009623,Hooters,5996 Garden Pl,Tucson,AZ,85769
CUST009624,Fairfield Inn by Marriott Minneapolis,"4439 Union Pl, Suite 200",Minneapolis,MN,55421
CUST009625,Speedway #3552,"1429 Church Ave, Unit B",Newark,NJ,07170
CUST009626,World of Beer,621 Cherry Ct,Providence,RI,02933
CUST009627,Ray's Grill,"4693 Park Dr, Unit B",Indianapolis,IN,46240
CUST009628,Kroger,"7072 Sunset Ct, Suite 100",Grand Rapids,MI,49576
CUST009629,Super 8 by Wyndham Denver,"4686 Park Pkwy, #101",Denver,CO,80283
CUST009630,Romano Family Restaurant,"3229 River Ln, Unit B",Jacksonville,FL,32250
CUST009631,Old Denver Tavern,"4955 Magnolia Pl, Ste A",Denver,CO,80279
CUST009632,Courtyard by Marriott San Diego,"5280 Broad Ave, Suite 200",San Diego,CA,92135
CUST009633,Liquor Barn,"3869 Walnut Ln, Unit B",Nashville,TN,37205
CUST009634,Sam's Club,8670 Valley St,Jacksonville,FL,32258
CUST009635,CVS Pharmacy,8009 Harbor Ct,Madison,WI,53714
CUST009636,WinCo Foods,"6105 Pine Pl, Ste A",Annapolis,MD,21422
CUST009637,ampm #4406,6982 Broad Blvd,Cleveland,OH,44180
CUST009638,Days Inn by Wyndham Baltimore,"2502 River St, Suite 200",Baltimore,MD,21221
CUST009639,Circle K #4583,3140 Highland Ct,Detroit,MI,48207
CUST009640,Madison Liquors,"175 Cedar Ave, #101",Madison,WI,53769
CUST009641,Neighborhood Bar & Grill,8919 Cherry Dr,Buffalo,NY,14280
CUST009642,Carlos's Grill,9206 Oak Ave,Portland,OR,97290
CUST009643,Neighborhood Bar & Grill,1389 Walnut Ave,Wilmington,DE,19896
CUST009644,Rite Aid,"5692 Lake Ln, #101",Fargo,ND,58119
CUST009645,Marketview Liquor,"9077 Commerce Ln, Suite 100",San Francisco,CA,94159
CUST009646,Choice Hotels Comfort Inn Boston,"7567 Valley Way, #101",Boston,MA,02154
CUST009647,Discount Liquor Mart,3455 Magnolia Way,Charleston,SC,29497
CUST009648,Raley's,4292 Lake St,Pittsburgh,PA,15267
CUST009649,LongHorn Steakhouse,7411 Cherry Ln,Atlanta,GA,30367
CUST009650,The Bottle Shop,9610 Park St,Louisville,KY,40247
CUST009651,Five Guys,"1063 Harbor Ln, Suite 100",Tulsa,OK,74186
CUST009652,Best Western Plus Birmingham,"4483 Harbor St, #101",Birmingham,AL,35206
CUST009653,Mama DeLuca's Pizzeria,"8274 Lake Ct, Ste A",Burlington,VT,05415
CUST009654,Place by Hyatt Minneapolis,4370 Washington St,Minneapolis,MN,55452
CUST009655,Winn-Dixie,8810 Forest St,Charleston,SC,29465
CUST009656,Staybridge Suites by IHG Portland,"8776 Park Pl, Suite 200",Portland,OR,97200
CUST009657,Regency by Hyatt Grand Rapids,"1013 Lake Pkwy, Unit B",Grand Rapids,MI,49566
CUST009658,Detroit Wine & Spirits,1781 Market Ct,Detroit,MI,48267
CUST009659,The Draft House,7317 Broad Rd,St. Louis,MO,63105
CUST009660,Mama Martinez's,8582 Division Rd,Las Vegas,NV,89191
CUST009661,Red Robin,"3044 Harbor Ln, Ste A",Burlington,VT,05458
CUST009662,San Diego Bottle Shop,1841 Magnolia Ln,San Diego,CA,92126
CUST009663,The Cheesecake Factory,8314 Valley Rd,Los Angeles,CA,90002
CUST009664,Sonic Drive-In,4247 Bay Rd,Tulsa,OK,74192
CUST009665,Albertsons,"7263 Forest Ct, Ste A",Cleveland,OH,44173
CUST009666,Whataburger,"4184 Willow St, #101",Columbia,SC,29280
CUST009667,Lidl,"9927 Magnolia St, Unit B",Colorado Springs,CO,80950
CUST009668,Marriott Houston Downtown,"6748 Church Blvd, Suite 200",Charleston,SC,29444
CUST009669,Mama Patel's Pizzeria,"7380 Spring Rd, Suite 200",Brooklyn,NY,11245
CUST009670,Sports Page Bar,2016 Garden Rd,Baltimore,MD,21286
CUST009671,The Broken Spoke,"1191 Green Dr, #101",Salt Lake City,UT,84107
CUST009672,Chipotle Mexican Grill,2561 Garden Ct,Spokane,WA,99208
CUST009673,Marketview Liquor,"899 Sunset Blvd, Unit B",Denver,CO,80215
CUST009674,The Cheesecake Factory,"8225 Center Dr, Suite 200",Sioux Falls,SD,57118
CUST009675,Red Lobster,4745 Oak Ct,Memphis,TN,38191
CUST009676,Hooters,633 Green St,Baton Rouge,LA,70828
CUST009677,Twin Peaks,"2242 Division Pl, Suite 200",Sacramento,CA,95811
CUST009678,Cheers Bar & Grill,9079 Chestnut Ln,Grand Rapids,MI,49537
CUST009679,Five Guys,"3101 Center Ln, Ste A",New Orleans,LA,70136
CUST009680,Chen's Tavern,8082 Maple Blvd,Burlington,VT,05425
CUST009681,Total Wine & More,"2400 Division Pkwy, Ste A",Sacramento,CA,95874
CUST009682,Meijer,"1362 Valley Pkwy, Suite 100",Worcester,MA,01600
CUST009683,Perkins Restaurant,4473 Union Ct,Fargo,ND,58120
CUST009684,Cheers Bar & Grill,"4187 Meadow Pkwy, Suite 200",Los Angeles,CA,90070
CUST009685,Crowne Plaza by IHG Brooklyn,"2211 Cherry Ln, Unit B",Brooklyn,NY,11239
CUST009686,Walgreens,410 Chestnut Ave,Chicago,IL,60612
CUST009687,Costco Wholesale,"9074 Lake Rd, Unit B",Worcester,MA,01698
CUST009688,Fine Wine & Spirits,"5444 Cherry Ct, Unit B",Spokane,WA,99211
CUST009689,Texas Roadhouse,9490 Highland Ct,Charleston,SC,29453
CUST009690,Perkins Restaurant,"7698 Pine Ct, Unit B",Tampa,FL,33602
CUST009691,Ferreira Kitchen,3291 Harbor Pl,Minneapolis,MN,55474
CUST009692,Old Providence Tavern,673 Washington Dr,Providence,RI,02939
CUST009693,DoubleTree by Hilton Baltimore,"367 Cedar St, Unit B",Baltimore,MD,21212
CUST009694,The Rusty Nail,"1019 Church Pkwy, Ste A",Raleigh,NC,27624
CUST009695,Louisville Bistro,"5090 Main Pl, #101",Louisville,KY,40240
CUST009696,Dave & Maria's Steakhouse,8906 Church Rd,Baton Rouge,LA,70814
CUST009697,Sal & Joe's Steakhouse,"1288 Chestnut Rd, Ste A",Brooklyn,NY,11240
CUST009698,Courtyard by Marriott Detroit,3260 Bay Way,Detroit,MI,48224
CUST009699,Residence Inn by Marriott Little Rock,"9269 Harbor Dr, Unit B",Little Rock,AR,72297
CUST009700,Cracker Barrel,"4997 River Way, Suite 100",Miami,FL,33185
CUST009701,Food Lion,"7160 Meadow Rd, Suite 200",Baltimore,MD,21280
CUST009702,Neighborhood Bar & Grill,9118 Pine Blvd,Charleston,SC,29427
CUST009703,Providence Grill,5074 Chestnut Ct,Providence,RI,02981
CUST009704,The Park House,2541 Spring Dr,Worcester,MA,01670
CUST009705,Ritz-Carlton New Orleans,"8133 Garden Ln, Ste A",Savannah,GA,31435
CUST009706,Casey's General Store #1416,4470 Church Pl,San Francisco,CA,94163
CUST009707,The Old Hound,"2423 Division St, Suite 200",Queens,NY,11386
CUST009708,Mama Nguyen's Kitchen,7507 Pine Blvd,Cincinnati,OH,45292
CUST009709,Fine Wine & Spirits,"9071 Washington St, Ste A",Jersey City,NJ,07324
CUST009710,Central Liquors,"2781 Cedar St, Suite 100",Tucson,AZ,85754
CUST009711,Denny's,"8784 Market Ln, Suite 100",Honolulu,HI,96866
CUST009712,Chipotle Mexican Grill,2313 Magnolia Way,Houston,TX,77099
CUST009713,Whole Foods Market,8453 Highland Ave,Charlotte,NC,28226
CUST009714,Red Robin,9538 Walnut Rd,Miami,FL,33197
CUST009715,Stop & Shop,1678 Meadow Dr,Brooklyn,NY,11273
CUST009716,Red Robin,6266 Harbor Ct,Las Vegas,NV,89177
CUST009717,Golden Corral,5126 Main Way,Louisville,KY,40273
CUST009718,Grand by Hyatt Seattle,"659 Industrial Blvd, Unit B",Seattle,WA,98106
CUST009719,Providence Kitchen,"4908 Valley Blvd, Unit B",Providence,RI,02932
CUST009720,Central Liquors,"2552 Garden Way, Unit B",St. Paul,MN,55164
CUST009721,Costco Wholesale,8838 Green Way,Milwaukee,WI,53258
CUST009722,Mama Ferreira's,"8908 Lake Pkwy, Unit B",Milwaukee,WI,53201
CUST009723,Sports Page Bar,"6772 River Ave, Suite 200",Buffalo,NY,14255
CUST009724,Las Vegas Diner,"5992 Bay Way, Suite 100",Las Vegas,NV,89181
CUST009725,Stop & Shop,9234 Broad Pl,Kansas City,MO,64161
CUST009726,BevMo,"9098 Highland Ave, Unit B",Birmingham,AL,35284
CUST009727,Costco Wholesale,"4914 Church Rd, #101",Hartford,CT,06141
CUST009728,Raley's,"2981 Elm Pl, Suite 100",Birmingham,AL,35283
CUST009729,Casa Miller,2260 Broad Dr,Denver,CO,80261
CUST009730,Jackson Wine & Spirits,6215 Meadow St,Jackson,MS,39239
CUST009731,Smart & Final,"8496 Garden Rd, Suite 200",Detroit,MI,48249
CUST009732,Staybridge Suites by IHG Columbus,"2023 Hill Pl, Ste A",Columbus,OH,43284
CUST009733,Jersey City Grill,"8696 Harbor Ln, Suite 200",Jersey City,NJ,07305
CUST009734,Marco's Seafood,"5474 Magnolia Pl, Ste A",Wilmington,DE,19815
CUST009735,The Bottle Shop,"3659 Church Dr, Suite 100",St. Paul,MN,55115
CUST009736,Casa Miller,1701 Center Dr,Los Angeles,CA,90000
CUST009737,The Spokane Grille,"2879 Chestnut Pkwy, Suite 100",Spokane,WA,99223
CUST009738,Speedway #6993,7327 Sunset Ln,Omaha,NE,68147
CUST009739,Down the Hatch,"5339 Meadow Pkwy, Suite 100",Birmingham,AL,35220
CUST009740,La Quinta by Wyndham Savannah,5378 Broad Ln,Savannah,GA,31427
CUST009741,Hartford Bistro,"8225 Harbor Pkwy, Suite 100",Hartford,CT,06110
CUST009742,Boston Ale House,"6678 Bay Ct, Unit B",Boston,MA,02122
CUST009743,TGI Fridays,"6999 Spring Dr, Ste A",Milwaukee,WI,53295
CUST009744,BJ's Wholesale Club,3071 Church Rd,Omaha,NE,68138
CUST009745,Richie's Seafood,"7286 Pine Ct, Suite 200",Seattle,WA,98131
CUST009746,Food Lion,"9060 Sunset Ln, Suite 100",Albuquerque,NM,87106
CUST009747,Sal's Seafood,"4054 Church Dr, #101",San Antonio,TX,78278
CUST009748,Raley's,1432 Peach Ct,Columbus,OH,43202
CUST009749,The Wild Saddle,564 Pine Ln,Baton Rouge,LA,70806
CUST009750,Mama Smith's Pizzeria,2967 Park Ct,Madison,WI,53746
CUST009751,Liquor Barn,2316 Forest Pl,Indianapolis,IN,46257
CUST009752,Cracker Barrel,"5603 Highland Pl, #101",Wilmington,DE,19895
CUST009753,Walgreens,"2797 Green Pkwy, Ste A",Cincinnati,OH,45238
CUST009754,Ingles Markets,"1316 Harbor Rd, #101",Baltimore,MD,21244
CUST009755,Anchorage Wine & Spirits,"7437 Spring Dr, Ste A",Anchorage,AK,99573
CUST009756,Ingles Markets,5261 Oak St,Salt Lake City,UT,84129
CUST009757,Bar Louie,"4767 Highland Dr, Unit B",Jacksonville,FL,32212
CUST009758,Patel's Diner,9542 Broad Ct,Oklahoma City,OK,73175
CUST009759,Eddie's Grill,"5705 Pine Ln, Suite 100",Birmingham,AL,35201
CUST009760,Mama Rossi's Kitchen,8467 Union Ln,Charleston,SC,29459
CUST009761,In-N-Out Burger,2116 Peach Way,Providence,RI,02994
CUST009762,Winn-Dixie,"4917 Commerce Ct, Suite 200",Dallas,TX,75260
CUST009763,The Bottle Shop,"9465 Chestnut Pkwy, #101",St. Paul,MN,55100
CUST009764,The Tap & Hound,9901 Meadow Ave,Virginia Beach,VA,23482
CUST009765,Hooters,"4310 Industrial Way, #101",Brooklyn,NY,11229
CUST009766,ABC Fine Wine & Spirits,6969 Main Pkwy,Dallas,TX,75236
CUST009767,Red Robin,8503 Valley Pkwy,San Antonio,TX,78217
CUST009768,Price Chopper,"4072 Washington Dr, Suite 100",Orlando,FL,32801
CUST009769,Grand by Hyatt Milwaukee,7093 River Ln,Milwaukee,WI,53264
CUST009770,Luigi's Grill,"3155 Division Rd, Suite 200",Jacksonville,FL,32212
CUST009771,Meijer,"6046 Sunset Dr, Suite 100",Honolulu,HI,96818
CUST009772,Mike's Grill,1812 Sunset Ct,Jersey City,NJ,07377
CUST009773,Fairfield Inn by Marriott Baltimore,8954 Bay Pl,Baltimore,MD,21298
CUST009774,Choice Hotels Comfort Inn Charlotte,"8175 Market Dr, Suite 100",Charlotte,NC,28229
CUST009775,Papa Brown's,954 Center Way,Lexington,KY,40576
CUST009776,Pittsburgh Ale House,5308 Magnolia Ave,Pittsburgh,PA,15287
CUST009777,Keg Liquors,8207 Market Dr,Madison,WI,53724
CUST009778,Best Western Columbia,4208 Commerce Rd,Columbia,SC,29299
CUST009779,Mama Jones's Kitchen,"1197 Park Ave, #101",Annapolis,MD,21497
CUST009780,Waffle House,9927 Garden Ct,Eugene,OR,97442
CUST009781,Cracker Barrel,"7998 Elm Dr, Suite 200",Spokane,WA,99200
CUST009782,Smart & Final,"9678 Peach Rd, Suite 100",San Francisco,CA,94186
CUST009783,The DeLuca House,"6422 Green Ln, Suite 100",Madison,WI,53758
CUST009784,Whole Foods Market,"5017 Union Rd, Suite 200",St. Louis,MO,63177
CUST009785,Stater Bros.,9548 Green Ct,Sacramento,CA,95898
CUST009786,Marketview Liquor,8138 Valley Ln,Newark,NJ,07117
CUST009787,Piggly Wiggly,1851 Forest Blvd,Boston,MA,02196
CUST009788,Queens Diner,"2835 Division Ct, #101",Queens,NY,11360
CUST009789,Down the Hatch,"8351 Church Ave, Ste A",Salt Lake City,UT,84181
CUST009790,Speedway #9629,8587 Market Rd,Honolulu,HI,96899
CUST009791,Sheetz #9871,"6339 Walnut Pkwy, Suite 200",Milwaukee,WI,53214
CUST009792,Sheetz #4205,"5713 Cherry Ave, Unit B",Fort Worth,TX,76128
CUST009793,Dave & Buster's,"5817 Highland Blvd, #101",Wilmington,DE,19834
CUST009794,Casa Garcia,"5725 Peach Ave, Ste A",Milwaukee,WI,53241
CUST009795,Spokane Diner,5065 River Pl,Spokane,WA,99282
CUST009796,Smith's Pub,"1133 Center Pl, Suite 100",Chicago,IL,60685
CUST009797,Five Guys,"8850 Pine Way, Unit B",Hartford,CT,06135
CUST009798,CVS Pharmacy,"1555 Washington St, Ste A",Minneapolis,MN,55408
CUST009799,Marketview Liquor,"4600 Market Blvd, Ste A",Jersey City,NJ,07308
CUST009800,LongHorn Steakhouse,"1277 Main Ct, #101",Birmingham,AL,35258
CUST009801,Homewood Suites by Hilton Anchorage,"1992 Commerce Rd, Ste A",Anchorage,AK,99543
CUST009802,Outback Steakhouse,"1435 Main Rd, #101",Cincinnati,OH,45265
CUST009803,The Esposito House,"3523 Valley Ln, Unit B",Columbia,SC,29222
CUST009804,Casa Romano,"333 Broad Blvd, Suite 200",Worcester,MA,01668
CUST009805,GetGo #8018,271 Washington Ct,Grand Rapids,MI,49500
CUST009806,Dave & Buster's,"6032 Market Pkwy, Unit B",Miami,FL,33107
CUST009807,DeLuca's Liquor Store,"2396 Lake Ave, Suite 100",Columbia,SC,29241
CUST009808,Waffle House,7788 Hill St,Brooklyn,NY,11245
CUST009809,Place by Hyatt Tulsa,6617 Forest Pkwy,Tulsa,OK,74199
CUST009810,Davis Kitchen,"1496 Pine St, Suite 200",Grand Rapids,MI,49590
CUST009811,The Cheesecake Factory,5707 Spring Dr,Lexington,KY,40557
CUST009812,Park's BBQ,"7809 Forest Ave, Ste A",Detroit,MI,48264
CUST009813,Circle K #3263,5104 Park St,Oklahoma City,OK,73121
CUST009814,Love's Travel Stop #4993,"6872 River Ave, Suite 200",Tampa,FL,33600
CUST009815,The Bull & Eagle,"9316 River Pkwy, Unit B",Fort Worth,TX,76191
CUST009816,Bar Louie,"9069 Broad Rd, #101",Chicago,IL,60638
CUST009817,Safeway,9827 Cedar Rd,Lexington,KY,40500
CUST009818,DoubleTree by Hilton St. Paul,"1667 Main Pkwy, Ste A",St. Paul,MN,55118
CUST009819,Shake Shack,"952 Spring Ave, #101",Philadelphia,PA,19178
CUST009820,Omni Dallas Hotel,"2855 Main Pl, #101",Anchorage,AK,99526
CUST009821,Tony's Bar & Grill,9004 Peach Blvd,Orlando,FL,32889
CUST009822,Days Inn by Wyndham Wilmington,"3582 Park Pl, Suite 100",Wilmington,DE,19840
CUST009823,Five Guys,579 Walnut Ct,New Orleans,LA,70189
CUST009824,Sunset Lounge,"6506 Park Ln, Suite 200",Queens,NY,11352
CUST009825,Best Western Premier Wilmington,8077 Meadow Pl,Wilmington,DE,19871
CUST009826,Buffalo Ale House,"7632 Cherry Pl, #101",Buffalo,NY,14259
CUST009827,Bob Evans,"2215 Pine St, Suite 200",Detroit,MI,48208
CUST009828,Twin Peaks,"8962 Union Ct, #101",Charlotte,NC,28210
CUST009829,Sam's Club,"153 Highland Ln, Suite 200",Buffalo,NY,14252
CUST009830,Total Spirits Annapolis,"9566 Forest Way, Suite 200",Annapolis,MD,21419
CUST009831,Spec's Liquor,"9099 Garden Ct, Suite 100",Kansas City,MO,64156
CUST009832,Walgreens,4382 Walnut Dr,Springfield,IL,62780
CUST009833,Keg Liquors,9440 Industrial Pl,Grand Rapids,MI,49543
CUST009834,Raley's,"3931 Washington Blvd, #101",Austin,TX,78755
CUST009835,Meijer,4764 Forest St,Burlington,VT,05414
CUST009836,Four Seasons Miami,"1525 Market Ct, Unit B",Richmond,VA,23203
CUST009837,Garden Inn by Hilton Tulsa,4652 River Blvd,Tulsa,OK,74167
CUST009838,Casa Williams,2501 Park Way,Chicago,IL,60685
CUST009839,Smith's Tavern,"438 Union Dr, Suite 200",Lexington,KY,40594
CUST009840,The Indianapolis Grille,"1058 Garden Ln, Suite 100",Indianapolis,IN,46289
CUST009841,Garden Inn by Hilton Hartford,7323 Cedar Blvd,Hartford,CT,06198
CUST009842,Stater Bros.,3084 Green Blvd,Atlanta,GA,30303
CUST009843,Meijer,"2694 Maple St, Suite 100",Los Angeles,CA,90068
CUST009844,Brown's BBQ,"1327 Cedar Dr, Suite 200",Atlanta,GA,30335
CUST009845,Casa Rossi,5742 Magnolia Ct,Jacksonville,FL,32292
CUST009846,Price Chopper,9615 Peach Ct,Baton Rouge,LA,70863
CUST009847,7-Eleven Store #4924,"2217 Pine Blvd, Suite 200",Houston,TX,77064
CUST009848,Applebee's,"8557 Cherry Ave, Suite 200",Birmingham,AL,35221
CUST009849,Staybridge Suites by IHG Burlington,2252 Maple Way,Burlington,VT,05433
CUST009850,Holiday Inn Express Boston,"9478 Cedar Pl, Suite 100",Fargo,ND,58159
CUST009851,Lidl,"8136 Industrial Pl, #101",Queens,NY,11341
CUST009852,Kansas City Kitchen,3512 River Rd,Kansas City,MO,64187
CUST009853,The Rusty Nail,"2215 Park Ln, Ste A",Portland,OR,97285
CUST009854,Doubletree by Hilton Seattle,"1294 Peach St, Unit B",Jersey City,NJ,07384
CUST009855,The Tap Room,4699 Peach Ln,Memphis,TN,38117
CUST009856,Waffle House,"8586 Center Ln, Unit B",Madison,WI,53703
CUST009857,Publix,"6070 Church Pl, Ste A",Springfield,IL,62772
CUST009858,Neighborhood Bar & Grill,9844 Maple St,Buffalo,NY,14254
CUST009859,Jackson Tap Room,3867 Valley Ln,Jackson,MS,39274
CUST009860,Holiday Inn Express by IHG Honolulu,"1610 Main Blvd, Ste A",Honolulu,HI,96887
CUST009861,Safeway,8414 Cherry Ct,Salt Lake City,UT,84147
CUST009862,Chipotle Mexican Grill,"2661 Willow Pl, Suite 100",Tampa,FL,33653
CUST009863,Radisson Hartford,"6952 Washington Dr, #101",Hartford,CT,06108
CUST009864,Red Lobster,"8263 Main Ln, Ste A",Las Vegas,NV,89194
CUST009865,P.F. Chang's,"7451 Main St, Suite 100",Honolulu,HI,96890
CUST009866,Jim's Bar & Grill,"1772 Meadow Ct, Suite 200",Omaha,NE,68100
CUST009867,Neighborhood Bar & Grill,7983 Sunset Blvd,Newark,NJ,07107
CUST009868,Bob Evans,"3981 Meadow Ave, Unit B",Denver,CO,80245
CUST009869,Twin Peaks,2078 Highland St,Albuquerque,NM,87103
CUST009870,Ingles Markets,6942 Harbor Pkwy,Worcester,MA,01638
CUST009871,WinCo Foods,4793 Park Pl,San Diego,CA,92169
CUST009872,Jackson Bistro,2920 Chestnut Way,Jackson,MS,39232
CUST009873,Springhill Suites by Marriott Baton Rouge,"1815 Chestnut Ln, #101",Baton Rouge,LA,70818
CUST009874,Olive Garden,5667 Church Blvd,Spokane,WA,99250
CUST009875,Yard House,7764 Broad St,Omaha,NE,68180
CUST009876,The Wolf & Crow,"1525 Market Blvd, Ste A",Jacksonville,FL,32247
CUST009877,Buffalo Wild Wings,"6089 Cedar Ct, Suite 200",Denver,CO,80200
CUST009878,Chen Kitchen,"1058 Center Blvd, Unit B",San Francisco,CA,94176
CUST009879,Holiday Inn by IHG Buffalo,1128 Cherry Dr,Buffalo,NY,14267
CUST009880,Red by Radisson Detroit,"3463 Oak Pkwy, Suite 100",Detroit,MI,48249
CUST009881,The Draft House,"4383 Park Way, #101",Columbia,SC,29241
CUST009882,Safeway,"5026 Sunset Ln, Ste A",San Francisco,CA,94109
CUST009883,Liquor Barn,5949 Willow Pl,Austin,TX,78788
CUST009884,Costco Wholesale,"7536 Park Pl, Ste A",Fort Worth,TX,76186
CUST009885,Garcia Kitchen,"9645 Park St, #101",Wilmington,DE,19888
CUST009886,Mama Davis's Kitchen,4565 Industrial Ave,Annapolis,MD,21458
CUST009887,Applebee's,8241 Valley Blvd,Milwaukee,WI,53277
CUST009888,Madison Liquors,3403 Elm Ave,Madison,WI,53726
CUST009889,Springfield Bottle Shop,"6359 Division Ct, Unit B",Springfield,IL,62733
CUST009890,Houston Bottle Shop,299 Cherry St,Houston,TX,77036
CUST009891,The Rusty Wolf,5884 Maple Ave,Queens,NY,11350
CUST009892,Wingstop,"5340 Church Blvd, Ste A",Las Vegas,NV,89180
CUST009893,Twin Peaks,458 Commerce Rd,Newark,NJ,07156
CUST009894,Pilot Flying J #878,6773 Industrial Pkwy,Providence,RI,02924
CUST009895,Binny's Beverage Depot,"3414 Chestnut Pl, #101",Virginia Beach,VA,23435
CUST009896,Ray's Bar & Grill,"4398 Washington Way, Suite 200",Reno,NV,89569
CUST009897,Al's Seafood,3884 Bay Rd,Albuquerque,NM,87110
CUST009898,Mama Johnson's Kitchen,4761 Cedar Blvd,Tulsa,OK,74112
CUST009899,Hartford Brewing Co.,5647 Oak St,Hartford,CT,06101
CUST009900,BevMo,5751 Chestnut Ct,Orlando,FL,32898
CUST009901,The Rusty Nail,"4870 Garden St, Suite 100",Birmingham,AL,35283
CUST009902,Pilot Flying J #7962,2972 Chestnut Ct,Detroit,MI,48207
CUST009903,Stater Bros.,"8327 Pine Rd, #101",Cincinnati,OH,45283
CUST009904,Yard House,"4852 Center Pkwy, Unit B",Tucson,AZ,85740
CUST009905,The Cheesecake Factory,"8247 Pine Pl, Suite 100",Milwaukee,WI,53266
CUST009906,Red Lobster,5812 Washington Ave,Fort Worth,TX,76185
CUST009907,Place by Hyatt Burlington,7364 Highland Pkwy,Burlington,VT,05458
CUST009908,Hy-Vee,5974 Bay Way,Detroit,MI,48224
CUST009909,Outback Steakhouse,8822 Division Blvd,Milwaukee,WI,53244
CUST009910,Trader Joe's,"1430 Cherry Ln, Unit B",Queens,NY,11343
CUST009911,Mama Martinez's Kitchen,5700 Harbor Ln,Richmond,VA,23217
CUST009912,BevMo,"5754 Walnut Way, #101",Sacramento,CA,95849
CUST009913,Choice Hotels Quality Inn Baltimore,9109 Sunset Pl,Baltimore,MD,21223
CUST009914,Tony's Seafood,7171 Green Pkwy,Nashville,TN,37250
CUST009915,Central Liquors,1290 Lake Pl,Memphis,TN,38109
CUST009916,Denny's,"2472 Peach Blvd, Unit B",Jacksonville,FL,32286
CUST009917,Mama Ferreira's Kitchen,3731 Highland St,Cleveland,OH,44187
CUST009918,Shake Shack,9359 Forest Pkwy,Chicago,IL,60639
CUST009919,HEB,"244 Lake St, Ste A",New York,NY,10065
CUST009920,Panera Bread,"7291 Elm Pkwy, Suite 100",Detroit,MI,48267
CUST009921,Red Lobster,"7032 Elm St, #101",Charlotte,NC,28295
CUST009922,Sports Page Bar,"2663 Commerce Pl, Suite 100",Charlotte,NC,28241
CUST009923,Albertsons,"1762 Cherry Ave, Ste A",Buffalo,NY,14259
CUST009924,Hooters,"6477 Meadow Blvd, Suite 100",Reno,NV,89546
CUST009925,Hy-Vee,"7439 Division Pkwy, Suite 100",Colorado Springs,CO,80921
CUST009926,Raising Cane's,986 Cedar Ave,Dallas,TX,75218
CUST009927,Denny's,"5657 Cherry Pkwy, Unit B",Albuquerque,NM,87162
CUST009928,The Eagle & Keg,"9796 Division Blvd, Suite 200",Burlington,VT,05434
CUST009929,Central Liquors,"7538 Broad Ln, Unit B",Atlanta,GA,30320
CUST009930,Sonic Drive-In,"2568 Willow Ln, #101",Austin,TX,78725
CUST009931,In-N-Out Burger,2817 Cedar Pl,Columbia,SC,29295
CUST009932,Place by Hyatt San Antonio,3025 Valley Rd,San Antonio,TX,78256
CUST009933,Keg Liquors,9486 Willow St,Phoenix,AZ,85056
CUST009934,Speedway #6424,"884 Spring St, Suite 200",Jersey City,NJ,07398
CUST009935,LongHorn Steakhouse,4227 River Ln,San Antonio,TX,78297
CUST009936,Red by Radisson St. Louis,"189 Sunset Blvd, Suite 100",St. Louis,MO,63189
CUST009937,Sam's Club,6557 Spring Rd,Houston,TX,77032
CUST009938,Chris & Sam's Steakhouse,6002 Pine Ct,Colorado Springs,CO,80924
CUST009939,Albertsons,6326 Sunset Rd,Fargo,ND,58160
CUST009940,Philadelphia Taproom,"625 Washington St, Suite 200",Philadelphia,PA,19131
CUST009941,Central Liquors,"1653 Washington St, Suite 200",Cincinnati,OH,45240
CUST009942,Rosa's Bar & Grill,"9361 Union Ct, Unit B",Hartford,CT,06145
CUST009943,Rosa's Bar & Grill,8136 Market Way,Fort Worth,TX,76196
CUST009944,Patel's BBQ,"4687 Elm St, Suite 100",Raleigh,NC,27687
CUST009945,Olive Garden,5958 Chestnut Ave,Virginia Beach,VA,23431
CUST009946,Holiday Inn by IHG Minneapolis,319 Garden Ln,Minneapolis,MN,55485
CUST009947,Choice Hotels Comfort Inn Worcester,6975 Willow St,Worcester,MA,01681
CUST009948,Neighborhood Bar & Grill,"9897 Park Ct, Unit B",Colorado Springs,CO,80949
CUST009949,Premier Wine & Spirits,777 Forest Dr,Virginia Beach,VA,23470
CUST009950,Holiday Inn Express by IHG Burlington,"6125 Chestnut Way, Ste A",Burlington,VT,05477
CUST009951,The Broken Spoke,5909 Magnolia Ave,Orlando,FL,32846
CUST009952,ampm #7392,7463 Magnolia Pl,Detroit,MI,48253
CUST009953,Raley's,9980 Commerce Dr,Eugene,OR,97447
CUST009954,Corner Pocket Billiards & Bar,"9885 Pine Ln, Suite 200",Salt Lake City,UT,84166
CUST009955,Blu by Radisson Sioux Falls,"5483 Main Way, Ste A",Sioux Falls,SD,57190
CUST009956,Publix,8692 Bay Ave,Brooklyn,NY,11203
CUST009957,Corner Pocket Billiards & Bar,"780 Market Way, Unit B",Sioux Falls,SD,57148
CUST009958,Chipotle Mexican Grill,"6443 Commerce Pl, Suite 100",Chicago,IL,60659
CUST009959,Mama Davis's Pizzeria,"234 Church Way, #101",Tucson,AZ,85762
CUST009960,Chipotle Mexican Grill,6516 Maple St,Kansas City,MO,64128
CUST009961,Five Guys,6741 Bay Blvd,Reno,NV,89591
CUST009962,Red Robin,2878 Market Rd,Madison,WI,53761
CUST009963,Papa Williams's,8636 River Rd,Cleveland,OH,44181
CUST009964,Old Los Angeles Tavern,"1526 Washington Pkwy, Suite 200",Los Angeles,CA,90027
CUST009965,Walgreens,"2561 Harbor Dr, #101",Pittsburgh,PA,15251
CUST009966,P.F. Chang's,"3464 Meadow Ave, Suite 100",Worcester,MA,01689
CUST009967,Sunset Lounge,6672 Main Dr,Minneapolis,MN,55416
CUST009968,Mama Nguyen's Pizzeria,1818 Meadow St,Springfield,IL,62760
CUST009969,Kwik Trip #7807,"816 Hill Way, Unit B",Little Rock,AR,72234
CUST009970,Kwik Trip #6323,"7208 Main St, Suite 200",Wilmington,DE,19816
CUST009971,Davis's Tavern,"943 Green Way, Suite 100",Raleigh,NC,27689
CUST009972,Martinez's BBQ,"9699 Green Way, Suite 200",Baltimore,MD,21208
CUST009973,Kansas City Grill,9879 River Rd,Kansas City,MO,64136
CUST009974,Marketview Liquor,454 Center St,San Diego,CA,92170
CUST009975,Salt Lake City Bistro,7009 Meadow Rd,Salt Lake City,UT,84158
CUST009976,LongHorn Steakhouse,"1102 Oak Blvd, Suite 100",Little Rock,AR,72209
CUST009977,Total Spirits Fargo,9185 Main Rd,Fargo,ND,58126
CUST009978,Speedway #1040,7940 Cedar Ave,Springfield,IL,62712
CUST009979,Omni Dallas Hotel,6568 Maple Way,Baton Rouge,LA,70894
CUST009980,Cheers Bar & Grill,2356 Division Ln,New Orleans,LA,70177
CUST009981,Rite Aid,"8666 Church Rd, Ste A",Pittsburgh,PA,15289
CUST009982,Indianapolis Tap Room,9317 Oak Ave,Indianapolis,IN,46224
CUST009983,The Wild Wolf,"1980 Hill St, Ste A",Columbus,OH,43289
CUST009984,Memphis Wine & Spirits,7816 Highland Ave,Memphis,TN,38168
CUST009985,Central Liquors,"568 Magnolia Ln, Suite 100",Los Angeles,CA,90006
CUST009986,Steak 'n Shake,"1534 Cedar Pl, Suite 200",Louisville,KY,40221
CUST009987,World of Beer,"855 Bay Ave, Suite 200",Oklahoma City,OK,73149
CUST009988,Albertsons,7069 Cherry Blvd,Detroit,MI,48290
CUST009989,Yard House,"6853 River Pl, Unit B",Brooklyn,NY,11236
CUST009990,Whataburger,"1720 Garden Blvd, Suite 200",Buffalo,NY,14228
CUST009991,Stop & Shop,6753 Division Blvd,Sioux Falls,SD,57132
CUST009992,Homewood Suites by Hilton Queens,4327 Elm Ln,Queens,NY,11358
CUST009993,Dallas Kitchen,"6388 Elm Way, Suite 200",Dallas,TX,75244
CUST009994,Bar Louie,8508 Industrial Ct,Columbia,SC,29271
CUST009995,Mama Park's Pizzeria,"1610 Magnolia Pkwy, Suite 100",Springfield,IL,62737
CUST009996,Dallas Ale House,1965 Washington Ln,Dallas,TX,75287
CUST009997,Grand by Hyatt Charlotte,"7239 Peach Way, #101",Charlotte,NC,28236
CUST009998,Papa Davis's,8164 Valley Rd,Grand Rapids,MI,49516
CUST009999,Punch Bowl Social,4156 Cherry St,Spokane,WA,99252
CUST010000,Carlos & Carlos's Steakhouse,6889 Bay Ct,Salt Lake City,UT,84169
